re_index,qs [m**3/s],T_s [s]
0,-5.00E-08,1750.009
221,-9.31E-06,1794.209
799,-1.90E-05,1909.809
1649,-3.42E-05,2079.809
2050,-6.77E-05,2160.009
2904,-0.000101353,2330.809
3402,-0.000133182,2430.409
3839,0.00E+00,2517.809
