dependency_type,file,reference,status,resolved_path,notes
project_mesh,02_full_DFNM_reference/yangyi_actual_ops_after20190113_outlier_checked.prj,input_mesh/reservoir_with_lowres.vtu,found_project_directory,02_full_DFNM_reference/input_mesh/reservoir_with_lowres.vtu,
project_mesh,02_full_DFNM_reference/yangyi_actual_ops_after20190113_outlier_checked.prj,input_mesh/yangyi_face_y_max.vtu,found_project_directory,02_full_DFNM_reference/input_mesh/yangyi_face_y_max.vtu,
project_mesh,02_full_DFNM_reference/yangyi_actual_ops_after20190113_outlier_checked.prj,input_mesh/yangyi_face_y_min.vtu,found_project_directory,02_full_DFNM_reference/input_mesh/yangyi_face_y_min.vtu,
project_mesh,02_full_DFNM_reference/yangyi_actual_ops_after20190113_outlier_checked.prj,input_mesh/yangyi_face_x_max.vtu,found_project_directory,02_full_DFNM_reference/input_mesh/yangyi_face_x_max.vtu,
project_mesh,02_full_DFNM_reference/yangyi_actual_ops_after20190113_outlier_checked.prj,input_mesh/yangyi_face_x_min.vtu,found_project_directory,02_full_DFNM_reference/input_mesh/yangyi_face_x_min.vtu,
project_mesh,02_full_DFNM_reference/yangyi_actual_ops_after20190113_outlier_checked.prj,input_mesh/yangyi_face_z_max.vtu,found_project_directory,02_full_DFNM_reference/input_mesh/yangyi_face_z_max.vtu,
project_mesh,02_full_DFNM_reference/yangyi_actual_ops_after20190113_outlier_checked.prj,input_mesh/yangyi_face_z_min.vtu,found_project_directory,02_full_DFNM_reference/input_mesh/yangyi_face_z_min.vtu,
project_mesh,02_full_DFNM_reference/yangyi_actual_ops_after20190113_outlier_checked.prj,source_terms/ZK403_single_source_sink_bulk_node.vtu,found_project_directory,02_full_DFNM_reference/source_terms/ZK403_single_source_sink_bulk_node.vtu,
project_mesh,02_full_DFNM_reference/yangyi_actual_ops_after20190113_outlier_checked.prj,source_terms/ZK208_single_source_sink_bulk_node.vtu,found_project_directory,02_full_DFNM_reference/source_terms/ZK208_single_source_sink_bulk_node.vtu,
project_mesh,02_full_DFNM_reference/yangyi_actual_ops_after20190113_outlier_checked.prj,source_terms/ZK203_single_source_sink_bulk_node.vtu,found_project_directory,02_full_DFNM_reference/source_terms/ZK203_single_source_sink_bulk_node.vtu,
project_mesh,02_full_DFNM_reference/yangyi_actual_ops_after20190113_outlier_checked.prj,monitoring/recommended_monitoring_bulk_nodes_all7_ZK501_bedrock.vtu,found_project_directory,02_full_DFNM_reference/monitoring/recommended_monitoring_bulk_nodes_all7_ZK501_bedrock.vtu,
project_mesh,03_DFN_LRZ_calibration/c1_k9_2e-11_k10_4e-13_200d.prj,input_mesh/reservoir_with_lowres.vtu,found_project_directory,03_DFN_LRZ_calibration/input_mesh/reservoir_with_lowres.vtu,
project_mesh,03_DFN_LRZ_calibration/c1_k9_2e-11_k10_4e-13_200d.prj,source_terms/ZK403_single_source_sink_bulk_node.vtu,found_project_directory,03_DFN_LRZ_calibration/source_terms/ZK403_single_source_sink_bulk_node.vtu,
project_mesh,03_DFN_LRZ_calibration/c1_k9_2e-11_k10_4e-13_200d.prj,source_terms/ZK208_single_source_sink_bulk_node.vtu,found_project_directory,03_DFN_LRZ_calibration/source_terms/ZK208_single_source_sink_bulk_node.vtu,
project_mesh,03_DFN_LRZ_calibration/c1_k9_2e-11_k10_4e-13_200d.prj,source_terms/ZK203_single_source_sink_bulk_node.vtu,found_project_directory,03_DFN_LRZ_calibration/source_terms/ZK203_single_source_sink_bulk_node.vtu,
project_mesh,03_DFN_LRZ_calibration/random_wellhead_calibration/best_calibrated.prj,input_mesh/reservoir_with_lowres.vtu,found_ancestor_working_directory,03_DFN_LRZ_calibration/input_mesh/reservoir_with_lowres.vtu,Nested calibration projects must be launched from their category root.
project_mesh,03_DFN_LRZ_calibration/random_wellhead_calibration/best_calibrated.prj,source_terms/ZK403_single_source_sink_bulk_node.vtu,found_ancestor_working_directory,03_DFN_LRZ_calibration/source_terms/ZK403_single_source_sink_bulk_node.vtu,Nested calibration projects must be launched from their category root.
project_mesh,03_DFN_LRZ_calibration/random_wellhead_calibration/best_calibrated.prj,source_terms/ZK208_single_source_sink_bulk_node.vtu,found_ancestor_working_directory,03_DFN_LRZ_calibration/source_terms/ZK208_single_source_sink_bulk_node.vtu,Nested calibration projects must be launched from their category root.
project_mesh,03_DFN_LRZ_calibration/random_wellhead_calibration/best_calibrated.prj,source_terms/ZK203_single_source_sink_bulk_node.vtu,found_ancestor_working_directory,03_DFN_LRZ_calibration/source_terms/ZK203_single_source_sink_bulk_node.vtu,Nested calibration projects must be launched from their category root.
project_mesh,03_DFN_LRZ_calibration/random_wellhead_calibration/joint_downhole_head_calibration/best_joint_calibrated.prj,input_mesh/reservoir_with_lowres.vtu,found_ancestor_working_directory,03_DFN_LRZ_calibration/input_mesh/reservoir_with_lowres.vtu,Nested calibration projects must be launched from their category root.
project_mesh,03_DFN_LRZ_calibration/random_wellhead_calibration/joint_downhole_head_calibration/best_joint_calibrated.prj,source_terms/ZK403_single_source_sink_bulk_node.vtu,found_ancestor_working_directory,03_DFN_LRZ_calibration/source_terms/ZK403_single_source_sink_bulk_node.vtu,Nested calibration projects must be launched from their category root.
project_mesh,03_DFN_LRZ_calibration/random_wellhead_calibration/joint_downhole_head_calibration/best_joint_calibrated.prj,source_terms/ZK208_single_source_sink_bulk_node.vtu,found_ancestor_working_directory,03_DFN_LRZ_calibration/source_terms/ZK208_single_source_sink_bulk_node.vtu,Nested calibration projects must be launched from their category root.
project_mesh,03_DFN_LRZ_calibration/random_wellhead_calibration/joint_downhole_head_calibration/best_joint_calibrated.prj,source_terms/ZK203_single_source_sink_bulk_node.vtu,found_ancestor_working_directory,03_DFN_LRZ_calibration/source_terms/ZK203_single_source_sink_bulk_node.vtu,Nested calibration projects must be launched from their category root.
project_mesh,03_DFN_LRZ_calibration/random_wellhead_calibration/joint_downhole_head_calibration/head_refinement/best_joint_calibrated.prj,input_mesh/reservoir_with_lowres.vtu,found_ancestor_working_directory,03_DFN_LRZ_calibration/input_mesh/reservoir_with_lowres.vtu,Nested calibration projects must be launched from their category root.
project_mesh,03_DFN_LRZ_calibration/random_wellhead_calibration/joint_downhole_head_calibration/head_refinement/best_joint_calibrated.prj,source_terms/ZK403_single_source_sink_bulk_node.vtu,found_ancestor_working_directory,03_DFN_LRZ_calibration/source_terms/ZK403_single_source_sink_bulk_node.vtu,Nested calibration projects must be launched from their category root.
project_mesh,03_DFN_LRZ_calibration/random_wellhead_calibration/joint_downhole_head_calibration/head_refinement/best_joint_calibrated.prj,source_terms/ZK208_single_source_sink_bulk_node.vtu,found_ancestor_working_directory,03_DFN_LRZ_calibration/source_terms/ZK208_single_source_sink_bulk_node.vtu,Nested calibration projects must be launched from their category root.
project_mesh,03_DFN_LRZ_calibration/random_wellhead_calibration/joint_downhole_head_calibration/head_refinement/best_joint_calibrated.prj,source_terms/ZK203_single_source_sink_bulk_node.vtu,found_ancestor_working_directory,03_DFN_LRZ_calibration/source_terms/ZK203_single_source_sink_bulk_node.vtu,Nested calibration projects must be launched from their category root.
project_mesh,03_DFN_LRZ_calibration/random_wellhead_calibration/joint_downhole_head_calibration/head_refinement/projects/baseline_000.prj,input_mesh/reservoir_with_lowres.vtu,found_ancestor_working_directory,03_DFN_LRZ_calibration/input_mesh/reservoir_with_lowres.vtu,Nested calibration projects must be launched from their category root.
project_mesh,03_DFN_LRZ_calibration/random_wellhead_calibration/joint_downhole_head_calibration/head_refinement/projects/baseline_000.prj,source_terms/ZK403_single_source_sink_bulk_node.vtu,found_ancestor_working_directory,03_DFN_LRZ_calibration/source_terms/ZK403_single_source_sink_bulk_node.vtu,Nested calibration projects must be launched from their category root.
project_mesh,03_DFN_LRZ_calibration/random_wellhead_calibration/joint_downhole_head_calibration/head_refinement/projects/baseline_000.prj,source_terms/ZK208_single_source_sink_bulk_node.vtu,found_ancestor_working_directory,03_DFN_LRZ_calibration/source_terms/ZK208_single_source_sink_bulk_node.vtu,Nested calibration projects must be launched from their category root.
project_mesh,03_DFN_LRZ_calibration/random_wellhead_calibration/joint_downhole_head_calibration/head_refinement/projects/baseline_000.prj,source_terms/ZK203_single_source_sink_bulk_node.vtu,found_ancestor_working_directory,03_DFN_LRZ_calibration/source_terms/ZK203_single_source_sink_bulk_node.vtu,Nested calibration projects must be launched from their category root.
project_mesh,03_DFN_LRZ_calibration/random_wellhead_calibration/joint_downhole_head_calibration/head_refinement/projects/informed_001.prj,input_mesh/reservoir_with_lowres.vtu,found_ancestor_working_directory,03_DFN_LRZ_calibration/input_mesh/reservoir_with_lowres.vtu,Nested calibration projects must be launched from their category root.
project_mesh,03_DFN_LRZ_calibration/random_wellhead_calibration/joint_downhole_head_calibration/head_refinement/projects/informed_001.prj,source_terms/ZK403_single_source_sink_bulk_node.vtu,found_ancestor_working_directory,03_DFN_LRZ_calibration/source_terms/ZK403_single_source_sink_bulk_node.vtu,Nested calibration projects must be launched from their category root.
project_mesh,03_DFN_LRZ_calibration/random_wellhead_calibration/joint_downhole_head_calibration/head_refinement/projects/informed_001.prj,source_terms/ZK208_single_source_sink_bulk_node.vtu,found_ancestor_working_directory,03_DFN_LRZ_calibration/source_terms/ZK208_single_source_sink_bulk_node.vtu,Nested calibration projects must be launched from their category root.
project_mesh,03_DFN_LRZ_calibration/random_wellhead_calibration/joint_downhole_head_calibration/head_refinement/projects/informed_001.prj,source_terms/ZK203_single_source_sink_bulk_node.vtu,found_ancestor_working_directory,03_DFN_LRZ_calibration/source_terms/ZK203_single_source_sink_bulk_node.vtu,Nested calibration projects must be launched from their category root.
project_mesh,03_DFN_LRZ_calibration/random_wellhead_calibration/joint_downhole_head_calibration/head_refinement/projects/joint_001.prj,input_mesh/reservoir_with_lowres.vtu,found_ancestor_working_directory,03_DFN_LRZ_calibration/input_mesh/reservoir_with_lowres.vtu,Nested calibration projects must be launched from their category root.
project_mesh,03_DFN_LRZ_calibration/random_wellhead_calibration/joint_downhole_head_calibration/head_refinement/projects/joint_001.prj,source_terms/ZK403_single_source_sink_bulk_node.vtu,found_ancestor_working_directory,03_DFN_LRZ_calibration/source_terms/ZK403_single_source_sink_bulk_node.vtu,Nested calibration projects must be launched from their category root.
project_mesh,03_DFN_LRZ_calibration/random_wellhead_calibration/joint_downhole_head_calibration/head_refinement/projects/joint_001.prj,source_terms/ZK208_single_source_sink_bulk_node.vtu,found_ancestor_working_directory,03_DFN_LRZ_calibration/source_terms/ZK208_single_source_sink_bulk_node.vtu,Nested calibration projects must be launched from their category root.
project_mesh,03_DFN_LRZ_calibration/random_wellhead_calibration/joint_downhole_head_calibration/head_refinement/projects/joint_001.prj,source_terms/ZK203_single_source_sink_bulk_node.vtu,found_ancestor_working_directory,03_DFN_LRZ_calibration/source_terms/ZK203_single_source_sink_bulk_node.vtu,Nested calibration projects must be launched from their category root.
project_mesh,03_DFN_LRZ_calibration/random_wellhead_calibration/joint_downhole_head_calibration/head_refinement/projects/joint_002.prj,input_mesh/reservoir_with_lowres.vtu,found_ancestor_working_directory,03_DFN_LRZ_calibration/input_mesh/reservoir_with_lowres.vtu,Nested calibration projects must be launched from their category root.
project_mesh,03_DFN_LRZ_calibration/random_wellhead_calibration/joint_downhole_head_calibration/head_refinement/projects/joint_002.prj,source_terms/ZK403_single_source_sink_bulk_node.vtu,found_ancestor_working_directory,03_DFN_LRZ_calibration/source_terms/ZK403_single_source_sink_bulk_node.vtu,Nested calibration projects must be launched from their category root.
project_mesh,03_DFN_LRZ_calibration/random_wellhead_calibration/joint_downhole_head_calibration/head_refinement/projects/joint_002.prj,source_terms/ZK208_single_source_sink_bulk_node.vtu,found_ancestor_working_directory,03_DFN_LRZ_calibration/source_terms/ZK208_single_source_sink_bulk_node.vtu,Nested calibration projects must be launched from their category root.
project_mesh,03_DFN_LRZ_calibration/random_wellhead_calibration/joint_downhole_head_calibration/head_refinement/projects/joint_002.prj,source_terms/ZK203_single_source_sink_bulk_node.vtu,found_ancestor_working_directory,03_DFN_LRZ_calibration/source_terms/ZK203_single_source_sink_bulk_node.vtu,Nested calibration projects must be launched from their category root.
project_mesh,03_DFN_LRZ_calibration/random_wellhead_calibration/joint_downhole_head_calibration/head_refinement/projects/joint_003.prj,input_mesh/reservoir_with_lowres.vtu,found_ancestor_working_directory,03_DFN_LRZ_calibration/input_mesh/reservoir_with_lowres.vtu,Nested calibration projects must be launched from their category root.
project_mesh,03_DFN_LRZ_calibration/random_wellhead_calibration/joint_downhole_head_calibration/head_refinement/projects/joint_003.prj,source_terms/ZK403_single_source_sink_bulk_node.vtu,found_ancestor_working_directory,03_DFN_LRZ_calibration/source_terms/ZK403_single_source_sink_bulk_node.vtu,Nested calibration projects must be launched from their category root.
project_mesh,03_DFN_LRZ_calibration/random_wellhead_calibration/joint_downhole_head_calibration/head_refinement/projects/joint_003.prj,source_terms/ZK208_single_source_sink_bulk_node.vtu,found_ancestor_working_directory,03_DFN_LRZ_calibration/source_terms/ZK208_single_source_sink_bulk_node.vtu,Nested calibration projects must be launched from their category root.
project_mesh,03_DFN_LRZ_calibration/random_wellhead_calibration/joint_downhole_head_calibration/head_refinement/projects/joint_003.prj,source_terms/ZK203_single_source_sink_bulk_node.vtu,found_ancestor_working_directory,03_DFN_LRZ_calibration/source_terms/ZK203_single_source_sink_bulk_node.vtu,Nested calibration projects must be launched from their category root.
project_mesh,03_DFN_LRZ_calibration/random_wellhead_calibration/joint_downhole_head_calibration/head_refinement/projects/joint_004.prj,input_mesh/reservoir_with_lowres.vtu,found_ancestor_working_directory,03_DFN_LRZ_calibration/input_mesh/reservoir_with_lowres.vtu,Nested calibration projects must be launched from their category root.
project_mesh,03_DFN_LRZ_calibration/random_wellhead_calibration/joint_downhole_head_calibration/head_refinement/projects/joint_004.prj,source_terms/ZK403_single_source_sink_bulk_node.vtu,found_ancestor_working_directory,03_DFN_LRZ_calibration/source_terms/ZK403_single_source_sink_bulk_node.vtu,Nested calibration projects must be launched from their category root.
project_mesh,03_DFN_LRZ_calibration/random_wellhead_calibration/joint_downhole_head_calibration/head_refinement/projects/joint_004.prj,source_terms/ZK208_single_source_sink_bulk_node.vtu,found_ancestor_working_directory,03_DFN_LRZ_calibration/source_terms/ZK208_single_source_sink_bulk_node.vtu,Nested calibration projects must be launched from their category root.
project_mesh,03_DFN_LRZ_calibration/random_wellhead_calibration/joint_downhole_head_calibration/head_refinement/projects/joint_004.prj,source_terms/ZK203_single_source_sink_bulk_node.vtu,found_ancestor_working_directory,03_DFN_LRZ_calibration/source_terms/ZK203_single_source_sink_bulk_node.vtu,Nested calibration projects must be launched from their category root.
project_mesh,03_DFN_LRZ_calibration/random_wellhead_calibration/joint_downhole_head_calibration/head_refinement/projects/joint_005.prj,input_mesh/reservoir_with_lowres.vtu,found_ancestor_working_directory,03_DFN_LRZ_calibration/input_mesh/reservoir_with_lowres.vtu,Nested calibration projects must be launched from their category root.
project_mesh,03_DFN_LRZ_calibration/random_wellhead_calibration/joint_downhole_head_calibration/head_refinement/projects/joint_005.prj,source_terms/ZK403_single_source_sink_bulk_node.vtu,found_ancestor_working_directory,03_DFN_LRZ_calibration/source_terms/ZK403_single_source_sink_bulk_node.vtu,Nested calibration projects must be launched from their category root.
project_mesh,03_DFN_LRZ_calibration/random_wellhead_calibration/joint_downhole_head_calibration/head_refinement/projects/joint_005.prj,source_terms/ZK208_single_source_sink_bulk_node.vtu,found_ancestor_working_directory,03_DFN_LRZ_calibration/source_terms/ZK208_single_source_sink_bulk_node.vtu,Nested calibration projects must be launched from their category root.
project_mesh,03_DFN_LRZ_calibration/random_wellhead_calibration/joint_downhole_head_calibration/head_refinement/projects/joint_005.prj,source_terms/ZK203_single_source_sink_bulk_node.vtu,found_ancestor_working_directory,03_DFN_LRZ_calibration/source_terms/ZK203_single_source_sink_bulk_node.vtu,Nested calibration projects must be launched from their category root.
project_mesh,03_DFN_LRZ_calibration/random_wellhead_calibration/joint_downhole_head_calibration/head_refinement/projects/joint_006.prj,input_mesh/reservoir_with_lowres.vtu,found_ancestor_working_directory,03_DFN_LRZ_calibration/input_mesh/reservoir_with_lowres.vtu,Nested calibration projects must be launched from their category root.
project_mesh,03_DFN_LRZ_calibration/random_wellhead_calibration/joint_downhole_head_calibration/head_refinement/projects/joint_006.prj,source_terms/ZK403_single_source_sink_bulk_node.vtu,found_ancestor_working_directory,03_DFN_LRZ_calibration/source_terms/ZK403_single_source_sink_bulk_node.vtu,Nested calibration projects must be launched from their category root.
project_mesh,03_DFN_LRZ_calibration/random_wellhead_calibration/joint_downhole_head_calibration/head_refinement/projects/joint_006.prj,source_terms/ZK208_single_source_sink_bulk_node.vtu,found_ancestor_working_directory,03_DFN_LRZ_calibration/source_terms/ZK208_single_source_sink_bulk_node.vtu,Nested calibration projects must be launched from their category root.
project_mesh,03_DFN_LRZ_calibration/random_wellhead_calibration/joint_downhole_head_calibration/head_refinement/projects/joint_006.prj,source_terms/ZK203_single_source_sink_bulk_node.vtu,found_ancestor_working_directory,03_DFN_LRZ_calibration/source_terms/ZK203_single_source_sink_bulk_node.vtu,Nested calibration projects must be launched from their category root.
project_mesh,03_DFN_LRZ_calibration/random_wellhead_calibration/joint_downhole_head_calibration/head_refinement/projects/joint_007.prj,input_mesh/reservoir_with_lowres.vtu,found_ancestor_working_directory,03_DFN_LRZ_calibration/input_mesh/reservoir_with_lowres.vtu,Nested calibration projects must be launched from their category root.
project_mesh,03_DFN_LRZ_calibration/random_wellhead_calibration/joint_downhole_head_calibration/head_refinement/projects/joint_007.prj,source_terms/ZK403_single_source_sink_bulk_node.vtu,found_ancestor_working_directory,03_DFN_LRZ_calibration/source_terms/ZK403_single_source_sink_bulk_node.vtu,Nested calibration projects must be launched from their category root.
project_mesh,03_DFN_LRZ_calibration/random_wellhead_calibration/joint_downhole_head_calibration/head_refinement/projects/joint_007.prj,source_terms/ZK208_single_source_sink_bulk_node.vtu,found_ancestor_working_directory,03_DFN_LRZ_calibration/source_terms/ZK208_single_source_sink_bulk_node.vtu,Nested calibration projects must be launched from their category root.
project_mesh,03_DFN_LRZ_calibration/random_wellhead_calibration/joint_downhole_head_calibration/head_refinement/projects/joint_007.prj,source_terms/ZK203_single_source_sink_bulk_node.vtu,found_ancestor_working_directory,03_DFN_LRZ_calibration/source_terms/ZK203_single_source_sink_bulk_node.vtu,Nested calibration projects must be launched from their category root.
project_mesh,03_DFN_LRZ_calibration/random_wellhead_calibration/joint_downhole_head_calibration/head_refinement/projects/joint_008.prj,input_mesh/reservoir_with_lowres.vtu,found_ancestor_working_directory,03_DFN_LRZ_calibration/input_mesh/reservoir_with_lowres.vtu,Nested calibration projects must be launched from their category root.
project_mesh,03_DFN_LRZ_calibration/random_wellhead_calibration/joint_downhole_head_calibration/head_refinement/projects/joint_008.prj,source_terms/ZK403_single_source_sink_bulk_node.vtu,found_ancestor_working_directory,03_DFN_LRZ_calibration/source_terms/ZK403_single_source_sink_bulk_node.vtu,Nested calibration projects must be launched from their category root.
project_mesh,03_DFN_LRZ_calibration/random_wellhead_calibration/joint_downhole_head_calibration/head_refinement/projects/joint_008.prj,source_terms/ZK208_single_source_sink_bulk_node.vtu,found_ancestor_working_directory,03_DFN_LRZ_calibration/source_terms/ZK208_single_source_sink_bulk_node.vtu,Nested calibration projects must be launched from their category root.
project_mesh,03_DFN_LRZ_calibration/random_wellhead_calibration/joint_downhole_head_calibration/head_refinement/projects/joint_008.prj,source_terms/ZK203_single_source_sink_bulk_node.vtu,found_ancestor_working_directory,03_DFN_LRZ_calibration/source_terms/ZK203_single_source_sink_bulk_node.vtu,Nested calibration projects must be launched from their category root.
project_mesh,03_DFN_LRZ_calibration/random_wellhead_calibration/joint_downhole_head_calibration/head_refinement/projects/joint_009.prj,input_mesh/reservoir_with_lowres.vtu,found_ancestor_working_directory,03_DFN_LRZ_calibration/input_mesh/reservoir_with_lowres.vtu,Nested calibration projects must be launched from their category root.
project_mesh,03_DFN_LRZ_calibration/random_wellhead_calibration/joint_downhole_head_calibration/head_refinement/projects/joint_009.prj,source_terms/ZK403_single_source_sink_bulk_node.vtu,found_ancestor_working_directory,03_DFN_LRZ_calibration/source_terms/ZK403_single_source_sink_bulk_node.vtu,Nested calibration projects must be launched from their category root.
project_mesh,03_DFN_LRZ_calibration/random_wellhead_calibration/joint_downhole_head_calibration/head_refinement/projects/joint_009.prj,source_terms/ZK208_single_source_sink_bulk_node.vtu,found_ancestor_working_directory,03_DFN_LRZ_calibration/source_terms/ZK208_single_source_sink_bulk_node.vtu,Nested calibration projects must be launched from their category root.
project_mesh,03_DFN_LRZ_calibration/random_wellhead_calibration/joint_downhole_head_calibration/head_refinement/projects/joint_009.prj,source_terms/ZK203_single_source_sink_bulk_node.vtu,found_ancestor_working_directory,03_DFN_LRZ_calibration/source_terms/ZK203_single_source_sink_bulk_node.vtu,Nested calibration projects must be launched from their category root.
project_mesh,03_DFN_LRZ_calibration/random_wellhead_calibration/joint_downhole_head_calibration/head_refinement/projects/joint_010.prj,input_mesh/reservoir_with_lowres.vtu,found_ancestor_working_directory,03_DFN_LRZ_calibration/input_mesh/reservoir_with_lowres.vtu,Nested calibration projects must be launched from their category root.
project_mesh,03_DFN_LRZ_calibration/random_wellhead_calibration/joint_downhole_head_calibration/head_refinement/projects/joint_010.prj,source_terms/ZK403_single_source_sink_bulk_node.vtu,found_ancestor_working_directory,03_DFN_LRZ_calibration/source_terms/ZK403_single_source_sink_bulk_node.vtu,Nested calibration projects must be launched from their category root.
project_mesh,03_DFN_LRZ_calibration/random_wellhead_calibration/joint_downhole_head_calibration/head_refinement/projects/joint_010.prj,source_terms/ZK208_single_source_sink_bulk_node.vtu,found_ancestor_working_directory,03_DFN_LRZ_calibration/source_terms/ZK208_single_source_sink_bulk_node.vtu,Nested calibration projects must be launched from their category root.
project_mesh,03_DFN_LRZ_calibration/random_wellhead_calibration/joint_downhole_head_calibration/head_refinement/projects/joint_010.prj,source_terms/ZK203_single_source_sink_bulk_node.vtu,found_ancestor_working_directory,03_DFN_LRZ_calibration/source_terms/ZK203_single_source_sink_bulk_node.vtu,Nested calibration projects must be launched from their category root.
project_mesh,03_DFN_LRZ_calibration/random_wellhead_calibration/joint_downhole_head_calibration/head_refinement/projects/joint_011.prj,input_mesh/reservoir_with_lowres.vtu,found_ancestor_working_directory,03_DFN_LRZ_calibration/input_mesh/reservoir_with_lowres.vtu,Nested calibration projects must be launched from their category root.
project_mesh,03_DFN_LRZ_calibration/random_wellhead_calibration/joint_downhole_head_calibration/head_refinement/projects/joint_011.prj,source_terms/ZK403_single_source_sink_bulk_node.vtu,found_ancestor_working_directory,03_DFN_LRZ_calibration/source_terms/ZK403_single_source_sink_bulk_node.vtu,Nested calibration projects must be launched from their category root.
project_mesh,03_DFN_LRZ_calibration/random_wellhead_calibration/joint_downhole_head_calibration/head_refinement/projects/joint_011.prj,source_terms/ZK208_single_source_sink_bulk_node.vtu,found_ancestor_working_directory,03_DFN_LRZ_calibration/source_terms/ZK208_single_source_sink_bulk_node.vtu,Nested calibration projects must be launched from their category root.
project_mesh,03_DFN_LRZ_calibration/random_wellhead_calibration/joint_downhole_head_calibration/head_refinement/projects/joint_011.prj,source_terms/ZK203_single_source_sink_bulk_node.vtu,found_ancestor_working_directory,03_DFN_LRZ_calibration/source_terms/ZK203_single_source_sink_bulk_node.vtu,Nested calibration projects must be launched from their category root.
project_mesh,03_DFN_LRZ_calibration/random_wellhead_calibration/joint_downhole_head_calibration/head_refinement/projects/joint_012.prj,input_mesh/reservoir_with_lowres.vtu,found_ancestor_working_directory,03_DFN_LRZ_calibration/input_mesh/reservoir_with_lowres.vtu,Nested calibration projects must be launched from their category root.
project_mesh,03_DFN_LRZ_calibration/random_wellhead_calibration/joint_downhole_head_calibration/head_refinement/projects/joint_012.prj,source_terms/ZK403_single_source_sink_bulk_node.vtu,found_ancestor_working_directory,03_DFN_LRZ_calibration/source_terms/ZK403_single_source_sink_bulk_node.vtu,Nested calibration projects must be launched from their category root.
project_mesh,03_DFN_LRZ_calibration/random_wellhead_calibration/joint_downhole_head_calibration/head_refinement/projects/joint_012.prj,source_terms/ZK208_single_source_sink_bulk_node.vtu,found_ancestor_working_directory,03_DFN_LRZ_calibration/source_terms/ZK208_single_source_sink_bulk_node.vtu,Nested calibration projects must be launched from their category root.
project_mesh,03_DFN_LRZ_calibration/random_wellhead_calibration/joint_downhole_head_calibration/head_refinement/projects/joint_012.prj,source_terms/ZK203_single_source_sink_bulk_node.vtu,found_ancestor_working_directory,03_DFN_LRZ_calibration/source_terms/ZK203_single_source_sink_bulk_node.vtu,Nested calibration projects must be launched from their category root.
project_mesh,03_DFN_LRZ_calibration/random_wellhead_calibration/joint_downhole_head_calibration/head_refinement/projects/joint_013.prj,input_mesh/reservoir_with_lowres.vtu,found_ancestor_working_directory,03_DFN_LRZ_calibration/input_mesh/reservoir_with_lowres.vtu,Nested calibration projects must be launched from their category root.
project_mesh,03_DFN_LRZ_calibration/random_wellhead_calibration/joint_downhole_head_calibration/head_refinement/projects/joint_013.prj,source_terms/ZK403_single_source_sink_bulk_node.vtu,found_ancestor_working_directory,03_DFN_LRZ_calibration/source_terms/ZK403_single_source_sink_bulk_node.vtu,Nested calibration projects must be launched from their category root.
project_mesh,03_DFN_LRZ_calibration/random_wellhead_calibration/joint_downhole_head_calibration/head_refinement/projects/joint_013.prj,source_terms/ZK208_single_source_sink_bulk_node.vtu,found_ancestor_working_directory,03_DFN_LRZ_calibration/source_terms/ZK208_single_source_sink_bulk_node.vtu,Nested calibration projects must be launched from their category root.
project_mesh,03_DFN_LRZ_calibration/random_wellhead_calibration/joint_downhole_head_calibration/head_refinement/projects/joint_013.prj,source_terms/ZK203_single_source_sink_bulk_node.vtu,found_ancestor_working_directory,03_DFN_LRZ_calibration/source_terms/ZK203_single_source_sink_bulk_node.vtu,Nested calibration projects must be launched from their category root.
project_mesh,03_DFN_LRZ_calibration/random_wellhead_calibration/joint_downhole_head_calibration/head_refinement/projects/joint_014.prj,input_mesh/reservoir_with_lowres.vtu,found_ancestor_working_directory,03_DFN_LRZ_calibration/input_mesh/reservoir_with_lowres.vtu,Nested calibration projects must be launched from their category root.
project_mesh,03_DFN_LRZ_calibration/random_wellhead_calibration/joint_downhole_head_calibration/head_refinement/projects/joint_014.prj,source_terms/ZK403_single_source_sink_bulk_node.vtu,found_ancestor_working_directory,03_DFN_LRZ_calibration/source_terms/ZK403_single_source_sink_bulk_node.vtu,Nested calibration projects must be launched from their category root.
project_mesh,03_DFN_LRZ_calibration/random_wellhead_calibration/joint_downhole_head_calibration/head_refinement/projects/joint_014.prj,source_terms/ZK208_single_source_sink_bulk_node.vtu,found_ancestor_working_directory,03_DFN_LRZ_calibration/source_terms/ZK208_single_source_sink_bulk_node.vtu,Nested calibration projects must be launched from their category root.
project_mesh,03_DFN_LRZ_calibration/random_wellhead_calibration/joint_downhole_head_calibration/head_refinement/projects/joint_014.prj,source_terms/ZK203_single_source_sink_bulk_node.vtu,found_ancestor_working_directory,03_DFN_LRZ_calibration/source_terms/ZK203_single_source_sink_bulk_node.vtu,Nested calibration projects must be launched from their category root.
project_mesh,03_DFN_LRZ_calibration/random_wellhead_calibration/joint_downhole_head_calibration/head_refinement/projects/joint_015.prj,input_mesh/reservoir_with_lowres.vtu,found_ancestor_working_directory,03_DFN_LRZ_calibration/input_mesh/reservoir_with_lowres.vtu,Nested calibration projects must be launched from their category root.
project_mesh,03_DFN_LRZ_calibration/random_wellhead_calibration/joint_downhole_head_calibration/head_refinement/projects/joint_015.prj,source_terms/ZK403_single_source_sink_bulk_node.vtu,found_ancestor_working_directory,03_DFN_LRZ_calibration/source_terms/ZK403_single_source_sink_bulk_node.vtu,Nested calibration projects must be launched from their category root.
project_mesh,03_DFN_LRZ_calibration/random_wellhead_calibration/joint_downhole_head_calibration/head_refinement/projects/joint_015.prj,source_terms/ZK208_single_source_sink_bulk_node.vtu,found_ancestor_working_directory,03_DFN_LRZ_calibration/source_terms/ZK208_single_source_sink_bulk_node.vtu,Nested calibration projects must be launched from their category root.
project_mesh,03_DFN_LRZ_calibration/random_wellhead_calibration/joint_downhole_head_calibration/head_refinement/projects/joint_015.prj,source_terms/ZK203_single_source_sink_bulk_node.vtu,found_ancestor_working_directory,03_DFN_LRZ_calibration/source_terms/ZK203_single_source_sink_bulk_node.vtu,Nested calibration projects must be launched from their category root.
project_mesh,03_DFN_LRZ_calibration/random_wellhead_calibration/joint_downhole_head_calibration/head_refinement/projects/joint_016.prj,input_mesh/reservoir_with_lowres.vtu,found_ancestor_working_directory,03_DFN_LRZ_calibration/input_mesh/reservoir_with_lowres.vtu,Nested calibration projects must be launched from their category root.
project_mesh,03_DFN_LRZ_calibration/random_wellhead_calibration/joint_downhole_head_calibration/head_refinement/projects/joint_016.prj,source_terms/ZK403_single_source_sink_bulk_node.vtu,found_ancestor_working_directory,03_DFN_LRZ_calibration/source_terms/ZK403_single_source_sink_bulk_node.vtu,Nested calibration projects must be launched from their category root.
project_mesh,03_DFN_LRZ_calibration/random_wellhead_calibration/joint_downhole_head_calibration/head_refinement/projects/joint_016.prj,source_terms/ZK208_single_source_sink_bulk_node.vtu,found_ancestor_working_directory,03_DFN_LRZ_calibration/source_terms/ZK208_single_source_sink_bulk_node.vtu,Nested calibration projects must be launched from their category root.
project_mesh,03_DFN_LRZ_calibration/random_wellhead_calibration/joint_downhole_head_calibration/head_refinement/projects/joint_016.prj,source_terms/ZK203_single_source_sink_bulk_node.vtu,found_ancestor_working_directory,03_DFN_LRZ_calibration/source_terms/ZK203_single_source_sink_bulk_node.vtu,Nested calibration projects must be launched from their category root.
project_mesh,03_DFN_LRZ_calibration/random_wellhead_calibration/joint_downhole_head_calibration/head_refinement/projects/joint_017.prj,input_mesh/reservoir_with_lowres.vtu,found_ancestor_working_directory,03_DFN_LRZ_calibration/input_mesh/reservoir_with_lowres.vtu,Nested calibration projects must be launched from their category root.
project_mesh,03_DFN_LRZ_calibration/random_wellhead_calibration/joint_downhole_head_calibration/head_refinement/projects/joint_017.prj,source_terms/ZK403_single_source_sink_bulk_node.vtu,found_ancestor_working_directory,03_DFN_LRZ_calibration/source_terms/ZK403_single_source_sink_bulk_node.vtu,Nested calibration projects must be launched from their category root.
project_mesh,03_DFN_LRZ_calibration/random_wellhead_calibration/joint_downhole_head_calibration/head_refinement/projects/joint_017.prj,source_terms/ZK208_single_source_sink_bulk_node.vtu,found_ancestor_working_directory,03_DFN_LRZ_calibration/source_terms/ZK208_single_source_sink_bulk_node.vtu,Nested calibration projects must be launched from their category root.
project_mesh,03_DFN_LRZ_calibration/random_wellhead_calibration/joint_downhole_head_calibration/head_refinement/projects/joint_017.prj,source_terms/ZK203_single_source_sink_bulk_node.vtu,found_ancestor_working_directory,03_DFN_LRZ_calibration/source_terms/ZK203_single_source_sink_bulk_node.vtu,Nested calibration projects must be launched from their category root.
project_mesh,03_DFN_LRZ_calibration/random_wellhead_calibration/joint_downhole_head_calibration/head_refinement/projects/joint_018.prj,input_mesh/reservoir_with_lowres.vtu,found_ancestor_working_directory,03_DFN_LRZ_calibration/input_mesh/reservoir_with_lowres.vtu,Nested calibration projects must be launched from their category root.
project_mesh,03_DFN_LRZ_calibration/random_wellhead_calibration/joint_downhole_head_calibration/head_refinement/projects/joint_018.prj,source_terms/ZK403_single_source_sink_bulk_node.vtu,found_ancestor_working_directory,03_DFN_LRZ_calibration/source_terms/ZK403_single_source_sink_bulk_node.vtu,Nested calibration projects must be launched from their category root.
project_mesh,03_DFN_LRZ_calibration/random_wellhead_calibration/joint_downhole_head_calibration/head_refinement/projects/joint_018.prj,source_terms/ZK208_single_source_sink_bulk_node.vtu,found_ancestor_working_directory,03_DFN_LRZ_calibration/source_terms/ZK208_single_source_sink_bulk_node.vtu,Nested calibration projects must be launched from their category root.
project_mesh,03_DFN_LRZ_calibration/random_wellhead_calibration/joint_downhole_head_calibration/head_refinement/projects/joint_018.prj,source_terms/ZK203_single_source_sink_bulk_node.vtu,found_ancestor_working_directory,03_DFN_LRZ_calibration/source_terms/ZK203_single_source_sink_bulk_node.vtu,Nested calibration projects must be launched from their category root.
project_mesh,03_DFN_LRZ_calibration/random_wellhead_calibration/joint_downhole_head_calibration/head_refinement/projects/joint_019.prj,input_mesh/reservoir_with_lowres.vtu,found_ancestor_working_directory,03_DFN_LRZ_calibration/input_mesh/reservoir_with_lowres.vtu,Nested calibration projects must be launched from their category root.
project_mesh,03_DFN_LRZ_calibration/random_wellhead_calibration/joint_downhole_head_calibration/head_refinement/projects/joint_019.prj,source_terms/ZK403_single_source_sink_bulk_node.vtu,found_ancestor_working_directory,03_DFN_LRZ_calibration/source_terms/ZK403_single_source_sink_bulk_node.vtu,Nested calibration projects must be launched from their category root.
project_mesh,03_DFN_LRZ_calibration/random_wellhead_calibration/joint_downhole_head_calibration/head_refinement/projects/joint_019.prj,source_terms/ZK208_single_source_sink_bulk_node.vtu,found_ancestor_working_directory,03_DFN_LRZ_calibration/source_terms/ZK208_single_source_sink_bulk_node.vtu,Nested calibration projects must be launched from their category root.
project_mesh,03_DFN_LRZ_calibration/random_wellhead_calibration/joint_downhole_head_calibration/head_refinement/projects/joint_019.prj,source_terms/ZK203_single_source_sink_bulk_node.vtu,found_ancestor_working_directory,03_DFN_LRZ_calibration/source_terms/ZK203_single_source_sink_bulk_node.vtu,Nested calibration projects must be launched from their category root.
project_mesh,03_DFN_LRZ_calibration/random_wellhead_calibration/joint_downhole_head_calibration/head_refinement/projects/joint_020.prj,input_mesh/reservoir_with_lowres.vtu,found_ancestor_working_directory,03_DFN_LRZ_calibration/input_mesh/reservoir_with_lowres.vtu,Nested calibration projects must be launched from their category root.
project_mesh,03_DFN_LRZ_calibration/random_wellhead_calibration/joint_downhole_head_calibration/head_refinement/projects/joint_020.prj,source_terms/ZK403_single_source_sink_bulk_node.vtu,found_ancestor_working_directory,03_DFN_LRZ_calibration/source_terms/ZK403_single_source_sink_bulk_node.vtu,Nested calibration projects must be launched from their category root.
project_mesh,03_DFN_LRZ_calibration/random_wellhead_calibration/joint_downhole_head_calibration/head_refinement/projects/joint_020.prj,source_terms/ZK208_single_source_sink_bulk_node.vtu,found_ancestor_working_directory,03_DFN_LRZ_calibration/source_terms/ZK208_single_source_sink_bulk_node.vtu,Nested calibration projects must be launched from their category root.
project_mesh,03_DFN_LRZ_calibration/random_wellhead_calibration/joint_downhole_head_calibration/head_refinement/projects/joint_020.prj,source_terms/ZK203_single_source_sink_bulk_node.vtu,found_ancestor_working_directory,03_DFN_LRZ_calibration/source_terms/ZK203_single_source_sink_bulk_node.vtu,Nested calibration projects must be launched from their category root.
project_mesh,03_DFN_LRZ_calibration/random_wellhead_calibration/joint_downhole_head_calibration/head_refinement/projects/joint_021.prj,input_mesh/reservoir_with_lowres.vtu,found_ancestor_working_directory,03_DFN_LRZ_calibration/input_mesh/reservoir_with_lowres.vtu,Nested calibration projects must be launched from their category root.
project_mesh,03_DFN_LRZ_calibration/random_wellhead_calibration/joint_downhole_head_calibration/head_refinement/projects/joint_021.prj,source_terms/ZK403_single_source_sink_bulk_node.vtu,found_ancestor_working_directory,03_DFN_LRZ_calibration/source_terms/ZK403_single_source_sink_bulk_node.vtu,Nested calibration projects must be launched from their category root.
project_mesh,03_DFN_LRZ_calibration/random_wellhead_calibration/joint_downhole_head_calibration/head_refinement/projects/joint_021.prj,source_terms/ZK208_single_source_sink_bulk_node.vtu,found_ancestor_working_directory,03_DFN_LRZ_calibration/source_terms/ZK208_single_source_sink_bulk_node.vtu,Nested calibration projects must be launched from their category root.
project_mesh,03_DFN_LRZ_calibration/random_wellhead_calibration/joint_downhole_head_calibration/head_refinement/projects/joint_021.prj,source_terms/ZK203_single_source_sink_bulk_node.vtu,found_ancestor_working_directory,03_DFN_LRZ_calibration/source_terms/ZK203_single_source_sink_bulk_node.vtu,Nested calibration projects must be launched from their category root.
project_mesh,03_DFN_LRZ_calibration/random_wellhead_calibration/joint_downhole_head_calibration/head_refinement/projects/joint_022.prj,input_mesh/reservoir_with_lowres.vtu,found_ancestor_working_directory,03_DFN_LRZ_calibration/input_mesh/reservoir_with_lowres.vtu,Nested calibration projects must be launched from their category root.
project_mesh,03_DFN_LRZ_calibration/random_wellhead_calibration/joint_downhole_head_calibration/head_refinement/projects/joint_022.prj,source_terms/ZK403_single_source_sink_bulk_node.vtu,found_ancestor_working_directory,03_DFN_LRZ_calibration/source_terms/ZK403_single_source_sink_bulk_node.vtu,Nested calibration projects must be launched from their category root.
project_mesh,03_DFN_LRZ_calibration/random_wellhead_calibration/joint_downhole_head_calibration/head_refinement/projects/joint_022.prj,source_terms/ZK208_single_source_sink_bulk_node.vtu,found_ancestor_working_directory,03_DFN_LRZ_calibration/source_terms/ZK208_single_source_sink_bulk_node.vtu,Nested calibration projects must be launched from their category root.
project_mesh,03_DFN_LRZ_calibration/random_wellhead_calibration/joint_downhole_head_calibration/head_refinement/projects/joint_022.prj,source_terms/ZK203_single_source_sink_bulk_node.vtu,found_ancestor_working_directory,03_DFN_LRZ_calibration/source_terms/ZK203_single_source_sink_bulk_node.vtu,Nested calibration projects must be launched from their category root.
project_mesh,03_DFN_LRZ_calibration/random_wellhead_calibration/joint_downhole_head_calibration/head_refinement/projects/joint_023.prj,input_mesh/reservoir_with_lowres.vtu,found_ancestor_working_directory,03_DFN_LRZ_calibration/input_mesh/reservoir_with_lowres.vtu,Nested calibration projects must be launched from their category root.
project_mesh,03_DFN_LRZ_calibration/random_wellhead_calibration/joint_downhole_head_calibration/head_refinement/projects/joint_023.prj,source_terms/ZK403_single_source_sink_bulk_node.vtu,found_ancestor_working_directory,03_DFN_LRZ_calibration/source_terms/ZK403_single_source_sink_bulk_node.vtu,Nested calibration projects must be launched from their category root.
project_mesh,03_DFN_LRZ_calibration/random_wellhead_calibration/joint_downhole_head_calibration/head_refinement/projects/joint_023.prj,source_terms/ZK208_single_source_sink_bulk_node.vtu,found_ancestor_working_directory,03_DFN_LRZ_calibration/source_terms/ZK208_single_source_sink_bulk_node.vtu,Nested calibration projects must be launched from their category root.
project_mesh,03_DFN_LRZ_calibration/random_wellhead_calibration/joint_downhole_head_calibration/head_refinement/projects/joint_023.prj,source_terms/ZK203_single_source_sink_bulk_node.vtu,found_ancestor_working_directory,03_DFN_LRZ_calibration/source_terms/ZK203_single_source_sink_bulk_node.vtu,Nested calibration projects must be launched from their category root.
project_mesh,03_DFN_LRZ_calibration/random_wellhead_calibration/joint_downhole_head_calibration/head_refinement/projects/joint_024.prj,input_mesh/reservoir_with_lowres.vtu,found_ancestor_working_directory,03_DFN_LRZ_calibration/input_mesh/reservoir_with_lowres.vtu,Nested calibration projects must be launched from their category root.
project_mesh,03_DFN_LRZ_calibration/random_wellhead_calibration/joint_downhole_head_calibration/head_refinement/projects/joint_024.prj,source_terms/ZK403_single_source_sink_bulk_node.vtu,found_ancestor_working_directory,03_DFN_LRZ_calibration/source_terms/ZK403_single_source_sink_bulk_node.vtu,Nested calibration projects must be launched from their category root.
project_mesh,03_DFN_LRZ_calibration/random_wellhead_calibration/joint_downhole_head_calibration/head_refinement/projects/joint_024.prj,source_terms/ZK208_single_source_sink_bulk_node.vtu,found_ancestor_working_directory,03_DFN_LRZ_calibration/source_terms/ZK208_single_source_sink_bulk_node.vtu,Nested calibration projects must be launched from their category root.
project_mesh,03_DFN_LRZ_calibration/random_wellhead_calibration/joint_downhole_head_calibration/head_refinement/projects/joint_024.prj,source_terms/ZK203_single_source_sink_bulk_node.vtu,found_ancestor_working_directory,03_DFN_LRZ_calibration/source_terms/ZK203_single_source_sink_bulk_node.vtu,Nested calibration projects must be launched from their category root.
project_mesh,03_DFN_LRZ_calibration/random_wellhead_calibration/joint_downhole_head_calibration/head_refinement/projects/joint_025.prj,input_mesh/reservoir_with_lowres.vtu,found_ancestor_working_directory,03_DFN_LRZ_calibration/input_mesh/reservoir_with_lowres.vtu,Nested calibration projects must be launched from their category root.
project_mesh,03_DFN_LRZ_calibration/random_wellhead_calibration/joint_downhole_head_calibration/head_refinement/projects/joint_025.prj,source_terms/ZK403_single_source_sink_bulk_node.vtu,found_ancestor_working_directory,03_DFN_LRZ_calibration/source_terms/ZK403_single_source_sink_bulk_node.vtu,Nested calibration projects must be launched from their category root.
project_mesh,03_DFN_LRZ_calibration/random_wellhead_calibration/joint_downhole_head_calibration/head_refinement/projects/joint_025.prj,source_terms/ZK208_single_source_sink_bulk_node.vtu,found_ancestor_working_directory,03_DFN_LRZ_calibration/source_terms/ZK208_single_source_sink_bulk_node.vtu,Nested calibration projects must be launched from their category root.
project_mesh,03_DFN_LRZ_calibration/random_wellhead_calibration/joint_downhole_head_calibration/head_refinement/projects/joint_025.prj,source_terms/ZK203_single_source_sink_bulk_node.vtu,found_ancestor_working_directory,03_DFN_LRZ_calibration/source_terms/ZK203_single_source_sink_bulk_node.vtu,Nested calibration projects must be launched from their category root.
project_mesh,03_DFN_LRZ_calibration/random_wellhead_calibration/joint_downhole_head_calibration/head_refinement/projects/joint_026.prj,input_mesh/reservoir_with_lowres.vtu,found_ancestor_working_directory,03_DFN_LRZ_calibration/input_mesh/reservoir_with_lowres.vtu,Nested calibration projects must be launched from their category root.
project_mesh,03_DFN_LRZ_calibration/random_wellhead_calibration/joint_downhole_head_calibration/head_refinement/projects/joint_026.prj,source_terms/ZK403_single_source_sink_bulk_node.vtu,found_ancestor_working_directory,03_DFN_LRZ_calibration/source_terms/ZK403_single_source_sink_bulk_node.vtu,Nested calibration projects must be launched from their category root.
project_mesh,03_DFN_LRZ_calibration/random_wellhead_calibration/joint_downhole_head_calibration/head_refinement/projects/joint_026.prj,source_terms/ZK208_single_source_sink_bulk_node.vtu,found_ancestor_working_directory,03_DFN_LRZ_calibration/source_terms/ZK208_single_source_sink_bulk_node.vtu,Nested calibration projects must be launched from their category root.
project_mesh,03_DFN_LRZ_calibration/random_wellhead_calibration/joint_downhole_head_calibration/head_refinement/projects/joint_026.prj,source_terms/ZK203_single_source_sink_bulk_node.vtu,found_ancestor_working_directory,03_DFN_LRZ_calibration/source_terms/ZK203_single_source_sink_bulk_node.vtu,Nested calibration projects must be launched from their category root.
project_mesh,03_DFN_LRZ_calibration/random_wellhead_calibration/joint_downhole_head_calibration/head_refinement/projects/joint_027.prj,input_mesh/reservoir_with_lowres.vtu,found_ancestor_working_directory,03_DFN_LRZ_calibration/input_mesh/reservoir_with_lowres.vtu,Nested calibration projects must be launched from their category root.
project_mesh,03_DFN_LRZ_calibration/random_wellhead_calibration/joint_downhole_head_calibration/head_refinement/projects/joint_027.prj,source_terms/ZK403_single_source_sink_bulk_node.vtu,found_ancestor_working_directory,03_DFN_LRZ_calibration/source_terms/ZK403_single_source_sink_bulk_node.vtu,Nested calibration projects must be launched from their category root.
project_mesh,03_DFN_LRZ_calibration/random_wellhead_calibration/joint_downhole_head_calibration/head_refinement/projects/joint_027.prj,source_terms/ZK208_single_source_sink_bulk_node.vtu,found_ancestor_working_directory,03_DFN_LRZ_calibration/source_terms/ZK208_single_source_sink_bulk_node.vtu,Nested calibration projects must be launched from their category root.
project_mesh,03_DFN_LRZ_calibration/random_wellhead_calibration/joint_downhole_head_calibration/head_refinement/projects/joint_027.prj,source_terms/ZK203_single_source_sink_bulk_node.vtu,found_ancestor_working_directory,03_DFN_LRZ_calibration/source_terms/ZK203_single_source_sink_bulk_node.vtu,Nested calibration projects must be launched from their category root.
project_mesh,03_DFN_LRZ_calibration/random_wellhead_calibration/joint_downhole_head_calibration/head_refinement/projects/joint_028.prj,input_mesh/reservoir_with_lowres.vtu,found_ancestor_working_directory,03_DFN_LRZ_calibration/input_mesh/reservoir_with_lowres.vtu,Nested calibration projects must be launched from their category root.
project_mesh,03_DFN_LRZ_calibration/random_wellhead_calibration/joint_downhole_head_calibration/head_refinement/projects/joint_028.prj,source_terms/ZK403_single_source_sink_bulk_node.vtu,found_ancestor_working_directory,03_DFN_LRZ_calibration/source_terms/ZK403_single_source_sink_bulk_node.vtu,Nested calibration projects must be launched from their category root.
project_mesh,03_DFN_LRZ_calibration/random_wellhead_calibration/joint_downhole_head_calibration/head_refinement/projects/joint_028.prj,source_terms/ZK208_single_source_sink_bulk_node.vtu,found_ancestor_working_directory,03_DFN_LRZ_calibration/source_terms/ZK208_single_source_sink_bulk_node.vtu,Nested calibration projects must be launched from their category root.
project_mesh,03_DFN_LRZ_calibration/random_wellhead_calibration/joint_downhole_head_calibration/head_refinement/projects/joint_028.prj,source_terms/ZK203_single_source_sink_bulk_node.vtu,found_ancestor_working_directory,03_DFN_LRZ_calibration/source_terms/ZK203_single_source_sink_bulk_node.vtu,Nested calibration projects must be launched from their category root.
project_mesh,03_DFN_LRZ_calibration/random_wellhead_calibration/joint_downhole_head_calibration/head_refinement/projects/joint_029.prj,input_mesh/reservoir_with_lowres.vtu,found_ancestor_working_directory,03_DFN_LRZ_calibration/input_mesh/reservoir_with_lowres.vtu,Nested calibration projects must be launched from their category root.
project_mesh,03_DFN_LRZ_calibration/random_wellhead_calibration/joint_downhole_head_calibration/head_refinement/projects/joint_029.prj,source_terms/ZK403_single_source_sink_bulk_node.vtu,found_ancestor_working_directory,03_DFN_LRZ_calibration/source_terms/ZK403_single_source_sink_bulk_node.vtu,Nested calibration projects must be launched from their category root.
project_mesh,03_DFN_LRZ_calibration/random_wellhead_calibration/joint_downhole_head_calibration/head_refinement/projects/joint_029.prj,source_terms/ZK208_single_source_sink_bulk_node.vtu,found_ancestor_working_directory,03_DFN_LRZ_calibration/source_terms/ZK208_single_source_sink_bulk_node.vtu,Nested calibration projects must be launched from their category root.
project_mesh,03_DFN_LRZ_calibration/random_wellhead_calibration/joint_downhole_head_calibration/head_refinement/projects/joint_029.prj,source_terms/ZK203_single_source_sink_bulk_node.vtu,found_ancestor_working_directory,03_DFN_LRZ_calibration/source_terms/ZK203_single_source_sink_bulk_node.vtu,Nested calibration projects must be launched from their category root.
project_mesh,03_DFN_LRZ_calibration/random_wellhead_calibration/joint_downhole_head_calibration/head_refinement/projects/joint_030.prj,input_mesh/reservoir_with_lowres.vtu,found_ancestor_working_directory,03_DFN_LRZ_calibration/input_mesh/reservoir_with_lowres.vtu,Nested calibration projects must be launched from their category root.
project_mesh,03_DFN_LRZ_calibration/random_wellhead_calibration/joint_downhole_head_calibration/head_refinement/projects/joint_030.prj,source_terms/ZK403_single_source_sink_bulk_node.vtu,found_ancestor_working_directory,03_DFN_LRZ_calibration/source_terms/ZK403_single_source_sink_bulk_node.vtu,Nested calibration projects must be launched from their category root.
project_mesh,03_DFN_LRZ_calibration/random_wellhead_calibration/joint_downhole_head_calibration/head_refinement/projects/joint_030.prj,source_terms/ZK208_single_source_sink_bulk_node.vtu,found_ancestor_working_directory,03_DFN_LRZ_calibration/source_terms/ZK208_single_source_sink_bulk_node.vtu,Nested calibration projects must be launched from their category root.
project_mesh,03_DFN_LRZ_calibration/random_wellhead_calibration/joint_downhole_head_calibration/head_refinement/projects/joint_030.prj,source_terms/ZK203_single_source_sink_bulk_node.vtu,found_ancestor_working_directory,03_DFN_LRZ_calibration/source_terms/ZK203_single_source_sink_bulk_node.vtu,Nested calibration projects must be launched from their category root.
project_mesh,03_DFN_LRZ_calibration/random_wellhead_calibration/joint_downhole_head_calibration/projects/baseline_000.prj,input_mesh/reservoir_with_lowres.vtu,found_ancestor_working_directory,03_DFN_LRZ_calibration/input_mesh/reservoir_with_lowres.vtu,Nested calibration projects must be launched from their category root.
project_mesh,03_DFN_LRZ_calibration/random_wellhead_calibration/joint_downhole_head_calibration/projects/baseline_000.prj,source_terms/ZK403_single_source_sink_bulk_node.vtu,found_ancestor_working_directory,03_DFN_LRZ_calibration/source_terms/ZK403_single_source_sink_bulk_node.vtu,Nested calibration projects must be launched from their category root.
project_mesh,03_DFN_LRZ_calibration/random_wellhead_calibration/joint_downhole_head_calibration/projects/baseline_000.prj,source_terms/ZK208_single_source_sink_bulk_node.vtu,found_ancestor_working_directory,03_DFN_LRZ_calibration/source_terms/ZK208_single_source_sink_bulk_node.vtu,Nested calibration projects must be launched from their category root.
project_mesh,03_DFN_LRZ_calibration/random_wellhead_calibration/joint_downhole_head_calibration/projects/baseline_000.prj,source_terms/ZK203_single_source_sink_bulk_node.vtu,found_ancestor_working_directory,03_DFN_LRZ_calibration/source_terms/ZK203_single_source_sink_bulk_node.vtu,Nested calibration projects must be launched from their category root.
project_mesh,03_DFN_LRZ_calibration/random_wellhead_calibration/joint_downhole_head_calibration/projects/informed_001.prj,input_mesh/reservoir_with_lowres.vtu,found_ancestor_working_directory,03_DFN_LRZ_calibration/input_mesh/reservoir_with_lowres.vtu,Nested calibration projects must be launched from their category root.
project_mesh,03_DFN_LRZ_calibration/random_wellhead_calibration/joint_downhole_head_calibration/projects/informed_001.prj,source_terms/ZK403_single_source_sink_bulk_node.vtu,found_ancestor_working_directory,03_DFN_LRZ_calibration/source_terms/ZK403_single_source_sink_bulk_node.vtu,Nested calibration projects must be launched from their category root.
project_mesh,03_DFN_LRZ_calibration/random_wellhead_calibration/joint_downhole_head_calibration/projects/informed_001.prj,source_terms/ZK208_single_source_sink_bulk_node.vtu,found_ancestor_working_directory,03_DFN_LRZ_calibration/source_terms/ZK208_single_source_sink_bulk_node.vtu,Nested calibration projects must be launched from their category root.
project_mesh,03_DFN_LRZ_calibration/random_wellhead_calibration/joint_downhole_head_calibration/projects/informed_001.prj,source_terms/ZK203_single_source_sink_bulk_node.vtu,found_ancestor_working_directory,03_DFN_LRZ_calibration/source_terms/ZK203_single_source_sink_bulk_node.vtu,Nested calibration projects must be launched from their category root.
project_mesh,03_DFN_LRZ_calibration/random_wellhead_calibration/joint_downhole_head_calibration/projects/joint_001.prj,input_mesh/reservoir_with_lowres.vtu,found_ancestor_working_directory,03_DFN_LRZ_calibration/input_mesh/reservoir_with_lowres.vtu,Nested calibration projects must be launched from their category root.
project_mesh,03_DFN_LRZ_calibration/random_wellhead_calibration/joint_downhole_head_calibration/projects/joint_001.prj,source_terms/ZK403_single_source_sink_bulk_node.vtu,found_ancestor_working_directory,03_DFN_LRZ_calibration/source_terms/ZK403_single_source_sink_bulk_node.vtu,Nested calibration projects must be launched from their category root.
project_mesh,03_DFN_LRZ_calibration/random_wellhead_calibration/joint_downhole_head_calibration/projects/joint_001.prj,source_terms/ZK208_single_source_sink_bulk_node.vtu,found_ancestor_working_directory,03_DFN_LRZ_calibration/source_terms/ZK208_single_source_sink_bulk_node.vtu,Nested calibration projects must be launched from their category root.
project_mesh,03_DFN_LRZ_calibration/random_wellhead_calibration/joint_downhole_head_calibration/projects/joint_001.prj,source_terms/ZK203_single_source_sink_bulk_node.vtu,found_ancestor_working_directory,03_DFN_LRZ_calibration/source_terms/ZK203_single_source_sink_bulk_node.vtu,Nested calibration projects must be launched from their category root.
project_mesh,03_DFN_LRZ_calibration/random_wellhead_calibration/joint_downhole_head_calibration/projects/joint_002.prj,input_mesh/reservoir_with_lowres.vtu,found_ancestor_working_directory,03_DFN_LRZ_calibration/input_mesh/reservoir_with_lowres.vtu,Nested calibration projects must be launched from their category root.
project_mesh,03_DFN_LRZ_calibration/random_wellhead_calibration/joint_downhole_head_calibration/projects/joint_002.prj,source_terms/ZK403_single_source_sink_bulk_node.vtu,found_ancestor_working_directory,03_DFN_LRZ_calibration/source_terms/ZK403_single_source_sink_bulk_node.vtu,Nested calibration projects must be launched from their category root.
project_mesh,03_DFN_LRZ_calibration/random_wellhead_calibration/joint_downhole_head_calibration/projects/joint_002.prj,source_terms/ZK208_single_source_sink_bulk_node.vtu,found_ancestor_working_directory,03_DFN_LRZ_calibration/source_terms/ZK208_single_source_sink_bulk_node.vtu,Nested calibration projects must be launched from their category root.
project_mesh,03_DFN_LRZ_calibration/random_wellhead_calibration/joint_downhole_head_calibration/projects/joint_002.prj,source_terms/ZK203_single_source_sink_bulk_node.vtu,found_ancestor_working_directory,03_DFN_LRZ_calibration/source_terms/ZK203_single_source_sink_bulk_node.vtu,Nested calibration projects must be launched from their category root.
project_mesh,03_DFN_LRZ_calibration/random_wellhead_calibration/joint_downhole_head_calibration/projects/joint_003.prj,input_mesh/reservoir_with_lowres.vtu,found_ancestor_working_directory,03_DFN_LRZ_calibration/input_mesh/reservoir_with_lowres.vtu,Nested calibration projects must be launched from their category root.
project_mesh,03_DFN_LRZ_calibration/random_wellhead_calibration/joint_downhole_head_calibration/projects/joint_003.prj,source_terms/ZK403_single_source_sink_bulk_node.vtu,found_ancestor_working_directory,03_DFN_LRZ_calibration/source_terms/ZK403_single_source_sink_bulk_node.vtu,Nested calibration projects must be launched from their category root.
project_mesh,03_DFN_LRZ_calibration/random_wellhead_calibration/joint_downhole_head_calibration/projects/joint_003.prj,source_terms/ZK208_single_source_sink_bulk_node.vtu,found_ancestor_working_directory,03_DFN_LRZ_calibration/source_terms/ZK208_single_source_sink_bulk_node.vtu,Nested calibration projects must be launched from their category root.
project_mesh,03_DFN_LRZ_calibration/random_wellhead_calibration/joint_downhole_head_calibration/projects/joint_003.prj,source_terms/ZK203_single_source_sink_bulk_node.vtu,found_ancestor_working_directory,03_DFN_LRZ_calibration/source_terms/ZK203_single_source_sink_bulk_node.vtu,Nested calibration projects must be launched from their category root.
project_mesh,03_DFN_LRZ_calibration/random_wellhead_calibration/joint_downhole_head_calibration/projects/joint_004.prj,input_mesh/reservoir_with_lowres.vtu,found_ancestor_working_directory,03_DFN_LRZ_calibration/input_mesh/reservoir_with_lowres.vtu,Nested calibration projects must be launched from their category root.
project_mesh,03_DFN_LRZ_calibration/random_wellhead_calibration/joint_downhole_head_calibration/projects/joint_004.prj,source_terms/ZK403_single_source_sink_bulk_node.vtu,found_ancestor_working_directory,03_DFN_LRZ_calibration/source_terms/ZK403_single_source_sink_bulk_node.vtu,Nested calibration projects must be launched from their category root.
project_mesh,03_DFN_LRZ_calibration/random_wellhead_calibration/joint_downhole_head_calibration/projects/joint_004.prj,source_terms/ZK208_single_source_sink_bulk_node.vtu,found_ancestor_working_directory,03_DFN_LRZ_calibration/source_terms/ZK208_single_source_sink_bulk_node.vtu,Nested calibration projects must be launched from their category root.
project_mesh,03_DFN_LRZ_calibration/random_wellhead_calibration/joint_downhole_head_calibration/projects/joint_004.prj,source_terms/ZK203_single_source_sink_bulk_node.vtu,found_ancestor_working_directory,03_DFN_LRZ_calibration/source_terms/ZK203_single_source_sink_bulk_node.vtu,Nested calibration projects must be launched from their category root.
project_mesh,03_DFN_LRZ_calibration/random_wellhead_calibration/joint_downhole_head_calibration/projects/joint_005.prj,input_mesh/reservoir_with_lowres.vtu,found_ancestor_working_directory,03_DFN_LRZ_calibration/input_mesh/reservoir_with_lowres.vtu,Nested calibration projects must be launched from their category root.
project_mesh,03_DFN_LRZ_calibration/random_wellhead_calibration/joint_downhole_head_calibration/projects/joint_005.prj,source_terms/ZK403_single_source_sink_bulk_node.vtu,found_ancestor_working_directory,03_DFN_LRZ_calibration/source_terms/ZK403_single_source_sink_bulk_node.vtu,Nested calibration projects must be launched from their category root.
project_mesh,03_DFN_LRZ_calibration/random_wellhead_calibration/joint_downhole_head_calibration/projects/joint_005.prj,source_terms/ZK208_single_source_sink_bulk_node.vtu,found_ancestor_working_directory,03_DFN_LRZ_calibration/source_terms/ZK208_single_source_sink_bulk_node.vtu,Nested calibration projects must be launched from their category root.
project_mesh,03_DFN_LRZ_calibration/random_wellhead_calibration/joint_downhole_head_calibration/projects/joint_005.prj,source_terms/ZK203_single_source_sink_bulk_node.vtu,found_ancestor_working_directory,03_DFN_LRZ_calibration/source_terms/ZK203_single_source_sink_bulk_node.vtu,Nested calibration projects must be launched from their category root.
project_mesh,03_DFN_LRZ_calibration/random_wellhead_calibration/joint_downhole_head_calibration/projects/joint_006.prj,input_mesh/reservoir_with_lowres.vtu,found_ancestor_working_directory,03_DFN_LRZ_calibration/input_mesh/reservoir_with_lowres.vtu,Nested calibration projects must be launched from their category root.
project_mesh,03_DFN_LRZ_calibration/random_wellhead_calibration/joint_downhole_head_calibration/projects/joint_006.prj,source_terms/ZK403_single_source_sink_bulk_node.vtu,found_ancestor_working_directory,03_DFN_LRZ_calibration/source_terms/ZK403_single_source_sink_bulk_node.vtu,Nested calibration projects must be launched from their category root.
project_mesh,03_DFN_LRZ_calibration/random_wellhead_calibration/joint_downhole_head_calibration/projects/joint_006.prj,source_terms/ZK208_single_source_sink_bulk_node.vtu,found_ancestor_working_directory,03_DFN_LRZ_calibration/source_terms/ZK208_single_source_sink_bulk_node.vtu,Nested calibration projects must be launched from their category root.
project_mesh,03_DFN_LRZ_calibration/random_wellhead_calibration/joint_downhole_head_calibration/projects/joint_006.prj,source_terms/ZK203_single_source_sink_bulk_node.vtu,found_ancestor_working_directory,03_DFN_LRZ_calibration/source_terms/ZK203_single_source_sink_bulk_node.vtu,Nested calibration projects must be launched from their category root.
project_mesh,03_DFN_LRZ_calibration/random_wellhead_calibration/joint_downhole_head_calibration/projects/joint_007.prj,input_mesh/reservoir_with_lowres.vtu,found_ancestor_working_directory,03_DFN_LRZ_calibration/input_mesh/reservoir_with_lowres.vtu,Nested calibration projects must be launched from their category root.
project_mesh,03_DFN_LRZ_calibration/random_wellhead_calibration/joint_downhole_head_calibration/projects/joint_007.prj,source_terms/ZK403_single_source_sink_bulk_node.vtu,found_ancestor_working_directory,03_DFN_LRZ_calibration/source_terms/ZK403_single_source_sink_bulk_node.vtu,Nested calibration projects must be launched from their category root.
project_mesh,03_DFN_LRZ_calibration/random_wellhead_calibration/joint_downhole_head_calibration/projects/joint_007.prj,source_terms/ZK208_single_source_sink_bulk_node.vtu,found_ancestor_working_directory,03_DFN_LRZ_calibration/source_terms/ZK208_single_source_sink_bulk_node.vtu,Nested calibration projects must be launched from their category root.
project_mesh,03_DFN_LRZ_calibration/random_wellhead_calibration/joint_downhole_head_calibration/projects/joint_007.prj,source_terms/ZK203_single_source_sink_bulk_node.vtu,found_ancestor_working_directory,03_DFN_LRZ_calibration/source_terms/ZK203_single_source_sink_bulk_node.vtu,Nested calibration projects must be launched from their category root.
project_mesh,03_DFN_LRZ_calibration/random_wellhead_calibration/joint_downhole_head_calibration/projects/joint_008.prj,input_mesh/reservoir_with_lowres.vtu,found_ancestor_working_directory,03_DFN_LRZ_calibration/input_mesh/reservoir_with_lowres.vtu,Nested calibration projects must be launched from their category root.
project_mesh,03_DFN_LRZ_calibration/random_wellhead_calibration/joint_downhole_head_calibration/projects/joint_008.prj,source_terms/ZK403_single_source_sink_bulk_node.vtu,found_ancestor_working_directory,03_DFN_LRZ_calibration/source_terms/ZK403_single_source_sink_bulk_node.vtu,Nested calibration projects must be launched from their category root.
project_mesh,03_DFN_LRZ_calibration/random_wellhead_calibration/joint_downhole_head_calibration/projects/joint_008.prj,source_terms/ZK208_single_source_sink_bulk_node.vtu,found_ancestor_working_directory,03_DFN_LRZ_calibration/source_terms/ZK208_single_source_sink_bulk_node.vtu,Nested calibration projects must be launched from their category root.
project_mesh,03_DFN_LRZ_calibration/random_wellhead_calibration/joint_downhole_head_calibration/projects/joint_008.prj,source_terms/ZK203_single_source_sink_bulk_node.vtu,found_ancestor_working_directory,03_DFN_LRZ_calibration/source_terms/ZK203_single_source_sink_bulk_node.vtu,Nested calibration projects must be launched from their category root.
project_mesh,03_DFN_LRZ_calibration/random_wellhead_calibration/joint_downhole_head_calibration/projects/joint_009.prj,input_mesh/reservoir_with_lowres.vtu,found_ancestor_working_directory,03_DFN_LRZ_calibration/input_mesh/reservoir_with_lowres.vtu,Nested calibration projects must be launched from their category root.
project_mesh,03_DFN_LRZ_calibration/random_wellhead_calibration/joint_downhole_head_calibration/projects/joint_009.prj,source_terms/ZK403_single_source_sink_bulk_node.vtu,found_ancestor_working_directory,03_DFN_LRZ_calibration/source_terms/ZK403_single_source_sink_bulk_node.vtu,Nested calibration projects must be launched from their category root.
project_mesh,03_DFN_LRZ_calibration/random_wellhead_calibration/joint_downhole_head_calibration/projects/joint_009.prj,source_terms/ZK208_single_source_sink_bulk_node.vtu,found_ancestor_working_directory,03_DFN_LRZ_calibration/source_terms/ZK208_single_source_sink_bulk_node.vtu,Nested calibration projects must be launched from their category root.
project_mesh,03_DFN_LRZ_calibration/random_wellhead_calibration/joint_downhole_head_calibration/projects/joint_009.prj,source_terms/ZK203_single_source_sink_bulk_node.vtu,found_ancestor_working_directory,03_DFN_LRZ_calibration/source_terms/ZK203_single_source_sink_bulk_node.vtu,Nested calibration projects must be launched from their category root.
project_mesh,03_DFN_LRZ_calibration/random_wellhead_calibration/joint_downhole_head_calibration/projects/joint_010.prj,input_mesh/reservoir_with_lowres.vtu,found_ancestor_working_directory,03_DFN_LRZ_calibration/input_mesh/reservoir_with_lowres.vtu,Nested calibration projects must be launched from their category root.
project_mesh,03_DFN_LRZ_calibration/random_wellhead_calibration/joint_downhole_head_calibration/projects/joint_010.prj,source_terms/ZK403_single_source_sink_bulk_node.vtu,found_ancestor_working_directory,03_DFN_LRZ_calibration/source_terms/ZK403_single_source_sink_bulk_node.vtu,Nested calibration projects must be launched from their category root.
project_mesh,03_DFN_LRZ_calibration/random_wellhead_calibration/joint_downhole_head_calibration/projects/joint_010.prj,source_terms/ZK208_single_source_sink_bulk_node.vtu,found_ancestor_working_directory,03_DFN_LRZ_calibration/source_terms/ZK208_single_source_sink_bulk_node.vtu,Nested calibration projects must be launched from their category root.
project_mesh,03_DFN_LRZ_calibration/random_wellhead_calibration/joint_downhole_head_calibration/projects/joint_010.prj,source_terms/ZK203_single_source_sink_bulk_node.vtu,found_ancestor_working_directory,03_DFN_LRZ_calibration/source_terms/ZK203_single_source_sink_bulk_node.vtu,Nested calibration projects must be launched from their category root.
project_mesh,03_DFN_LRZ_calibration/random_wellhead_calibration/joint_downhole_head_calibration/projects/joint_011.prj,input_mesh/reservoir_with_lowres.vtu,found_ancestor_working_directory,03_DFN_LRZ_calibration/input_mesh/reservoir_with_lowres.vtu,Nested calibration projects must be launched from their category root.
project_mesh,03_DFN_LRZ_calibration/random_wellhead_calibration/joint_downhole_head_calibration/projects/joint_011.prj,source_terms/ZK403_single_source_sink_bulk_node.vtu,found_ancestor_working_directory,03_DFN_LRZ_calibration/source_terms/ZK403_single_source_sink_bulk_node.vtu,Nested calibration projects must be launched from their category root.
project_mesh,03_DFN_LRZ_calibration/random_wellhead_calibration/joint_downhole_head_calibration/projects/joint_011.prj,source_terms/ZK208_single_source_sink_bulk_node.vtu,found_ancestor_working_directory,03_DFN_LRZ_calibration/source_terms/ZK208_single_source_sink_bulk_node.vtu,Nested calibration projects must be launched from their category root.
project_mesh,03_DFN_LRZ_calibration/random_wellhead_calibration/joint_downhole_head_calibration/projects/joint_011.prj,source_terms/ZK203_single_source_sink_bulk_node.vtu,found_ancestor_working_directory,03_DFN_LRZ_calibration/source_terms/ZK203_single_source_sink_bulk_node.vtu,Nested calibration projects must be launched from their category root.
project_mesh,03_DFN_LRZ_calibration/random_wellhead_calibration/joint_downhole_head_calibration/projects/joint_012.prj,input_mesh/reservoir_with_lowres.vtu,found_ancestor_working_directory,03_DFN_LRZ_calibration/input_mesh/reservoir_with_lowres.vtu,Nested calibration projects must be launched from their category root.
project_mesh,03_DFN_LRZ_calibration/random_wellhead_calibration/joint_downhole_head_calibration/projects/joint_012.prj,source_terms/ZK403_single_source_sink_bulk_node.vtu,found_ancestor_working_directory,03_DFN_LRZ_calibration/source_terms/ZK403_single_source_sink_bulk_node.vtu,Nested calibration projects must be launched from their category root.
project_mesh,03_DFN_LRZ_calibration/random_wellhead_calibration/joint_downhole_head_calibration/projects/joint_012.prj,source_terms/ZK208_single_source_sink_bulk_node.vtu,found_ancestor_working_directory,03_DFN_LRZ_calibration/source_terms/ZK208_single_source_sink_bulk_node.vtu,Nested calibration projects must be launched from their category root.
project_mesh,03_DFN_LRZ_calibration/random_wellhead_calibration/joint_downhole_head_calibration/projects/joint_012.prj,source_terms/ZK203_single_source_sink_bulk_node.vtu,found_ancestor_working_directory,03_DFN_LRZ_calibration/source_terms/ZK203_single_source_sink_bulk_node.vtu,Nested calibration projects must be launched from their category root.
project_mesh,03_DFN_LRZ_calibration/random_wellhead_calibration/joint_downhole_head_calibration/projects/joint_013.prj,input_mesh/reservoir_with_lowres.vtu,found_ancestor_working_directory,03_DFN_LRZ_calibration/input_mesh/reservoir_with_lowres.vtu,Nested calibration projects must be launched from their category root.
project_mesh,03_DFN_LRZ_calibration/random_wellhead_calibration/joint_downhole_head_calibration/projects/joint_013.prj,source_terms/ZK403_single_source_sink_bulk_node.vtu,found_ancestor_working_directory,03_DFN_LRZ_calibration/source_terms/ZK403_single_source_sink_bulk_node.vtu,Nested calibration projects must be launched from their category root.
project_mesh,03_DFN_LRZ_calibration/random_wellhead_calibration/joint_downhole_head_calibration/projects/joint_013.prj,source_terms/ZK208_single_source_sink_bulk_node.vtu,found_ancestor_working_directory,03_DFN_LRZ_calibration/source_terms/ZK208_single_source_sink_bulk_node.vtu,Nested calibration projects must be launched from their category root.
project_mesh,03_DFN_LRZ_calibration/random_wellhead_calibration/joint_downhole_head_calibration/projects/joint_013.prj,source_terms/ZK203_single_source_sink_bulk_node.vtu,found_ancestor_working_directory,03_DFN_LRZ_calibration/source_terms/ZK203_single_source_sink_bulk_node.vtu,Nested calibration projects must be launched from their category root.
project_mesh,03_DFN_LRZ_calibration/random_wellhead_calibration/joint_downhole_head_calibration/projects/joint_014.prj,input_mesh/reservoir_with_lowres.vtu,found_ancestor_working_directory,03_DFN_LRZ_calibration/input_mesh/reservoir_with_lowres.vtu,Nested calibration projects must be launched from their category root.
project_mesh,03_DFN_LRZ_calibration/random_wellhead_calibration/joint_downhole_head_calibration/projects/joint_014.prj,source_terms/ZK403_single_source_sink_bulk_node.vtu,found_ancestor_working_directory,03_DFN_LRZ_calibration/source_terms/ZK403_single_source_sink_bulk_node.vtu,Nested calibration projects must be launched from their category root.
project_mesh,03_DFN_LRZ_calibration/random_wellhead_calibration/joint_downhole_head_calibration/projects/joint_014.prj,source_terms/ZK208_single_source_sink_bulk_node.vtu,found_ancestor_working_directory,03_DFN_LRZ_calibration/source_terms/ZK208_single_source_sink_bulk_node.vtu,Nested calibration projects must be launched from their category root.
project_mesh,03_DFN_LRZ_calibration/random_wellhead_calibration/joint_downhole_head_calibration/projects/joint_014.prj,source_terms/ZK203_single_source_sink_bulk_node.vtu,found_ancestor_working_directory,03_DFN_LRZ_calibration/source_terms/ZK203_single_source_sink_bulk_node.vtu,Nested calibration projects must be launched from their category root.
project_mesh,03_DFN_LRZ_calibration/random_wellhead_calibration/joint_downhole_head_calibration/projects/joint_015.prj,input_mesh/reservoir_with_lowres.vtu,found_ancestor_working_directory,03_DFN_LRZ_calibration/input_mesh/reservoir_with_lowres.vtu,Nested calibration projects must be launched from their category root.
project_mesh,03_DFN_LRZ_calibration/random_wellhead_calibration/joint_downhole_head_calibration/projects/joint_015.prj,source_terms/ZK403_single_source_sink_bulk_node.vtu,found_ancestor_working_directory,03_DFN_LRZ_calibration/source_terms/ZK403_single_source_sink_bulk_node.vtu,Nested calibration projects must be launched from their category root.
project_mesh,03_DFN_LRZ_calibration/random_wellhead_calibration/joint_downhole_head_calibration/projects/joint_015.prj,source_terms/ZK208_single_source_sink_bulk_node.vtu,found_ancestor_working_directory,03_DFN_LRZ_calibration/source_terms/ZK208_single_source_sink_bulk_node.vtu,Nested calibration projects must be launched from their category root.
project_mesh,03_DFN_LRZ_calibration/random_wellhead_calibration/joint_downhole_head_calibration/projects/joint_015.prj,source_terms/ZK203_single_source_sink_bulk_node.vtu,found_ancestor_working_directory,03_DFN_LRZ_calibration/source_terms/ZK203_single_source_sink_bulk_node.vtu,Nested calibration projects must be launched from their category root.
project_mesh,03_DFN_LRZ_calibration/random_wellhead_calibration/joint_downhole_head_calibration/projects/joint_016.prj,input_mesh/reservoir_with_lowres.vtu,found_ancestor_working_directory,03_DFN_LRZ_calibration/input_mesh/reservoir_with_lowres.vtu,Nested calibration projects must be launched from their category root.
project_mesh,03_DFN_LRZ_calibration/random_wellhead_calibration/joint_downhole_head_calibration/projects/joint_016.prj,source_terms/ZK403_single_source_sink_bulk_node.vtu,found_ancestor_working_directory,03_DFN_LRZ_calibration/source_terms/ZK403_single_source_sink_bulk_node.vtu,Nested calibration projects must be launched from their category root.
project_mesh,03_DFN_LRZ_calibration/random_wellhead_calibration/joint_downhole_head_calibration/projects/joint_016.prj,source_terms/ZK208_single_source_sink_bulk_node.vtu,found_ancestor_working_directory,03_DFN_LRZ_calibration/source_terms/ZK208_single_source_sink_bulk_node.vtu,Nested calibration projects must be launched from their category root.
project_mesh,03_DFN_LRZ_calibration/random_wellhead_calibration/joint_downhole_head_calibration/projects/joint_016.prj,source_terms/ZK203_single_source_sink_bulk_node.vtu,found_ancestor_working_directory,03_DFN_LRZ_calibration/source_terms/ZK203_single_source_sink_bulk_node.vtu,Nested calibration projects must be launched from their category root.
project_mesh,03_DFN_LRZ_calibration/random_wellhead_calibration/joint_downhole_head_calibration/projects/joint_017.prj,input_mesh/reservoir_with_lowres.vtu,found_ancestor_working_directory,03_DFN_LRZ_calibration/input_mesh/reservoir_with_lowres.vtu,Nested calibration projects must be launched from their category root.
project_mesh,03_DFN_LRZ_calibration/random_wellhead_calibration/joint_downhole_head_calibration/projects/joint_017.prj,source_terms/ZK403_single_source_sink_bulk_node.vtu,found_ancestor_working_directory,03_DFN_LRZ_calibration/source_terms/ZK403_single_source_sink_bulk_node.vtu,Nested calibration projects must be launched from their category root.
project_mesh,03_DFN_LRZ_calibration/random_wellhead_calibration/joint_downhole_head_calibration/projects/joint_017.prj,source_terms/ZK208_single_source_sink_bulk_node.vtu,found_ancestor_working_directory,03_DFN_LRZ_calibration/source_terms/ZK208_single_source_sink_bulk_node.vtu,Nested calibration projects must be launched from their category root.
project_mesh,03_DFN_LRZ_calibration/random_wellhead_calibration/joint_downhole_head_calibration/projects/joint_017.prj,source_terms/ZK203_single_source_sink_bulk_node.vtu,found_ancestor_working_directory,03_DFN_LRZ_calibration/source_terms/ZK203_single_source_sink_bulk_node.vtu,Nested calibration projects must be launched from their category root.
project_mesh,03_DFN_LRZ_calibration/random_wellhead_calibration/joint_downhole_head_calibration/projects/joint_018.prj,input_mesh/reservoir_with_lowres.vtu,found_ancestor_working_directory,03_DFN_LRZ_calibration/input_mesh/reservoir_with_lowres.vtu,Nested calibration projects must be launched from their category root.
project_mesh,03_DFN_LRZ_calibration/random_wellhead_calibration/joint_downhole_head_calibration/projects/joint_018.prj,source_terms/ZK403_single_source_sink_bulk_node.vtu,found_ancestor_working_directory,03_DFN_LRZ_calibration/source_terms/ZK403_single_source_sink_bulk_node.vtu,Nested calibration projects must be launched from their category root.
project_mesh,03_DFN_LRZ_calibration/random_wellhead_calibration/joint_downhole_head_calibration/projects/joint_018.prj,source_terms/ZK208_single_source_sink_bulk_node.vtu,found_ancestor_working_directory,03_DFN_LRZ_calibration/source_terms/ZK208_single_source_sink_bulk_node.vtu,Nested calibration projects must be launched from their category root.
project_mesh,03_DFN_LRZ_calibration/random_wellhead_calibration/joint_downhole_head_calibration/projects/joint_018.prj,source_terms/ZK203_single_source_sink_bulk_node.vtu,found_ancestor_working_directory,03_DFN_LRZ_calibration/source_terms/ZK203_single_source_sink_bulk_node.vtu,Nested calibration projects must be launched from their category root.
project_mesh,03_DFN_LRZ_calibration/random_wellhead_calibration/joint_downhole_head_calibration/projects/joint_019.prj,input_mesh/reservoir_with_lowres.vtu,found_ancestor_working_directory,03_DFN_LRZ_calibration/input_mesh/reservoir_with_lowres.vtu,Nested calibration projects must be launched from their category root.
project_mesh,03_DFN_LRZ_calibration/random_wellhead_calibration/joint_downhole_head_calibration/projects/joint_019.prj,source_terms/ZK403_single_source_sink_bulk_node.vtu,found_ancestor_working_directory,03_DFN_LRZ_calibration/source_terms/ZK403_single_source_sink_bulk_node.vtu,Nested calibration projects must be launched from their category root.
project_mesh,03_DFN_LRZ_calibration/random_wellhead_calibration/joint_downhole_head_calibration/projects/joint_019.prj,source_terms/ZK208_single_source_sink_bulk_node.vtu,found_ancestor_working_directory,03_DFN_LRZ_calibration/source_terms/ZK208_single_source_sink_bulk_node.vtu,Nested calibration projects must be launched from their category root.
project_mesh,03_DFN_LRZ_calibration/random_wellhead_calibration/joint_downhole_head_calibration/projects/joint_019.prj,source_terms/ZK203_single_source_sink_bulk_node.vtu,found_ancestor_working_directory,03_DFN_LRZ_calibration/source_terms/ZK203_single_source_sink_bulk_node.vtu,Nested calibration projects must be launched from their category root.
project_mesh,03_DFN_LRZ_calibration/random_wellhead_calibration/joint_downhole_head_calibration/projects/joint_020.prj,input_mesh/reservoir_with_lowres.vtu,found_ancestor_working_directory,03_DFN_LRZ_calibration/input_mesh/reservoir_with_lowres.vtu,Nested calibration projects must be launched from their category root.
project_mesh,03_DFN_LRZ_calibration/random_wellhead_calibration/joint_downhole_head_calibration/projects/joint_020.prj,source_terms/ZK403_single_source_sink_bulk_node.vtu,found_ancestor_working_directory,03_DFN_LRZ_calibration/source_terms/ZK403_single_source_sink_bulk_node.vtu,Nested calibration projects must be launched from their category root.
project_mesh,03_DFN_LRZ_calibration/random_wellhead_calibration/joint_downhole_head_calibration/projects/joint_020.prj,source_terms/ZK208_single_source_sink_bulk_node.vtu,found_ancestor_working_directory,03_DFN_LRZ_calibration/source_terms/ZK208_single_source_sink_bulk_node.vtu,Nested calibration projects must be launched from their category root.
project_mesh,03_DFN_LRZ_calibration/random_wellhead_calibration/joint_downhole_head_calibration/projects/joint_020.prj,source_terms/ZK203_single_source_sink_bulk_node.vtu,found_ancestor_working_directory,03_DFN_LRZ_calibration/source_terms/ZK203_single_source_sink_bulk_node.vtu,Nested calibration projects must be launched from their category root.
project_mesh,03_DFN_LRZ_calibration/random_wellhead_calibration/joint_downhole_head_calibration/projects/joint_021.prj,input_mesh/reservoir_with_lowres.vtu,found_ancestor_working_directory,03_DFN_LRZ_calibration/input_mesh/reservoir_with_lowres.vtu,Nested calibration projects must be launched from their category root.
project_mesh,03_DFN_LRZ_calibration/random_wellhead_calibration/joint_downhole_head_calibration/projects/joint_021.prj,source_terms/ZK403_single_source_sink_bulk_node.vtu,found_ancestor_working_directory,03_DFN_LRZ_calibration/source_terms/ZK403_single_source_sink_bulk_node.vtu,Nested calibration projects must be launched from their category root.
project_mesh,03_DFN_LRZ_calibration/random_wellhead_calibration/joint_downhole_head_calibration/projects/joint_021.prj,source_terms/ZK208_single_source_sink_bulk_node.vtu,found_ancestor_working_directory,03_DFN_LRZ_calibration/source_terms/ZK208_single_source_sink_bulk_node.vtu,Nested calibration projects must be launched from their category root.
project_mesh,03_DFN_LRZ_calibration/random_wellhead_calibration/joint_downhole_head_calibration/projects/joint_021.prj,source_terms/ZK203_single_source_sink_bulk_node.vtu,found_ancestor_working_directory,03_DFN_LRZ_calibration/source_terms/ZK203_single_source_sink_bulk_node.vtu,Nested calibration projects must be launched from their category root.
project_mesh,03_DFN_LRZ_calibration/random_wellhead_calibration/joint_downhole_head_calibration/projects/joint_022.prj,input_mesh/reservoir_with_lowres.vtu,found_ancestor_working_directory,03_DFN_LRZ_calibration/input_mesh/reservoir_with_lowres.vtu,Nested calibration projects must be launched from their category root.
project_mesh,03_DFN_LRZ_calibration/random_wellhead_calibration/joint_downhole_head_calibration/projects/joint_022.prj,source_terms/ZK403_single_source_sink_bulk_node.vtu,found_ancestor_working_directory,03_DFN_LRZ_calibration/source_terms/ZK403_single_source_sink_bulk_node.vtu,Nested calibration projects must be launched from their category root.
project_mesh,03_DFN_LRZ_calibration/random_wellhead_calibration/joint_downhole_head_calibration/projects/joint_022.prj,source_terms/ZK208_single_source_sink_bulk_node.vtu,found_ancestor_working_directory,03_DFN_LRZ_calibration/source_terms/ZK208_single_source_sink_bulk_node.vtu,Nested calibration projects must be launched from their category root.
project_mesh,03_DFN_LRZ_calibration/random_wellhead_calibration/joint_downhole_head_calibration/projects/joint_022.prj,source_terms/ZK203_single_source_sink_bulk_node.vtu,found_ancestor_working_directory,03_DFN_LRZ_calibration/source_terms/ZK203_single_source_sink_bulk_node.vtu,Nested calibration projects must be launched from their category root.
project_mesh,03_DFN_LRZ_calibration/random_wellhead_calibration/joint_downhole_head_calibration/projects/joint_023.prj,input_mesh/reservoir_with_lowres.vtu,found_ancestor_working_directory,03_DFN_LRZ_calibration/input_mesh/reservoir_with_lowres.vtu,Nested calibration projects must be launched from their category root.
project_mesh,03_DFN_LRZ_calibration/random_wellhead_calibration/joint_downhole_head_calibration/projects/joint_023.prj,source_terms/ZK403_single_source_sink_bulk_node.vtu,found_ancestor_working_directory,03_DFN_LRZ_calibration/source_terms/ZK403_single_source_sink_bulk_node.vtu,Nested calibration projects must be launched from their category root.
project_mesh,03_DFN_LRZ_calibration/random_wellhead_calibration/joint_downhole_head_calibration/projects/joint_023.prj,source_terms/ZK208_single_source_sink_bulk_node.vtu,found_ancestor_working_directory,03_DFN_LRZ_calibration/source_terms/ZK208_single_source_sink_bulk_node.vtu,Nested calibration projects must be launched from their category root.
project_mesh,03_DFN_LRZ_calibration/random_wellhead_calibration/joint_downhole_head_calibration/projects/joint_023.prj,source_terms/ZK203_single_source_sink_bulk_node.vtu,found_ancestor_working_directory,03_DFN_LRZ_calibration/source_terms/ZK203_single_source_sink_bulk_node.vtu,Nested calibration projects must be launched from their category root.
project_mesh,03_DFN_LRZ_calibration/random_wellhead_calibration/joint_downhole_head_calibration/projects/joint_024.prj,input_mesh/reservoir_with_lowres.vtu,found_ancestor_working_directory,03_DFN_LRZ_calibration/input_mesh/reservoir_with_lowres.vtu,Nested calibration projects must be launched from their category root.
project_mesh,03_DFN_LRZ_calibration/random_wellhead_calibration/joint_downhole_head_calibration/projects/joint_024.prj,source_terms/ZK403_single_source_sink_bulk_node.vtu,found_ancestor_working_directory,03_DFN_LRZ_calibration/source_terms/ZK403_single_source_sink_bulk_node.vtu,Nested calibration projects must be launched from their category root.
project_mesh,03_DFN_LRZ_calibration/random_wellhead_calibration/joint_downhole_head_calibration/projects/joint_024.prj,source_terms/ZK208_single_source_sink_bulk_node.vtu,found_ancestor_working_directory,03_DFN_LRZ_calibration/source_terms/ZK208_single_source_sink_bulk_node.vtu,Nested calibration projects must be launched from their category root.
project_mesh,03_DFN_LRZ_calibration/random_wellhead_calibration/joint_downhole_head_calibration/projects/joint_024.prj,source_terms/ZK203_single_source_sink_bulk_node.vtu,found_ancestor_working_directory,03_DFN_LRZ_calibration/source_terms/ZK203_single_source_sink_bulk_node.vtu,Nested calibration projects must be launched from their category root.
project_mesh,03_DFN_LRZ_calibration/random_wellhead_calibration/joint_downhole_head_calibration/projects/joint_025.prj,input_mesh/reservoir_with_lowres.vtu,found_ancestor_working_directory,03_DFN_LRZ_calibration/input_mesh/reservoir_with_lowres.vtu,Nested calibration projects must be launched from their category root.
project_mesh,03_DFN_LRZ_calibration/random_wellhead_calibration/joint_downhole_head_calibration/projects/joint_025.prj,source_terms/ZK403_single_source_sink_bulk_node.vtu,found_ancestor_working_directory,03_DFN_LRZ_calibration/source_terms/ZK403_single_source_sink_bulk_node.vtu,Nested calibration projects must be launched from their category root.
project_mesh,03_DFN_LRZ_calibration/random_wellhead_calibration/joint_downhole_head_calibration/projects/joint_025.prj,source_terms/ZK208_single_source_sink_bulk_node.vtu,found_ancestor_working_directory,03_DFN_LRZ_calibration/source_terms/ZK208_single_source_sink_bulk_node.vtu,Nested calibration projects must be launched from their category root.
project_mesh,03_DFN_LRZ_calibration/random_wellhead_calibration/joint_downhole_head_calibration/projects/joint_025.prj,source_terms/ZK203_single_source_sink_bulk_node.vtu,found_ancestor_working_directory,03_DFN_LRZ_calibration/source_terms/ZK203_single_source_sink_bulk_node.vtu,Nested calibration projects must be launched from their category root.
project_mesh,03_DFN_LRZ_calibration/random_wellhead_calibration/joint_downhole_head_calibration/projects/joint_026.prj,input_mesh/reservoir_with_lowres.vtu,found_ancestor_working_directory,03_DFN_LRZ_calibration/input_mesh/reservoir_with_lowres.vtu,Nested calibration projects must be launched from their category root.
project_mesh,03_DFN_LRZ_calibration/random_wellhead_calibration/joint_downhole_head_calibration/projects/joint_026.prj,source_terms/ZK403_single_source_sink_bulk_node.vtu,found_ancestor_working_directory,03_DFN_LRZ_calibration/source_terms/ZK403_single_source_sink_bulk_node.vtu,Nested calibration projects must be launched from their category root.
project_mesh,03_DFN_LRZ_calibration/random_wellhead_calibration/joint_downhole_head_calibration/projects/joint_026.prj,source_terms/ZK208_single_source_sink_bulk_node.vtu,found_ancestor_working_directory,03_DFN_LRZ_calibration/source_terms/ZK208_single_source_sink_bulk_node.vtu,Nested calibration projects must be launched from their category root.
project_mesh,03_DFN_LRZ_calibration/random_wellhead_calibration/joint_downhole_head_calibration/projects/joint_026.prj,source_terms/ZK203_single_source_sink_bulk_node.vtu,found_ancestor_working_directory,03_DFN_LRZ_calibration/source_terms/ZK203_single_source_sink_bulk_node.vtu,Nested calibration projects must be launched from their category root.
project_mesh,03_DFN_LRZ_calibration/random_wellhead_calibration/joint_downhole_head_calibration/projects/joint_027.prj,input_mesh/reservoir_with_lowres.vtu,found_ancestor_working_directory,03_DFN_LRZ_calibration/input_mesh/reservoir_with_lowres.vtu,Nested calibration projects must be launched from their category root.
project_mesh,03_DFN_LRZ_calibration/random_wellhead_calibration/joint_downhole_head_calibration/projects/joint_027.prj,source_terms/ZK403_single_source_sink_bulk_node.vtu,found_ancestor_working_directory,03_DFN_LRZ_calibration/source_terms/ZK403_single_source_sink_bulk_node.vtu,Nested calibration projects must be launched from their category root.
project_mesh,03_DFN_LRZ_calibration/random_wellhead_calibration/joint_downhole_head_calibration/projects/joint_027.prj,source_terms/ZK208_single_source_sink_bulk_node.vtu,found_ancestor_working_directory,03_DFN_LRZ_calibration/source_terms/ZK208_single_source_sink_bulk_node.vtu,Nested calibration projects must be launched from their category root.
project_mesh,03_DFN_LRZ_calibration/random_wellhead_calibration/joint_downhole_head_calibration/projects/joint_027.prj,source_terms/ZK203_single_source_sink_bulk_node.vtu,found_ancestor_working_directory,03_DFN_LRZ_calibration/source_terms/ZK203_single_source_sink_bulk_node.vtu,Nested calibration projects must be launched from their category root.
project_mesh,03_DFN_LRZ_calibration/random_wellhead_calibration/joint_downhole_head_calibration/projects/joint_028.prj,input_mesh/reservoir_with_lowres.vtu,found_ancestor_working_directory,03_DFN_LRZ_calibration/input_mesh/reservoir_with_lowres.vtu,Nested calibration projects must be launched from their category root.
project_mesh,03_DFN_LRZ_calibration/random_wellhead_calibration/joint_downhole_head_calibration/projects/joint_028.prj,source_terms/ZK403_single_source_sink_bulk_node.vtu,found_ancestor_working_directory,03_DFN_LRZ_calibration/source_terms/ZK403_single_source_sink_bulk_node.vtu,Nested calibration projects must be launched from their category root.
project_mesh,03_DFN_LRZ_calibration/random_wellhead_calibration/joint_downhole_head_calibration/projects/joint_028.prj,source_terms/ZK208_single_source_sink_bulk_node.vtu,found_ancestor_working_directory,03_DFN_LRZ_calibration/source_terms/ZK208_single_source_sink_bulk_node.vtu,Nested calibration projects must be launched from their category root.
project_mesh,03_DFN_LRZ_calibration/random_wellhead_calibration/joint_downhole_head_calibration/projects/joint_028.prj,source_terms/ZK203_single_source_sink_bulk_node.vtu,found_ancestor_working_directory,03_DFN_LRZ_calibration/source_terms/ZK203_single_source_sink_bulk_node.vtu,Nested calibration projects must be launched from their category root.
project_mesh,03_DFN_LRZ_calibration/random_wellhead_calibration/joint_downhole_head_calibration/projects/joint_029.prj,input_mesh/reservoir_with_lowres.vtu,found_ancestor_working_directory,03_DFN_LRZ_calibration/input_mesh/reservoir_with_lowres.vtu,Nested calibration projects must be launched from their category root.
project_mesh,03_DFN_LRZ_calibration/random_wellhead_calibration/joint_downhole_head_calibration/projects/joint_029.prj,source_terms/ZK403_single_source_sink_bulk_node.vtu,found_ancestor_working_directory,03_DFN_LRZ_calibration/source_terms/ZK403_single_source_sink_bulk_node.vtu,Nested calibration projects must be launched from their category root.
project_mesh,03_DFN_LRZ_calibration/random_wellhead_calibration/joint_downhole_head_calibration/projects/joint_029.prj,source_terms/ZK208_single_source_sink_bulk_node.vtu,found_ancestor_working_directory,03_DFN_LRZ_calibration/source_terms/ZK208_single_source_sink_bulk_node.vtu,Nested calibration projects must be launched from their category root.
project_mesh,03_DFN_LRZ_calibration/random_wellhead_calibration/joint_downhole_head_calibration/projects/joint_029.prj,source_terms/ZK203_single_source_sink_bulk_node.vtu,found_ancestor_working_directory,03_DFN_LRZ_calibration/source_terms/ZK203_single_source_sink_bulk_node.vtu,Nested calibration projects must be launched from their category root.
project_mesh,03_DFN_LRZ_calibration/random_wellhead_calibration/joint_downhole_head_calibration/projects/joint_030.prj,input_mesh/reservoir_with_lowres.vtu,found_ancestor_working_directory,03_DFN_LRZ_calibration/input_mesh/reservoir_with_lowres.vtu,Nested calibration projects must be launched from their category root.
project_mesh,03_DFN_LRZ_calibration/random_wellhead_calibration/joint_downhole_head_calibration/projects/joint_030.prj,source_terms/ZK403_single_source_sink_bulk_node.vtu,found_ancestor_working_directory,03_DFN_LRZ_calibration/source_terms/ZK403_single_source_sink_bulk_node.vtu,Nested calibration projects must be launched from their category root.
project_mesh,03_DFN_LRZ_calibration/random_wellhead_calibration/joint_downhole_head_calibration/projects/joint_030.prj,source_terms/ZK208_single_source_sink_bulk_node.vtu,found_ancestor_working_directory,03_DFN_LRZ_calibration/source_terms/ZK208_single_source_sink_bulk_node.vtu,Nested calibration projects must be launched from their category root.
project_mesh,03_DFN_LRZ_calibration/random_wellhead_calibration/joint_downhole_head_calibration/projects/joint_030.prj,source_terms/ZK203_single_source_sink_bulk_node.vtu,found_ancestor_working_directory,03_DFN_LRZ_calibration/source_terms/ZK203_single_source_sink_bulk_node.vtu,Nested calibration projects must be launched from their category root.
project_mesh,03_DFN_LRZ_calibration/random_wellhead_calibration/joint_downhole_head_calibration/projects/joint_031.prj,input_mesh/reservoir_with_lowres.vtu,found_ancestor_working_directory,03_DFN_LRZ_calibration/input_mesh/reservoir_with_lowres.vtu,Nested calibration projects must be launched from their category root.
project_mesh,03_DFN_LRZ_calibration/random_wellhead_calibration/joint_downhole_head_calibration/projects/joint_031.prj,source_terms/ZK403_single_source_sink_bulk_node.vtu,found_ancestor_working_directory,03_DFN_LRZ_calibration/source_terms/ZK403_single_source_sink_bulk_node.vtu,Nested calibration projects must be launched from their category root.
project_mesh,03_DFN_LRZ_calibration/random_wellhead_calibration/joint_downhole_head_calibration/projects/joint_031.prj,source_terms/ZK208_single_source_sink_bulk_node.vtu,found_ancestor_working_directory,03_DFN_LRZ_calibration/source_terms/ZK208_single_source_sink_bulk_node.vtu,Nested calibration projects must be launched from their category root.
project_mesh,03_DFN_LRZ_calibration/random_wellhead_calibration/joint_downhole_head_calibration/projects/joint_031.prj,source_terms/ZK203_single_source_sink_bulk_node.vtu,found_ancestor_working_directory,03_DFN_LRZ_calibration/source_terms/ZK203_single_source_sink_bulk_node.vtu,Nested calibration projects must be launched from their category root.
project_mesh,03_DFN_LRZ_calibration/random_wellhead_calibration/joint_downhole_head_calibration/projects/joint_032.prj,input_mesh/reservoir_with_lowres.vtu,found_ancestor_working_directory,03_DFN_LRZ_calibration/input_mesh/reservoir_with_lowres.vtu,Nested calibration projects must be launched from their category root.
project_mesh,03_DFN_LRZ_calibration/random_wellhead_calibration/joint_downhole_head_calibration/projects/joint_032.prj,source_terms/ZK403_single_source_sink_bulk_node.vtu,found_ancestor_working_directory,03_DFN_LRZ_calibration/source_terms/ZK403_single_source_sink_bulk_node.vtu,Nested calibration projects must be launched from their category root.
project_mesh,03_DFN_LRZ_calibration/random_wellhead_calibration/joint_downhole_head_calibration/projects/joint_032.prj,source_terms/ZK208_single_source_sink_bulk_node.vtu,found_ancestor_working_directory,03_DFN_LRZ_calibration/source_terms/ZK208_single_source_sink_bulk_node.vtu,Nested calibration projects must be launched from their category root.
project_mesh,03_DFN_LRZ_calibration/random_wellhead_calibration/joint_downhole_head_calibration/projects/joint_032.prj,source_terms/ZK203_single_source_sink_bulk_node.vtu,found_ancestor_working_directory,03_DFN_LRZ_calibration/source_terms/ZK203_single_source_sink_bulk_node.vtu,Nested calibration projects must be launched from their category root.
project_mesh,03_DFN_LRZ_calibration/random_wellhead_calibration/joint_downhole_head_calibration/projects/joint_033.prj,input_mesh/reservoir_with_lowres.vtu,found_ancestor_working_directory,03_DFN_LRZ_calibration/input_mesh/reservoir_with_lowres.vtu,Nested calibration projects must be launched from their category root.
project_mesh,03_DFN_LRZ_calibration/random_wellhead_calibration/joint_downhole_head_calibration/projects/joint_033.prj,source_terms/ZK403_single_source_sink_bulk_node.vtu,found_ancestor_working_directory,03_DFN_LRZ_calibration/source_terms/ZK403_single_source_sink_bulk_node.vtu,Nested calibration projects must be launched from their category root.
project_mesh,03_DFN_LRZ_calibration/random_wellhead_calibration/joint_downhole_head_calibration/projects/joint_033.prj,source_terms/ZK208_single_source_sink_bulk_node.vtu,found_ancestor_working_directory,03_DFN_LRZ_calibration/source_terms/ZK208_single_source_sink_bulk_node.vtu,Nested calibration projects must be launched from their category root.
project_mesh,03_DFN_LRZ_calibration/random_wellhead_calibration/joint_downhole_head_calibration/projects/joint_033.prj,source_terms/ZK203_single_source_sink_bulk_node.vtu,found_ancestor_working_directory,03_DFN_LRZ_calibration/source_terms/ZK203_single_source_sink_bulk_node.vtu,Nested calibration projects must be launched from their category root.
project_mesh,03_DFN_LRZ_calibration/random_wellhead_calibration/joint_downhole_head_calibration/projects/joint_034.prj,input_mesh/reservoir_with_lowres.vtu,found_ancestor_working_directory,03_DFN_LRZ_calibration/input_mesh/reservoir_with_lowres.vtu,Nested calibration projects must be launched from their category root.
project_mesh,03_DFN_LRZ_calibration/random_wellhead_calibration/joint_downhole_head_calibration/projects/joint_034.prj,source_terms/ZK403_single_source_sink_bulk_node.vtu,found_ancestor_working_directory,03_DFN_LRZ_calibration/source_terms/ZK403_single_source_sink_bulk_node.vtu,Nested calibration projects must be launched from their category root.
project_mesh,03_DFN_LRZ_calibration/random_wellhead_calibration/joint_downhole_head_calibration/projects/joint_034.prj,source_terms/ZK208_single_source_sink_bulk_node.vtu,found_ancestor_working_directory,03_DFN_LRZ_calibration/source_terms/ZK208_single_source_sink_bulk_node.vtu,Nested calibration projects must be launched from their category root.
project_mesh,03_DFN_LRZ_calibration/random_wellhead_calibration/joint_downhole_head_calibration/projects/joint_034.prj,source_terms/ZK203_single_source_sink_bulk_node.vtu,found_ancestor_working_directory,03_DFN_LRZ_calibration/source_terms/ZK203_single_source_sink_bulk_node.vtu,Nested calibration projects must be launched from their category root.
project_mesh,03_DFN_LRZ_calibration/random_wellhead_calibration/joint_downhole_head_calibration/projects/joint_035.prj,input_mesh/reservoir_with_lowres.vtu,found_ancestor_working_directory,03_DFN_LRZ_calibration/input_mesh/reservoir_with_lowres.vtu,Nested calibration projects must be launched from their category root.
project_mesh,03_DFN_LRZ_calibration/random_wellhead_calibration/joint_downhole_head_calibration/projects/joint_035.prj,source_terms/ZK403_single_source_sink_bulk_node.vtu,found_ancestor_working_directory,03_DFN_LRZ_calibration/source_terms/ZK403_single_source_sink_bulk_node.vtu,Nested calibration projects must be launched from their category root.
project_mesh,03_DFN_LRZ_calibration/random_wellhead_calibration/joint_downhole_head_calibration/projects/joint_035.prj,source_terms/ZK208_single_source_sink_bulk_node.vtu,found_ancestor_working_directory,03_DFN_LRZ_calibration/source_terms/ZK208_single_source_sink_bulk_node.vtu,Nested calibration projects must be launched from their category root.
project_mesh,03_DFN_LRZ_calibration/random_wellhead_calibration/joint_downhole_head_calibration/projects/joint_035.prj,source_terms/ZK203_single_source_sink_bulk_node.vtu,found_ancestor_working_directory,03_DFN_LRZ_calibration/source_terms/ZK203_single_source_sink_bulk_node.vtu,Nested calibration projects must be launched from their category root.
project_mesh,03_DFN_LRZ_calibration/random_wellhead_calibration/joint_downhole_head_calibration/projects/joint_036.prj,input_mesh/reservoir_with_lowres.vtu,found_ancestor_working_directory,03_DFN_LRZ_calibration/input_mesh/reservoir_with_lowres.vtu,Nested calibration projects must be launched from their category root.
project_mesh,03_DFN_LRZ_calibration/random_wellhead_calibration/joint_downhole_head_calibration/projects/joint_036.prj,source_terms/ZK403_single_source_sink_bulk_node.vtu,found_ancestor_working_directory,03_DFN_LRZ_calibration/source_terms/ZK403_single_source_sink_bulk_node.vtu,Nested calibration projects must be launched from their category root.
project_mesh,03_DFN_LRZ_calibration/random_wellhead_calibration/joint_downhole_head_calibration/projects/joint_036.prj,source_terms/ZK208_single_source_sink_bulk_node.vtu,found_ancestor_working_directory,03_DFN_LRZ_calibration/source_terms/ZK208_single_source_sink_bulk_node.vtu,Nested calibration projects must be launched from their category root.
project_mesh,03_DFN_LRZ_calibration/random_wellhead_calibration/joint_downhole_head_calibration/projects/joint_036.prj,source_terms/ZK203_single_source_sink_bulk_node.vtu,found_ancestor_working_directory,03_DFN_LRZ_calibration/source_terms/ZK203_single_source_sink_bulk_node.vtu,Nested calibration projects must be launched from their category root.
project_mesh,03_DFN_LRZ_calibration/random_wellhead_calibration/projects/baseline_000.prj,input_mesh/reservoir_with_lowres.vtu,found_ancestor_working_directory,03_DFN_LRZ_calibration/input_mesh/reservoir_with_lowres.vtu,Nested calibration projects must be launched from their category root.
project_mesh,03_DFN_LRZ_calibration/random_wellhead_calibration/projects/baseline_000.prj,source_terms/ZK403_single_source_sink_bulk_node.vtu,found_ancestor_working_directory,03_DFN_LRZ_calibration/source_terms/ZK403_single_source_sink_bulk_node.vtu,Nested calibration projects must be launched from their category root.
project_mesh,03_DFN_LRZ_calibration/random_wellhead_calibration/projects/baseline_000.prj,source_terms/ZK208_single_source_sink_bulk_node.vtu,found_ancestor_working_directory,03_DFN_LRZ_calibration/source_terms/ZK208_single_source_sink_bulk_node.vtu,Nested calibration projects must be launched from their category root.
project_mesh,03_DFN_LRZ_calibration/random_wellhead_calibration/projects/baseline_000.prj,source_terms/ZK203_single_source_sink_bulk_node.vtu,found_ancestor_working_directory,03_DFN_LRZ_calibration/source_terms/ZK203_single_source_sink_bulk_node.vtu,Nested calibration projects must be launched from their category root.
project_mesh,03_DFN_LRZ_calibration/random_wellhead_calibration/projects/random_001.prj,input_mesh/reservoir_with_lowres.vtu,found_ancestor_working_directory,03_DFN_LRZ_calibration/input_mesh/reservoir_with_lowres.vtu,Nested calibration projects must be launched from their category root.
project_mesh,03_DFN_LRZ_calibration/random_wellhead_calibration/projects/random_001.prj,source_terms/ZK403_single_source_sink_bulk_node.vtu,found_ancestor_working_directory,03_DFN_LRZ_calibration/source_terms/ZK403_single_source_sink_bulk_node.vtu,Nested calibration projects must be launched from their category root.
project_mesh,03_DFN_LRZ_calibration/random_wellhead_calibration/projects/random_001.prj,source_terms/ZK208_single_source_sink_bulk_node.vtu,found_ancestor_working_directory,03_DFN_LRZ_calibration/source_terms/ZK208_single_source_sink_bulk_node.vtu,Nested calibration projects must be launched from their category root.
project_mesh,03_DFN_LRZ_calibration/random_wellhead_calibration/projects/random_001.prj,source_terms/ZK203_single_source_sink_bulk_node.vtu,found_ancestor_working_directory,03_DFN_LRZ_calibration/source_terms/ZK203_single_source_sink_bulk_node.vtu,Nested calibration projects must be launched from their category root.
project_mesh,03_DFN_LRZ_calibration/random_wellhead_calibration/projects/random_002.prj,input_mesh/reservoir_with_lowres.vtu,found_ancestor_working_directory,03_DFN_LRZ_calibration/input_mesh/reservoir_with_lowres.vtu,Nested calibration projects must be launched from their category root.
project_mesh,03_DFN_LRZ_calibration/random_wellhead_calibration/projects/random_002.prj,source_terms/ZK403_single_source_sink_bulk_node.vtu,found_ancestor_working_directory,03_DFN_LRZ_calibration/source_terms/ZK403_single_source_sink_bulk_node.vtu,Nested calibration projects must be launched from their category root.
project_mesh,03_DFN_LRZ_calibration/random_wellhead_calibration/projects/random_002.prj,source_terms/ZK208_single_source_sink_bulk_node.vtu,found_ancestor_working_directory,03_DFN_LRZ_calibration/source_terms/ZK208_single_source_sink_bulk_node.vtu,Nested calibration projects must be launched from their category root.
project_mesh,03_DFN_LRZ_calibration/random_wellhead_calibration/projects/random_002.prj,source_terms/ZK203_single_source_sink_bulk_node.vtu,found_ancestor_working_directory,03_DFN_LRZ_calibration/source_terms/ZK203_single_source_sink_bulk_node.vtu,Nested calibration projects must be launched from their category root.
project_mesh,03_DFN_LRZ_calibration/random_wellhead_calibration/projects/random_003.prj,input_mesh/reservoir_with_lowres.vtu,found_ancestor_working_directory,03_DFN_LRZ_calibration/input_mesh/reservoir_with_lowres.vtu,Nested calibration projects must be launched from their category root.
project_mesh,03_DFN_LRZ_calibration/random_wellhead_calibration/projects/random_003.prj,source_terms/ZK403_single_source_sink_bulk_node.vtu,found_ancestor_working_directory,03_DFN_LRZ_calibration/source_terms/ZK403_single_source_sink_bulk_node.vtu,Nested calibration projects must be launched from their category root.
project_mesh,03_DFN_LRZ_calibration/random_wellhead_calibration/projects/random_003.prj,source_terms/ZK208_single_source_sink_bulk_node.vtu,found_ancestor_working_directory,03_DFN_LRZ_calibration/source_terms/ZK208_single_source_sink_bulk_node.vtu,Nested calibration projects must be launched from their category root.
project_mesh,03_DFN_LRZ_calibration/random_wellhead_calibration/projects/random_003.prj,source_terms/ZK203_single_source_sink_bulk_node.vtu,found_ancestor_working_directory,03_DFN_LRZ_calibration/source_terms/ZK203_single_source_sink_bulk_node.vtu,Nested calibration projects must be launched from their category root.
project_mesh,03_DFN_LRZ_calibration/random_wellhead_calibration/projects/random_004.prj,input_mesh/reservoir_with_lowres.vtu,found_ancestor_working_directory,03_DFN_LRZ_calibration/input_mesh/reservoir_with_lowres.vtu,Nested calibration projects must be launched from their category root.
project_mesh,03_DFN_LRZ_calibration/random_wellhead_calibration/projects/random_004.prj,source_terms/ZK403_single_source_sink_bulk_node.vtu,found_ancestor_working_directory,03_DFN_LRZ_calibration/source_terms/ZK403_single_source_sink_bulk_node.vtu,Nested calibration projects must be launched from their category root.
project_mesh,03_DFN_LRZ_calibration/random_wellhead_calibration/projects/random_004.prj,source_terms/ZK208_single_source_sink_bulk_node.vtu,found_ancestor_working_directory,03_DFN_LRZ_calibration/source_terms/ZK208_single_source_sink_bulk_node.vtu,Nested calibration projects must be launched from their category root.
project_mesh,03_DFN_LRZ_calibration/random_wellhead_calibration/projects/random_004.prj,source_terms/ZK203_single_source_sink_bulk_node.vtu,found_ancestor_working_directory,03_DFN_LRZ_calibration/source_terms/ZK203_single_source_sink_bulk_node.vtu,Nested calibration projects must be launched from their category root.
project_mesh,03_DFN_LRZ_calibration/random_wellhead_calibration/projects/random_005.prj,input_mesh/reservoir_with_lowres.vtu,found_ancestor_working_directory,03_DFN_LRZ_calibration/input_mesh/reservoir_with_lowres.vtu,Nested calibration projects must be launched from their category root.
project_mesh,03_DFN_LRZ_calibration/random_wellhead_calibration/projects/random_005.prj,source_terms/ZK403_single_source_sink_bulk_node.vtu,found_ancestor_working_directory,03_DFN_LRZ_calibration/source_terms/ZK403_single_source_sink_bulk_node.vtu,Nested calibration projects must be launched from their category root.
project_mesh,03_DFN_LRZ_calibration/random_wellhead_calibration/projects/random_005.prj,source_terms/ZK208_single_source_sink_bulk_node.vtu,found_ancestor_working_directory,03_DFN_LRZ_calibration/source_terms/ZK208_single_source_sink_bulk_node.vtu,Nested calibration projects must be launched from their category root.
project_mesh,03_DFN_LRZ_calibration/random_wellhead_calibration/projects/random_005.prj,source_terms/ZK203_single_source_sink_bulk_node.vtu,found_ancestor_working_directory,03_DFN_LRZ_calibration/source_terms/ZK203_single_source_sink_bulk_node.vtu,Nested calibration projects must be launched from their category root.
project_mesh,03_DFN_LRZ_calibration/random_wellhead_calibration/projects/random_006.prj,input_mesh/reservoir_with_lowres.vtu,found_ancestor_working_directory,03_DFN_LRZ_calibration/input_mesh/reservoir_with_lowres.vtu,Nested calibration projects must be launched from their category root.
project_mesh,03_DFN_LRZ_calibration/random_wellhead_calibration/projects/random_006.prj,source_terms/ZK403_single_source_sink_bulk_node.vtu,found_ancestor_working_directory,03_DFN_LRZ_calibration/source_terms/ZK403_single_source_sink_bulk_node.vtu,Nested calibration projects must be launched from their category root.
project_mesh,03_DFN_LRZ_calibration/random_wellhead_calibration/projects/random_006.prj,source_terms/ZK208_single_source_sink_bulk_node.vtu,found_ancestor_working_directory,03_DFN_LRZ_calibration/source_terms/ZK208_single_source_sink_bulk_node.vtu,Nested calibration projects must be launched from their category root.
project_mesh,03_DFN_LRZ_calibration/random_wellhead_calibration/projects/random_006.prj,source_terms/ZK203_single_source_sink_bulk_node.vtu,found_ancestor_working_directory,03_DFN_LRZ_calibration/source_terms/ZK203_single_source_sink_bulk_node.vtu,Nested calibration projects must be launched from their category root.
project_mesh,03_DFN_LRZ_calibration/random_wellhead_calibration/projects/random_007.prj,input_mesh/reservoir_with_lowres.vtu,found_ancestor_working_directory,03_DFN_LRZ_calibration/input_mesh/reservoir_with_lowres.vtu,Nested calibration projects must be launched from their category root.
project_mesh,03_DFN_LRZ_calibration/random_wellhead_calibration/projects/random_007.prj,source_terms/ZK403_single_source_sink_bulk_node.vtu,found_ancestor_working_directory,03_DFN_LRZ_calibration/source_terms/ZK403_single_source_sink_bulk_node.vtu,Nested calibration projects must be launched from their category root.
project_mesh,03_DFN_LRZ_calibration/random_wellhead_calibration/projects/random_007.prj,source_terms/ZK208_single_source_sink_bulk_node.vtu,found_ancestor_working_directory,03_DFN_LRZ_calibration/source_terms/ZK208_single_source_sink_bulk_node.vtu,Nested calibration projects must be launched from their category root.
project_mesh,03_DFN_LRZ_calibration/random_wellhead_calibration/projects/random_007.prj,source_terms/ZK203_single_source_sink_bulk_node.vtu,found_ancestor_working_directory,03_DFN_LRZ_calibration/source_terms/ZK203_single_source_sink_bulk_node.vtu,Nested calibration projects must be launched from their category root.
project_mesh,03_DFN_LRZ_calibration/random_wellhead_calibration/projects/random_008.prj,input_mesh/reservoir_with_lowres.vtu,found_ancestor_working_directory,03_DFN_LRZ_calibration/input_mesh/reservoir_with_lowres.vtu,Nested calibration projects must be launched from their category root.
project_mesh,03_DFN_LRZ_calibration/random_wellhead_calibration/projects/random_008.prj,source_terms/ZK403_single_source_sink_bulk_node.vtu,found_ancestor_working_directory,03_DFN_LRZ_calibration/source_terms/ZK403_single_source_sink_bulk_node.vtu,Nested calibration projects must be launched from their category root.
project_mesh,03_DFN_LRZ_calibration/random_wellhead_calibration/projects/random_008.prj,source_terms/ZK208_single_source_sink_bulk_node.vtu,found_ancestor_working_directory,03_DFN_LRZ_calibration/source_terms/ZK208_single_source_sink_bulk_node.vtu,Nested calibration projects must be launched from their category root.
project_mesh,03_DFN_LRZ_calibration/random_wellhead_calibration/projects/random_008.prj,source_terms/ZK203_single_source_sink_bulk_node.vtu,found_ancestor_working_directory,03_DFN_LRZ_calibration/source_terms/ZK203_single_source_sink_bulk_node.vtu,Nested calibration projects must be launched from their category root.
project_mesh,03_DFN_LRZ_calibration/random_wellhead_calibration/projects/random_009.prj,input_mesh/reservoir_with_lowres.vtu,found_ancestor_working_directory,03_DFN_LRZ_calibration/input_mesh/reservoir_with_lowres.vtu,Nested calibration projects must be launched from their category root.
project_mesh,03_DFN_LRZ_calibration/random_wellhead_calibration/projects/random_009.prj,source_terms/ZK403_single_source_sink_bulk_node.vtu,found_ancestor_working_directory,03_DFN_LRZ_calibration/source_terms/ZK403_single_source_sink_bulk_node.vtu,Nested calibration projects must be launched from their category root.
project_mesh,03_DFN_LRZ_calibration/random_wellhead_calibration/projects/random_009.prj,source_terms/ZK208_single_source_sink_bulk_node.vtu,found_ancestor_working_directory,03_DFN_LRZ_calibration/source_terms/ZK208_single_source_sink_bulk_node.vtu,Nested calibration projects must be launched from their category root.
project_mesh,03_DFN_LRZ_calibration/random_wellhead_calibration/projects/random_009.prj,source_terms/ZK203_single_source_sink_bulk_node.vtu,found_ancestor_working_directory,03_DFN_LRZ_calibration/source_terms/ZK203_single_source_sink_bulk_node.vtu,Nested calibration projects must be launched from their category root.
project_mesh,03_DFN_LRZ_calibration/random_wellhead_calibration/projects/random_010.prj,input_mesh/reservoir_with_lowres.vtu,found_ancestor_working_directory,03_DFN_LRZ_calibration/input_mesh/reservoir_with_lowres.vtu,Nested calibration projects must be launched from their category root.
project_mesh,03_DFN_LRZ_calibration/random_wellhead_calibration/projects/random_010.prj,source_terms/ZK403_single_source_sink_bulk_node.vtu,found_ancestor_working_directory,03_DFN_LRZ_calibration/source_terms/ZK403_single_source_sink_bulk_node.vtu,Nested calibration projects must be launched from their category root.
project_mesh,03_DFN_LRZ_calibration/random_wellhead_calibration/projects/random_010.prj,source_terms/ZK208_single_source_sink_bulk_node.vtu,found_ancestor_working_directory,03_DFN_LRZ_calibration/source_terms/ZK208_single_source_sink_bulk_node.vtu,Nested calibration projects must be launched from their category root.
project_mesh,03_DFN_LRZ_calibration/random_wellhead_calibration/projects/random_010.prj,source_terms/ZK203_single_source_sink_bulk_node.vtu,found_ancestor_working_directory,03_DFN_LRZ_calibration/source_terms/ZK203_single_source_sink_bulk_node.vtu,Nested calibration projects must be launched from their category root.
project_mesh,03_DFN_LRZ_calibration/random_wellhead_calibration/projects/random_011.prj,input_mesh/reservoir_with_lowres.vtu,found_ancestor_working_directory,03_DFN_LRZ_calibration/input_mesh/reservoir_with_lowres.vtu,Nested calibration projects must be launched from their category root.
project_mesh,03_DFN_LRZ_calibration/random_wellhead_calibration/projects/random_011.prj,source_terms/ZK403_single_source_sink_bulk_node.vtu,found_ancestor_working_directory,03_DFN_LRZ_calibration/source_terms/ZK403_single_source_sink_bulk_node.vtu,Nested calibration projects must be launched from their category root.
project_mesh,03_DFN_LRZ_calibration/random_wellhead_calibration/projects/random_011.prj,source_terms/ZK208_single_source_sink_bulk_node.vtu,found_ancestor_working_directory,03_DFN_LRZ_calibration/source_terms/ZK208_single_source_sink_bulk_node.vtu,Nested calibration projects must be launched from their category root.
project_mesh,03_DFN_LRZ_calibration/random_wellhead_calibration/projects/random_011.prj,source_terms/ZK203_single_source_sink_bulk_node.vtu,found_ancestor_working_directory,03_DFN_LRZ_calibration/source_terms/ZK203_single_source_sink_bulk_node.vtu,Nested calibration projects must be launched from their category root.
project_mesh,03_DFN_LRZ_calibration/random_wellhead_calibration/projects/random_012.prj,input_mesh/reservoir_with_lowres.vtu,found_ancestor_working_directory,03_DFN_LRZ_calibration/input_mesh/reservoir_with_lowres.vtu,Nested calibration projects must be launched from their category root.
project_mesh,03_DFN_LRZ_calibration/random_wellhead_calibration/projects/random_012.prj,source_terms/ZK403_single_source_sink_bulk_node.vtu,found_ancestor_working_directory,03_DFN_LRZ_calibration/source_terms/ZK403_single_source_sink_bulk_node.vtu,Nested calibration projects must be launched from their category root.
project_mesh,03_DFN_LRZ_calibration/random_wellhead_calibration/projects/random_012.prj,source_terms/ZK208_single_source_sink_bulk_node.vtu,found_ancestor_working_directory,03_DFN_LRZ_calibration/source_terms/ZK208_single_source_sink_bulk_node.vtu,Nested calibration projects must be launched from their category root.
project_mesh,03_DFN_LRZ_calibration/random_wellhead_calibration/projects/random_012.prj,source_terms/ZK203_single_source_sink_bulk_node.vtu,found_ancestor_working_directory,03_DFN_LRZ_calibration/source_terms/ZK203_single_source_sink_bulk_node.vtu,Nested calibration projects must be launched from their category root.
project_mesh,03_DFN_LRZ_calibration/random_wellhead_calibration/projects/random_013.prj,input_mesh/reservoir_with_lowres.vtu,found_ancestor_working_directory,03_DFN_LRZ_calibration/input_mesh/reservoir_with_lowres.vtu,Nested calibration projects must be launched from their category root.
project_mesh,03_DFN_LRZ_calibration/random_wellhead_calibration/projects/random_013.prj,source_terms/ZK403_single_source_sink_bulk_node.vtu,found_ancestor_working_directory,03_DFN_LRZ_calibration/source_terms/ZK403_single_source_sink_bulk_node.vtu,Nested calibration projects must be launched from their category root.
project_mesh,03_DFN_LRZ_calibration/random_wellhead_calibration/projects/random_013.prj,source_terms/ZK208_single_source_sink_bulk_node.vtu,found_ancestor_working_directory,03_DFN_LRZ_calibration/source_terms/ZK208_single_source_sink_bulk_node.vtu,Nested calibration projects must be launched from their category root.
project_mesh,03_DFN_LRZ_calibration/random_wellhead_calibration/projects/random_013.prj,source_terms/ZK203_single_source_sink_bulk_node.vtu,found_ancestor_working_directory,03_DFN_LRZ_calibration/source_terms/ZK203_single_source_sink_bulk_node.vtu,Nested calibration projects must be launched from their category root.
project_mesh,03_DFN_LRZ_calibration/random_wellhead_calibration/projects/random_014.prj,input_mesh/reservoir_with_lowres.vtu,found_ancestor_working_directory,03_DFN_LRZ_calibration/input_mesh/reservoir_with_lowres.vtu,Nested calibration projects must be launched from their category root.
project_mesh,03_DFN_LRZ_calibration/random_wellhead_calibration/projects/random_014.prj,source_terms/ZK403_single_source_sink_bulk_node.vtu,found_ancestor_working_directory,03_DFN_LRZ_calibration/source_terms/ZK403_single_source_sink_bulk_node.vtu,Nested calibration projects must be launched from their category root.
project_mesh,03_DFN_LRZ_calibration/random_wellhead_calibration/projects/random_014.prj,source_terms/ZK208_single_source_sink_bulk_node.vtu,found_ancestor_working_directory,03_DFN_LRZ_calibration/source_terms/ZK208_single_source_sink_bulk_node.vtu,Nested calibration projects must be launched from their category root.
project_mesh,03_DFN_LRZ_calibration/random_wellhead_calibration/projects/random_014.prj,source_terms/ZK203_single_source_sink_bulk_node.vtu,found_ancestor_working_directory,03_DFN_LRZ_calibration/source_terms/ZK203_single_source_sink_bulk_node.vtu,Nested calibration projects must be launched from their category root.
project_mesh,03_DFN_LRZ_calibration/random_wellhead_calibration/projects/random_015.prj,input_mesh/reservoir_with_lowres.vtu,found_ancestor_working_directory,03_DFN_LRZ_calibration/input_mesh/reservoir_with_lowres.vtu,Nested calibration projects must be launched from their category root.
project_mesh,03_DFN_LRZ_calibration/random_wellhead_calibration/projects/random_015.prj,source_terms/ZK403_single_source_sink_bulk_node.vtu,found_ancestor_working_directory,03_DFN_LRZ_calibration/source_terms/ZK403_single_source_sink_bulk_node.vtu,Nested calibration projects must be launched from their category root.
project_mesh,03_DFN_LRZ_calibration/random_wellhead_calibration/projects/random_015.prj,source_terms/ZK208_single_source_sink_bulk_node.vtu,found_ancestor_working_directory,03_DFN_LRZ_calibration/source_terms/ZK208_single_source_sink_bulk_node.vtu,Nested calibration projects must be launched from their category root.
project_mesh,03_DFN_LRZ_calibration/random_wellhead_calibration/projects/random_015.prj,source_terms/ZK203_single_source_sink_bulk_node.vtu,found_ancestor_working_directory,03_DFN_LRZ_calibration/source_terms/ZK203_single_source_sink_bulk_node.vtu,Nested calibration projects must be launched from their category root.
project_mesh,03_DFN_LRZ_calibration/random_wellhead_calibration/projects/random_016.prj,input_mesh/reservoir_with_lowres.vtu,found_ancestor_working_directory,03_DFN_LRZ_calibration/input_mesh/reservoir_with_lowres.vtu,Nested calibration projects must be launched from their category root.
project_mesh,03_DFN_LRZ_calibration/random_wellhead_calibration/projects/random_016.prj,source_terms/ZK403_single_source_sink_bulk_node.vtu,found_ancestor_working_directory,03_DFN_LRZ_calibration/source_terms/ZK403_single_source_sink_bulk_node.vtu,Nested calibration projects must be launched from their category root.
project_mesh,03_DFN_LRZ_calibration/random_wellhead_calibration/projects/random_016.prj,source_terms/ZK208_single_source_sink_bulk_node.vtu,found_ancestor_working_directory,03_DFN_LRZ_calibration/source_terms/ZK208_single_source_sink_bulk_node.vtu,Nested calibration projects must be launched from their category root.
project_mesh,03_DFN_LRZ_calibration/random_wellhead_calibration/projects/random_016.prj,source_terms/ZK203_single_source_sink_bulk_node.vtu,found_ancestor_working_directory,03_DFN_LRZ_calibration/source_terms/ZK203_single_source_sink_bulk_node.vtu,Nested calibration projects must be launched from their category root.
project_mesh,03_DFN_LRZ_calibration/random_wellhead_calibration/projects/random_017.prj,input_mesh/reservoir_with_lowres.vtu,found_ancestor_working_directory,03_DFN_LRZ_calibration/input_mesh/reservoir_with_lowres.vtu,Nested calibration projects must be launched from their category root.
project_mesh,03_DFN_LRZ_calibration/random_wellhead_calibration/projects/random_017.prj,source_terms/ZK403_single_source_sink_bulk_node.vtu,found_ancestor_working_directory,03_DFN_LRZ_calibration/source_terms/ZK403_single_source_sink_bulk_node.vtu,Nested calibration projects must be launched from their category root.
project_mesh,03_DFN_LRZ_calibration/random_wellhead_calibration/projects/random_017.prj,source_terms/ZK208_single_source_sink_bulk_node.vtu,found_ancestor_working_directory,03_DFN_LRZ_calibration/source_terms/ZK208_single_source_sink_bulk_node.vtu,Nested calibration projects must be launched from their category root.
project_mesh,03_DFN_LRZ_calibration/random_wellhead_calibration/projects/random_017.prj,source_terms/ZK203_single_source_sink_bulk_node.vtu,found_ancestor_working_directory,03_DFN_LRZ_calibration/source_terms/ZK203_single_source_sink_bulk_node.vtu,Nested calibration projects must be launched from their category root.
project_mesh,03_DFN_LRZ_calibration/random_wellhead_calibration/projects/random_018.prj,input_mesh/reservoir_with_lowres.vtu,found_ancestor_working_directory,03_DFN_LRZ_calibration/input_mesh/reservoir_with_lowres.vtu,Nested calibration projects must be launched from their category root.
project_mesh,03_DFN_LRZ_calibration/random_wellhead_calibration/projects/random_018.prj,source_terms/ZK403_single_source_sink_bulk_node.vtu,found_ancestor_working_directory,03_DFN_LRZ_calibration/source_terms/ZK403_single_source_sink_bulk_node.vtu,Nested calibration projects must be launched from their category root.
project_mesh,03_DFN_LRZ_calibration/random_wellhead_calibration/projects/random_018.prj,source_terms/ZK208_single_source_sink_bulk_node.vtu,found_ancestor_working_directory,03_DFN_LRZ_calibration/source_terms/ZK208_single_source_sink_bulk_node.vtu,Nested calibration projects must be launched from their category root.
project_mesh,03_DFN_LRZ_calibration/random_wellhead_calibration/projects/random_018.prj,source_terms/ZK203_single_source_sink_bulk_node.vtu,found_ancestor_working_directory,03_DFN_LRZ_calibration/source_terms/ZK203_single_source_sink_bulk_node.vtu,Nested calibration projects must be launched from their category root.
project_mesh,03_DFN_LRZ_calibration/random_wellhead_calibration/projects/random_019.prj,input_mesh/reservoir_with_lowres.vtu,found_ancestor_working_directory,03_DFN_LRZ_calibration/input_mesh/reservoir_with_lowres.vtu,Nested calibration projects must be launched from their category root.
project_mesh,03_DFN_LRZ_calibration/random_wellhead_calibration/projects/random_019.prj,source_terms/ZK403_single_source_sink_bulk_node.vtu,found_ancestor_working_directory,03_DFN_LRZ_calibration/source_terms/ZK403_single_source_sink_bulk_node.vtu,Nested calibration projects must be launched from their category root.
project_mesh,03_DFN_LRZ_calibration/random_wellhead_calibration/projects/random_019.prj,source_terms/ZK208_single_source_sink_bulk_node.vtu,found_ancestor_working_directory,03_DFN_LRZ_calibration/source_terms/ZK208_single_source_sink_bulk_node.vtu,Nested calibration projects must be launched from their category root.
project_mesh,03_DFN_LRZ_calibration/random_wellhead_calibration/projects/random_019.prj,source_terms/ZK203_single_source_sink_bulk_node.vtu,found_ancestor_working_directory,03_DFN_LRZ_calibration/source_terms/ZK203_single_source_sink_bulk_node.vtu,Nested calibration projects must be launched from their category root.
project_mesh,03_DFN_LRZ_calibration/random_wellhead_calibration/projects/random_020.prj,input_mesh/reservoir_with_lowres.vtu,found_ancestor_working_directory,03_DFN_LRZ_calibration/input_mesh/reservoir_with_lowres.vtu,Nested calibration projects must be launched from their category root.
project_mesh,03_DFN_LRZ_calibration/random_wellhead_calibration/projects/random_020.prj,source_terms/ZK403_single_source_sink_bulk_node.vtu,found_ancestor_working_directory,03_DFN_LRZ_calibration/source_terms/ZK403_single_source_sink_bulk_node.vtu,Nested calibration projects must be launched from their category root.
project_mesh,03_DFN_LRZ_calibration/random_wellhead_calibration/projects/random_020.prj,source_terms/ZK208_single_source_sink_bulk_node.vtu,found_ancestor_working_directory,03_DFN_LRZ_calibration/source_terms/ZK208_single_source_sink_bulk_node.vtu,Nested calibration projects must be launched from their category root.
project_mesh,03_DFN_LRZ_calibration/random_wellhead_calibration/projects/random_020.prj,source_terms/ZK203_single_source_sink_bulk_node.vtu,found_ancestor_working_directory,03_DFN_LRZ_calibration/source_terms/ZK203_single_source_sink_bulk_node.vtu,Nested calibration projects must be launched from their category root.
project_mesh,03_DFN_LRZ_calibration/random_wellhead_calibration/projects/random_021.prj,input_mesh/reservoir_with_lowres.vtu,found_ancestor_working_directory,03_DFN_LRZ_calibration/input_mesh/reservoir_with_lowres.vtu,Nested calibration projects must be launched from their category root.
project_mesh,03_DFN_LRZ_calibration/random_wellhead_calibration/projects/random_021.prj,source_terms/ZK403_single_source_sink_bulk_node.vtu,found_ancestor_working_directory,03_DFN_LRZ_calibration/source_terms/ZK403_single_source_sink_bulk_node.vtu,Nested calibration projects must be launched from their category root.
project_mesh,03_DFN_LRZ_calibration/random_wellhead_calibration/projects/random_021.prj,source_terms/ZK208_single_source_sink_bulk_node.vtu,found_ancestor_working_directory,03_DFN_LRZ_calibration/source_terms/ZK208_single_source_sink_bulk_node.vtu,Nested calibration projects must be launched from their category root.
project_mesh,03_DFN_LRZ_calibration/random_wellhead_calibration/projects/random_021.prj,source_terms/ZK203_single_source_sink_bulk_node.vtu,found_ancestor_working_directory,03_DFN_LRZ_calibration/source_terms/ZK203_single_source_sink_bulk_node.vtu,Nested calibration projects must be launched from their category root.
project_mesh,03_DFN_LRZ_calibration/random_wellhead_calibration/projects/random_022.prj,input_mesh/reservoir_with_lowres.vtu,found_ancestor_working_directory,03_DFN_LRZ_calibration/input_mesh/reservoir_with_lowres.vtu,Nested calibration projects must be launched from their category root.
project_mesh,03_DFN_LRZ_calibration/random_wellhead_calibration/projects/random_022.prj,source_terms/ZK403_single_source_sink_bulk_node.vtu,found_ancestor_working_directory,03_DFN_LRZ_calibration/source_terms/ZK403_single_source_sink_bulk_node.vtu,Nested calibration projects must be launched from their category root.
project_mesh,03_DFN_LRZ_calibration/random_wellhead_calibration/projects/random_022.prj,source_terms/ZK208_single_source_sink_bulk_node.vtu,found_ancestor_working_directory,03_DFN_LRZ_calibration/source_terms/ZK208_single_source_sink_bulk_node.vtu,Nested calibration projects must be launched from their category root.
project_mesh,03_DFN_LRZ_calibration/random_wellhead_calibration/projects/random_022.prj,source_terms/ZK203_single_source_sink_bulk_node.vtu,found_ancestor_working_directory,03_DFN_LRZ_calibration/source_terms/ZK203_single_source_sink_bulk_node.vtu,Nested calibration projects must be launched from their category root.
project_mesh,03_DFN_LRZ_calibration/random_wellhead_calibration/projects/random_023.prj,input_mesh/reservoir_with_lowres.vtu,found_ancestor_working_directory,03_DFN_LRZ_calibration/input_mesh/reservoir_with_lowres.vtu,Nested calibration projects must be launched from their category root.
project_mesh,03_DFN_LRZ_calibration/random_wellhead_calibration/projects/random_023.prj,source_terms/ZK403_single_source_sink_bulk_node.vtu,found_ancestor_working_directory,03_DFN_LRZ_calibration/source_terms/ZK403_single_source_sink_bulk_node.vtu,Nested calibration projects must be launched from their category root.
project_mesh,03_DFN_LRZ_calibration/random_wellhead_calibration/projects/random_023.prj,source_terms/ZK208_single_source_sink_bulk_node.vtu,found_ancestor_working_directory,03_DFN_LRZ_calibration/source_terms/ZK208_single_source_sink_bulk_node.vtu,Nested calibration projects must be launched from their category root.
project_mesh,03_DFN_LRZ_calibration/random_wellhead_calibration/projects/random_023.prj,source_terms/ZK203_single_source_sink_bulk_node.vtu,found_ancestor_working_directory,03_DFN_LRZ_calibration/source_terms/ZK203_single_source_sink_bulk_node.vtu,Nested calibration projects must be launched from their category root.
project_mesh,03_DFN_LRZ_calibration/random_wellhead_calibration/projects/random_024.prj,input_mesh/reservoir_with_lowres.vtu,found_ancestor_working_directory,03_DFN_LRZ_calibration/input_mesh/reservoir_with_lowres.vtu,Nested calibration projects must be launched from their category root.
project_mesh,03_DFN_LRZ_calibration/random_wellhead_calibration/projects/random_024.prj,source_terms/ZK403_single_source_sink_bulk_node.vtu,found_ancestor_working_directory,03_DFN_LRZ_calibration/source_terms/ZK403_single_source_sink_bulk_node.vtu,Nested calibration projects must be launched from their category root.
project_mesh,03_DFN_LRZ_calibration/random_wellhead_calibration/projects/random_024.prj,source_terms/ZK208_single_source_sink_bulk_node.vtu,found_ancestor_working_directory,03_DFN_LRZ_calibration/source_terms/ZK208_single_source_sink_bulk_node.vtu,Nested calibration projects must be launched from their category root.
project_mesh,03_DFN_LRZ_calibration/random_wellhead_calibration/projects/random_024.prj,source_terms/ZK203_single_source_sink_bulk_node.vtu,found_ancestor_working_directory,03_DFN_LRZ_calibration/source_terms/ZK203_single_source_sink_bulk_node.vtu,Nested calibration projects must be launched from their category root.
project_mesh,03_DFN_LRZ_calibration/random_wellhead_calibration/refined_sweep/best_calibrated.prj,input_mesh/reservoir_with_lowres.vtu,found_ancestor_working_directory,03_DFN_LRZ_calibration/input_mesh/reservoir_with_lowres.vtu,Nested calibration projects must be launched from their category root.
project_mesh,03_DFN_LRZ_calibration/random_wellhead_calibration/refined_sweep/best_calibrated.prj,source_terms/ZK403_single_source_sink_bulk_node.vtu,found_ancestor_working_directory,03_DFN_LRZ_calibration/source_terms/ZK403_single_source_sink_bulk_node.vtu,Nested calibration projects must be launched from their category root.
project_mesh,03_DFN_LRZ_calibration/random_wellhead_calibration/refined_sweep/best_calibrated.prj,source_terms/ZK208_single_source_sink_bulk_node.vtu,found_ancestor_working_directory,03_DFN_LRZ_calibration/source_terms/ZK208_single_source_sink_bulk_node.vtu,Nested calibration projects must be launched from their category root.
project_mesh,03_DFN_LRZ_calibration/random_wellhead_calibration/refined_sweep/best_calibrated.prj,source_terms/ZK203_single_source_sink_bulk_node.vtu,found_ancestor_working_directory,03_DFN_LRZ_calibration/source_terms/ZK203_single_source_sink_bulk_node.vtu,Nested calibration projects must be launched from their category root.
project_mesh,03_DFN_LRZ_calibration/random_wellhead_calibration/refined_sweep/projects/baseline_000.prj,input_mesh/reservoir_with_lowres.vtu,found_ancestor_working_directory,03_DFN_LRZ_calibration/input_mesh/reservoir_with_lowres.vtu,Nested calibration projects must be launched from their category root.
project_mesh,03_DFN_LRZ_calibration/random_wellhead_calibration/refined_sweep/projects/baseline_000.prj,source_terms/ZK403_single_source_sink_bulk_node.vtu,found_ancestor_working_directory,03_DFN_LRZ_calibration/source_terms/ZK403_single_source_sink_bulk_node.vtu,Nested calibration projects must be launched from their category root.
project_mesh,03_DFN_LRZ_calibration/random_wellhead_calibration/refined_sweep/projects/baseline_000.prj,source_terms/ZK208_single_source_sink_bulk_node.vtu,found_ancestor_working_directory,03_DFN_LRZ_calibration/source_terms/ZK208_single_source_sink_bulk_node.vtu,Nested calibration projects must be launched from their category root.
project_mesh,03_DFN_LRZ_calibration/random_wellhead_calibration/refined_sweep/projects/baseline_000.prj,source_terms/ZK203_single_source_sink_bulk_node.vtu,found_ancestor_working_directory,03_DFN_LRZ_calibration/source_terms/ZK203_single_source_sink_bulk_node.vtu,Nested calibration projects must be launched from their category root.
project_mesh,03_DFN_LRZ_calibration/random_wellhead_calibration/refined_sweep/projects/random_001.prj,input_mesh/reservoir_with_lowres.vtu,found_ancestor_working_directory,03_DFN_LRZ_calibration/input_mesh/reservoir_with_lowres.vtu,Nested calibration projects must be launched from their category root.
project_mesh,03_DFN_LRZ_calibration/random_wellhead_calibration/refined_sweep/projects/random_001.prj,source_terms/ZK403_single_source_sink_bulk_node.vtu,found_ancestor_working_directory,03_DFN_LRZ_calibration/source_terms/ZK403_single_source_sink_bulk_node.vtu,Nested calibration projects must be launched from their category root.
project_mesh,03_DFN_LRZ_calibration/random_wellhead_calibration/refined_sweep/projects/random_001.prj,source_terms/ZK208_single_source_sink_bulk_node.vtu,found_ancestor_working_directory,03_DFN_LRZ_calibration/source_terms/ZK208_single_source_sink_bulk_node.vtu,Nested calibration projects must be launched from their category root.
project_mesh,03_DFN_LRZ_calibration/random_wellhead_calibration/refined_sweep/projects/random_001.prj,source_terms/ZK203_single_source_sink_bulk_node.vtu,found_ancestor_working_directory,03_DFN_LRZ_calibration/source_terms/ZK203_single_source_sink_bulk_node.vtu,Nested calibration projects must be launched from their category root.
project_mesh,03_DFN_LRZ_calibration/random_wellhead_calibration/refined_sweep/projects/random_002.prj,input_mesh/reservoir_with_lowres.vtu,found_ancestor_working_directory,03_DFN_LRZ_calibration/input_mesh/reservoir_with_lowres.vtu,Nested calibration projects must be launched from their category root.
project_mesh,03_DFN_LRZ_calibration/random_wellhead_calibration/refined_sweep/projects/random_002.prj,source_terms/ZK403_single_source_sink_bulk_node.vtu,found_ancestor_working_directory,03_DFN_LRZ_calibration/source_terms/ZK403_single_source_sink_bulk_node.vtu,Nested calibration projects must be launched from their category root.
project_mesh,03_DFN_LRZ_calibration/random_wellhead_calibration/refined_sweep/projects/random_002.prj,source_terms/ZK208_single_source_sink_bulk_node.vtu,found_ancestor_working_directory,03_DFN_LRZ_calibration/source_terms/ZK208_single_source_sink_bulk_node.vtu,Nested calibration projects must be launched from their category root.
project_mesh,03_DFN_LRZ_calibration/random_wellhead_calibration/refined_sweep/projects/random_002.prj,source_terms/ZK203_single_source_sink_bulk_node.vtu,found_ancestor_working_directory,03_DFN_LRZ_calibration/source_terms/ZK203_single_source_sink_bulk_node.vtu,Nested calibration projects must be launched from their category root.
project_mesh,03_DFN_LRZ_calibration/random_wellhead_calibration/refined_sweep/projects/random_003.prj,input_mesh/reservoir_with_lowres.vtu,found_ancestor_working_directory,03_DFN_LRZ_calibration/input_mesh/reservoir_with_lowres.vtu,Nested calibration projects must be launched from their category root.
project_mesh,03_DFN_LRZ_calibration/random_wellhead_calibration/refined_sweep/projects/random_003.prj,source_terms/ZK403_single_source_sink_bulk_node.vtu,found_ancestor_working_directory,03_DFN_LRZ_calibration/source_terms/ZK403_single_source_sink_bulk_node.vtu,Nested calibration projects must be launched from their category root.
project_mesh,03_DFN_LRZ_calibration/random_wellhead_calibration/refined_sweep/projects/random_003.prj,source_terms/ZK208_single_source_sink_bulk_node.vtu,found_ancestor_working_directory,03_DFN_LRZ_calibration/source_terms/ZK208_single_source_sink_bulk_node.vtu,Nested calibration projects must be launched from their category root.
project_mesh,03_DFN_LRZ_calibration/random_wellhead_calibration/refined_sweep/projects/random_003.prj,source_terms/ZK203_single_source_sink_bulk_node.vtu,found_ancestor_working_directory,03_DFN_LRZ_calibration/source_terms/ZK203_single_source_sink_bulk_node.vtu,Nested calibration projects must be launched from their category root.
project_mesh,03_DFN_LRZ_calibration/random_wellhead_calibration/refined_sweep/projects/random_004.prj,input_mesh/reservoir_with_lowres.vtu,found_ancestor_working_directory,03_DFN_LRZ_calibration/input_mesh/reservoir_with_lowres.vtu,Nested calibration projects must be launched from their category root.
project_mesh,03_DFN_LRZ_calibration/random_wellhead_calibration/refined_sweep/projects/random_004.prj,source_terms/ZK403_single_source_sink_bulk_node.vtu,found_ancestor_working_directory,03_DFN_LRZ_calibration/source_terms/ZK403_single_source_sink_bulk_node.vtu,Nested calibration projects must be launched from their category root.
project_mesh,03_DFN_LRZ_calibration/random_wellhead_calibration/refined_sweep/projects/random_004.prj,source_terms/ZK208_single_source_sink_bulk_node.vtu,found_ancestor_working_directory,03_DFN_LRZ_calibration/source_terms/ZK208_single_source_sink_bulk_node.vtu,Nested calibration projects must be launched from their category root.
project_mesh,03_DFN_LRZ_calibration/random_wellhead_calibration/refined_sweep/projects/random_004.prj,source_terms/ZK203_single_source_sink_bulk_node.vtu,found_ancestor_working_directory,03_DFN_LRZ_calibration/source_terms/ZK203_single_source_sink_bulk_node.vtu,Nested calibration projects must be launched from their category root.
project_mesh,03_DFN_LRZ_calibration/random_wellhead_calibration/refined_sweep/projects/random_005.prj,input_mesh/reservoir_with_lowres.vtu,found_ancestor_working_directory,03_DFN_LRZ_calibration/input_mesh/reservoir_with_lowres.vtu,Nested calibration projects must be launched from their category root.
project_mesh,03_DFN_LRZ_calibration/random_wellhead_calibration/refined_sweep/projects/random_005.prj,source_terms/ZK403_single_source_sink_bulk_node.vtu,found_ancestor_working_directory,03_DFN_LRZ_calibration/source_terms/ZK403_single_source_sink_bulk_node.vtu,Nested calibration projects must be launched from their category root.
project_mesh,03_DFN_LRZ_calibration/random_wellhead_calibration/refined_sweep/projects/random_005.prj,source_terms/ZK208_single_source_sink_bulk_node.vtu,found_ancestor_working_directory,03_DFN_LRZ_calibration/source_terms/ZK208_single_source_sink_bulk_node.vtu,Nested calibration projects must be launched from their category root.
project_mesh,03_DFN_LRZ_calibration/random_wellhead_calibration/refined_sweep/projects/random_005.prj,source_terms/ZK203_single_source_sink_bulk_node.vtu,found_ancestor_working_directory,03_DFN_LRZ_calibration/source_terms/ZK203_single_source_sink_bulk_node.vtu,Nested calibration projects must be launched from their category root.
project_mesh,03_DFN_LRZ_calibration/random_wellhead_calibration/refined_sweep/projects/random_006.prj,input_mesh/reservoir_with_lowres.vtu,found_ancestor_working_directory,03_DFN_LRZ_calibration/input_mesh/reservoir_with_lowres.vtu,Nested calibration projects must be launched from their category root.
project_mesh,03_DFN_LRZ_calibration/random_wellhead_calibration/refined_sweep/projects/random_006.prj,source_terms/ZK403_single_source_sink_bulk_node.vtu,found_ancestor_working_directory,03_DFN_LRZ_calibration/source_terms/ZK403_single_source_sink_bulk_node.vtu,Nested calibration projects must be launched from their category root.
project_mesh,03_DFN_LRZ_calibration/random_wellhead_calibration/refined_sweep/projects/random_006.prj,source_terms/ZK208_single_source_sink_bulk_node.vtu,found_ancestor_working_directory,03_DFN_LRZ_calibration/source_terms/ZK208_single_source_sink_bulk_node.vtu,Nested calibration projects must be launched from their category root.
project_mesh,03_DFN_LRZ_calibration/random_wellhead_calibration/refined_sweep/projects/random_006.prj,source_terms/ZK203_single_source_sink_bulk_node.vtu,found_ancestor_working_directory,03_DFN_LRZ_calibration/source_terms/ZK203_single_source_sink_bulk_node.vtu,Nested calibration projects must be launched from their category root.
project_mesh,03_DFN_LRZ_calibration/random_wellhead_calibration/refined_sweep/projects/random_007.prj,input_mesh/reservoir_with_lowres.vtu,found_ancestor_working_directory,03_DFN_LRZ_calibration/input_mesh/reservoir_with_lowres.vtu,Nested calibration projects must be launched from their category root.
project_mesh,03_DFN_LRZ_calibration/random_wellhead_calibration/refined_sweep/projects/random_007.prj,source_terms/ZK403_single_source_sink_bulk_node.vtu,found_ancestor_working_directory,03_DFN_LRZ_calibration/source_terms/ZK403_single_source_sink_bulk_node.vtu,Nested calibration projects must be launched from their category root.
project_mesh,03_DFN_LRZ_calibration/random_wellhead_calibration/refined_sweep/projects/random_007.prj,source_terms/ZK208_single_source_sink_bulk_node.vtu,found_ancestor_working_directory,03_DFN_LRZ_calibration/source_terms/ZK208_single_source_sink_bulk_node.vtu,Nested calibration projects must be launched from their category root.
project_mesh,03_DFN_LRZ_calibration/random_wellhead_calibration/refined_sweep/projects/random_007.prj,source_terms/ZK203_single_source_sink_bulk_node.vtu,found_ancestor_working_directory,03_DFN_LRZ_calibration/source_terms/ZK203_single_source_sink_bulk_node.vtu,Nested calibration projects must be launched from their category root.
project_mesh,03_DFN_LRZ_calibration/random_wellhead_calibration/refined_sweep/projects/random_008.prj,input_mesh/reservoir_with_lowres.vtu,found_ancestor_working_directory,03_DFN_LRZ_calibration/input_mesh/reservoir_with_lowres.vtu,Nested calibration projects must be launched from their category root.
project_mesh,03_DFN_LRZ_calibration/random_wellhead_calibration/refined_sweep/projects/random_008.prj,source_terms/ZK403_single_source_sink_bulk_node.vtu,found_ancestor_working_directory,03_DFN_LRZ_calibration/source_terms/ZK403_single_source_sink_bulk_node.vtu,Nested calibration projects must be launched from their category root.
project_mesh,03_DFN_LRZ_calibration/random_wellhead_calibration/refined_sweep/projects/random_008.prj,source_terms/ZK208_single_source_sink_bulk_node.vtu,found_ancestor_working_directory,03_DFN_LRZ_calibration/source_terms/ZK208_single_source_sink_bulk_node.vtu,Nested calibration projects must be launched from their category root.
project_mesh,03_DFN_LRZ_calibration/random_wellhead_calibration/refined_sweep/projects/random_008.prj,source_terms/ZK203_single_source_sink_bulk_node.vtu,found_ancestor_working_directory,03_DFN_LRZ_calibration/source_terms/ZK203_single_source_sink_bulk_node.vtu,Nested calibration projects must be launched from their category root.
project_mesh,03_DFN_LRZ_calibration/random_wellhead_calibration/refined_sweep/projects/random_009.prj,input_mesh/reservoir_with_lowres.vtu,found_ancestor_working_directory,03_DFN_LRZ_calibration/input_mesh/reservoir_with_lowres.vtu,Nested calibration projects must be launched from their category root.
project_mesh,03_DFN_LRZ_calibration/random_wellhead_calibration/refined_sweep/projects/random_009.prj,source_terms/ZK403_single_source_sink_bulk_node.vtu,found_ancestor_working_directory,03_DFN_LRZ_calibration/source_terms/ZK403_single_source_sink_bulk_node.vtu,Nested calibration projects must be launched from their category root.
project_mesh,03_DFN_LRZ_calibration/random_wellhead_calibration/refined_sweep/projects/random_009.prj,source_terms/ZK208_single_source_sink_bulk_node.vtu,found_ancestor_working_directory,03_DFN_LRZ_calibration/source_terms/ZK208_single_source_sink_bulk_node.vtu,Nested calibration projects must be launched from their category root.
project_mesh,03_DFN_LRZ_calibration/random_wellhead_calibration/refined_sweep/projects/random_009.prj,source_terms/ZK203_single_source_sink_bulk_node.vtu,found_ancestor_working_directory,03_DFN_LRZ_calibration/source_terms/ZK203_single_source_sink_bulk_node.vtu,Nested calibration projects must be launched from their category root.
project_mesh,03_DFN_LRZ_calibration/random_wellhead_calibration/refined_sweep/projects/random_010.prj,input_mesh/reservoir_with_lowres.vtu,found_ancestor_working_directory,03_DFN_LRZ_calibration/input_mesh/reservoir_with_lowres.vtu,Nested calibration projects must be launched from their category root.
project_mesh,03_DFN_LRZ_calibration/random_wellhead_calibration/refined_sweep/projects/random_010.prj,source_terms/ZK403_single_source_sink_bulk_node.vtu,found_ancestor_working_directory,03_DFN_LRZ_calibration/source_terms/ZK403_single_source_sink_bulk_node.vtu,Nested calibration projects must be launched from their category root.
project_mesh,03_DFN_LRZ_calibration/random_wellhead_calibration/refined_sweep/projects/random_010.prj,source_terms/ZK208_single_source_sink_bulk_node.vtu,found_ancestor_working_directory,03_DFN_LRZ_calibration/source_terms/ZK208_single_source_sink_bulk_node.vtu,Nested calibration projects must be launched from their category root.
project_mesh,03_DFN_LRZ_calibration/random_wellhead_calibration/refined_sweep/projects/random_010.prj,source_terms/ZK203_single_source_sink_bulk_node.vtu,found_ancestor_working_directory,03_DFN_LRZ_calibration/source_terms/ZK203_single_source_sink_bulk_node.vtu,Nested calibration projects must be launched from their category root.
project_mesh,03_DFN_LRZ_calibration/random_wellhead_calibration/refined_sweep/projects/random_011.prj,input_mesh/reservoir_with_lowres.vtu,found_ancestor_working_directory,03_DFN_LRZ_calibration/input_mesh/reservoir_with_lowres.vtu,Nested calibration projects must be launched from their category root.
project_mesh,03_DFN_LRZ_calibration/random_wellhead_calibration/refined_sweep/projects/random_011.prj,source_terms/ZK403_single_source_sink_bulk_node.vtu,found_ancestor_working_directory,03_DFN_LRZ_calibration/source_terms/ZK403_single_source_sink_bulk_node.vtu,Nested calibration projects must be launched from their category root.
project_mesh,03_DFN_LRZ_calibration/random_wellhead_calibration/refined_sweep/projects/random_011.prj,source_terms/ZK208_single_source_sink_bulk_node.vtu,found_ancestor_working_directory,03_DFN_LRZ_calibration/source_terms/ZK208_single_source_sink_bulk_node.vtu,Nested calibration projects must be launched from their category root.
project_mesh,03_DFN_LRZ_calibration/random_wellhead_calibration/refined_sweep/projects/random_011.prj,source_terms/ZK203_single_source_sink_bulk_node.vtu,found_ancestor_working_directory,03_DFN_LRZ_calibration/source_terms/ZK203_single_source_sink_bulk_node.vtu,Nested calibration projects must be launched from their category root.
project_mesh,03_DFN_LRZ_calibration/random_wellhead_calibration/refined_sweep/projects/random_012.prj,input_mesh/reservoir_with_lowres.vtu,found_ancestor_working_directory,03_DFN_LRZ_calibration/input_mesh/reservoir_with_lowres.vtu,Nested calibration projects must be launched from their category root.
project_mesh,03_DFN_LRZ_calibration/random_wellhead_calibration/refined_sweep/projects/random_012.prj,source_terms/ZK403_single_source_sink_bulk_node.vtu,found_ancestor_working_directory,03_DFN_LRZ_calibration/source_terms/ZK403_single_source_sink_bulk_node.vtu,Nested calibration projects must be launched from their category root.
project_mesh,03_DFN_LRZ_calibration/random_wellhead_calibration/refined_sweep/projects/random_012.prj,source_terms/ZK208_single_source_sink_bulk_node.vtu,found_ancestor_working_directory,03_DFN_LRZ_calibration/source_terms/ZK208_single_source_sink_bulk_node.vtu,Nested calibration projects must be launched from their category root.
project_mesh,03_DFN_LRZ_calibration/random_wellhead_calibration/refined_sweep/projects/random_012.prj,source_terms/ZK203_single_source_sink_bulk_node.vtu,found_ancestor_working_directory,03_DFN_LRZ_calibration/source_terms/ZK203_single_source_sink_bulk_node.vtu,Nested calibration projects must be launched from their category root.
project_mesh,03_DFN_LRZ_calibration/random_wellhead_calibration/refined_sweep/projects/random_013.prj,input_mesh/reservoir_with_lowres.vtu,found_ancestor_working_directory,03_DFN_LRZ_calibration/input_mesh/reservoir_with_lowres.vtu,Nested calibration projects must be launched from their category root.
project_mesh,03_DFN_LRZ_calibration/random_wellhead_calibration/refined_sweep/projects/random_013.prj,source_terms/ZK403_single_source_sink_bulk_node.vtu,found_ancestor_working_directory,03_DFN_LRZ_calibration/source_terms/ZK403_single_source_sink_bulk_node.vtu,Nested calibration projects must be launched from their category root.
project_mesh,03_DFN_LRZ_calibration/random_wellhead_calibration/refined_sweep/projects/random_013.prj,source_terms/ZK208_single_source_sink_bulk_node.vtu,found_ancestor_working_directory,03_DFN_LRZ_calibration/source_terms/ZK208_single_source_sink_bulk_node.vtu,Nested calibration projects must be launched from their category root.
project_mesh,03_DFN_LRZ_calibration/random_wellhead_calibration/refined_sweep/projects/random_013.prj,source_terms/ZK203_single_source_sink_bulk_node.vtu,found_ancestor_working_directory,03_DFN_LRZ_calibration/source_terms/ZK203_single_source_sink_bulk_node.vtu,Nested calibration projects must be launched from their category root.
project_mesh,03_DFN_LRZ_calibration/random_wellhead_calibration/refined_sweep/projects/random_014.prj,input_mesh/reservoir_with_lowres.vtu,found_ancestor_working_directory,03_DFN_LRZ_calibration/input_mesh/reservoir_with_lowres.vtu,Nested calibration projects must be launched from their category root.
project_mesh,03_DFN_LRZ_calibration/random_wellhead_calibration/refined_sweep/projects/random_014.prj,source_terms/ZK403_single_source_sink_bulk_node.vtu,found_ancestor_working_directory,03_DFN_LRZ_calibration/source_terms/ZK403_single_source_sink_bulk_node.vtu,Nested calibration projects must be launched from their category root.
project_mesh,03_DFN_LRZ_calibration/random_wellhead_calibration/refined_sweep/projects/random_014.prj,source_terms/ZK208_single_source_sink_bulk_node.vtu,found_ancestor_working_directory,03_DFN_LRZ_calibration/source_terms/ZK208_single_source_sink_bulk_node.vtu,Nested calibration projects must be launched from their category root.
project_mesh,03_DFN_LRZ_calibration/random_wellhead_calibration/refined_sweep/projects/random_014.prj,source_terms/ZK203_single_source_sink_bulk_node.vtu,found_ancestor_working_directory,03_DFN_LRZ_calibration/source_terms/ZK203_single_source_sink_bulk_node.vtu,Nested calibration projects must be launched from their category root.
project_mesh,03_DFN_LRZ_calibration/random_wellhead_calibration/refined_sweep/projects/random_015.prj,input_mesh/reservoir_with_lowres.vtu,found_ancestor_working_directory,03_DFN_LRZ_calibration/input_mesh/reservoir_with_lowres.vtu,Nested calibration projects must be launched from their category root.
project_mesh,03_DFN_LRZ_calibration/random_wellhead_calibration/refined_sweep/projects/random_015.prj,source_terms/ZK403_single_source_sink_bulk_node.vtu,found_ancestor_working_directory,03_DFN_LRZ_calibration/source_terms/ZK403_single_source_sink_bulk_node.vtu,Nested calibration projects must be launched from their category root.
project_mesh,03_DFN_LRZ_calibration/random_wellhead_calibration/refined_sweep/projects/random_015.prj,source_terms/ZK208_single_source_sink_bulk_node.vtu,found_ancestor_working_directory,03_DFN_LRZ_calibration/source_terms/ZK208_single_source_sink_bulk_node.vtu,Nested calibration projects must be launched from their category root.
project_mesh,03_DFN_LRZ_calibration/random_wellhead_calibration/refined_sweep/projects/random_015.prj,source_terms/ZK203_single_source_sink_bulk_node.vtu,found_ancestor_working_directory,03_DFN_LRZ_calibration/source_terms/ZK203_single_source_sink_bulk_node.vtu,Nested calibration projects must be launched from their category root.
project_mesh,03_DFN_LRZ_calibration/random_wellhead_calibration/refined_sweep/projects/random_016.prj,input_mesh/reservoir_with_lowres.vtu,found_ancestor_working_directory,03_DFN_LRZ_calibration/input_mesh/reservoir_with_lowres.vtu,Nested calibration projects must be launched from their category root.
project_mesh,03_DFN_LRZ_calibration/random_wellhead_calibration/refined_sweep/projects/random_016.prj,source_terms/ZK403_single_source_sink_bulk_node.vtu,found_ancestor_working_directory,03_DFN_LRZ_calibration/source_terms/ZK403_single_source_sink_bulk_node.vtu,Nested calibration projects must be launched from their category root.
project_mesh,03_DFN_LRZ_calibration/random_wellhead_calibration/refined_sweep/projects/random_016.prj,source_terms/ZK208_single_source_sink_bulk_node.vtu,found_ancestor_working_directory,03_DFN_LRZ_calibration/source_terms/ZK208_single_source_sink_bulk_node.vtu,Nested calibration projects must be launched from their category root.
project_mesh,03_DFN_LRZ_calibration/random_wellhead_calibration/refined_sweep/projects/random_016.prj,source_terms/ZK203_single_source_sink_bulk_node.vtu,found_ancestor_working_directory,03_DFN_LRZ_calibration/source_terms/ZK203_single_source_sink_bulk_node.vtu,Nested calibration projects must be launched from their category root.
project_mesh,03_DFN_LRZ_calibration/random_wellhead_calibration/refined_sweep/projects/random_017.prj,input_mesh/reservoir_with_lowres.vtu,found_ancestor_working_directory,03_DFN_LRZ_calibration/input_mesh/reservoir_with_lowres.vtu,Nested calibration projects must be launched from their category root.
project_mesh,03_DFN_LRZ_calibration/random_wellhead_calibration/refined_sweep/projects/random_017.prj,source_terms/ZK403_single_source_sink_bulk_node.vtu,found_ancestor_working_directory,03_DFN_LRZ_calibration/source_terms/ZK403_single_source_sink_bulk_node.vtu,Nested calibration projects must be launched from their category root.
project_mesh,03_DFN_LRZ_calibration/random_wellhead_calibration/refined_sweep/projects/random_017.prj,source_terms/ZK208_single_source_sink_bulk_node.vtu,found_ancestor_working_directory,03_DFN_LRZ_calibration/source_terms/ZK208_single_source_sink_bulk_node.vtu,Nested calibration projects must be launched from their category root.
project_mesh,03_DFN_LRZ_calibration/random_wellhead_calibration/refined_sweep/projects/random_017.prj,source_terms/ZK203_single_source_sink_bulk_node.vtu,found_ancestor_working_directory,03_DFN_LRZ_calibration/source_terms/ZK203_single_source_sink_bulk_node.vtu,Nested calibration projects must be launched from their category root.
project_mesh,03_DFN_LRZ_calibration/random_wellhead_calibration/refined_sweep/projects/random_018.prj,input_mesh/reservoir_with_lowres.vtu,found_ancestor_working_directory,03_DFN_LRZ_calibration/input_mesh/reservoir_with_lowres.vtu,Nested calibration projects must be launched from their category root.
project_mesh,03_DFN_LRZ_calibration/random_wellhead_calibration/refined_sweep/projects/random_018.prj,source_terms/ZK403_single_source_sink_bulk_node.vtu,found_ancestor_working_directory,03_DFN_LRZ_calibration/source_terms/ZK403_single_source_sink_bulk_node.vtu,Nested calibration projects must be launched from their category root.
project_mesh,03_DFN_LRZ_calibration/random_wellhead_calibration/refined_sweep/projects/random_018.prj,source_terms/ZK208_single_source_sink_bulk_node.vtu,found_ancestor_working_directory,03_DFN_LRZ_calibration/source_terms/ZK208_single_source_sink_bulk_node.vtu,Nested calibration projects must be launched from their category root.
project_mesh,03_DFN_LRZ_calibration/random_wellhead_calibration/refined_sweep/projects/random_018.prj,source_terms/ZK203_single_source_sink_bulk_node.vtu,found_ancestor_working_directory,03_DFN_LRZ_calibration/source_terms/ZK203_single_source_sink_bulk_node.vtu,Nested calibration projects must be launched from their category root.
project_mesh,03_DFN_LRZ_calibration/random_wellhead_calibration/refined_sweep/projects/random_019.prj,input_mesh/reservoir_with_lowres.vtu,found_ancestor_working_directory,03_DFN_LRZ_calibration/input_mesh/reservoir_with_lowres.vtu,Nested calibration projects must be launched from their category root.
project_mesh,03_DFN_LRZ_calibration/random_wellhead_calibration/refined_sweep/projects/random_019.prj,source_terms/ZK403_single_source_sink_bulk_node.vtu,found_ancestor_working_directory,03_DFN_LRZ_calibration/source_terms/ZK403_single_source_sink_bulk_node.vtu,Nested calibration projects must be launched from their category root.
project_mesh,03_DFN_LRZ_calibration/random_wellhead_calibration/refined_sweep/projects/random_019.prj,source_terms/ZK208_single_source_sink_bulk_node.vtu,found_ancestor_working_directory,03_DFN_LRZ_calibration/source_terms/ZK208_single_source_sink_bulk_node.vtu,Nested calibration projects must be launched from their category root.
project_mesh,03_DFN_LRZ_calibration/random_wellhead_calibration/refined_sweep/projects/random_019.prj,source_terms/ZK203_single_source_sink_bulk_node.vtu,found_ancestor_working_directory,03_DFN_LRZ_calibration/source_terms/ZK203_single_source_sink_bulk_node.vtu,Nested calibration projects must be launched from their category root.
project_mesh,03_DFN_LRZ_calibration/random_wellhead_calibration/refined_sweep/projects/random_020.prj,input_mesh/reservoir_with_lowres.vtu,found_ancestor_working_directory,03_DFN_LRZ_calibration/input_mesh/reservoir_with_lowres.vtu,Nested calibration projects must be launched from their category root.
project_mesh,03_DFN_LRZ_calibration/random_wellhead_calibration/refined_sweep/projects/random_020.prj,source_terms/ZK403_single_source_sink_bulk_node.vtu,found_ancestor_working_directory,03_DFN_LRZ_calibration/source_terms/ZK403_single_source_sink_bulk_node.vtu,Nested calibration projects must be launched from their category root.
project_mesh,03_DFN_LRZ_calibration/random_wellhead_calibration/refined_sweep/projects/random_020.prj,source_terms/ZK208_single_source_sink_bulk_node.vtu,found_ancestor_working_directory,03_DFN_LRZ_calibration/source_terms/ZK208_single_source_sink_bulk_node.vtu,Nested calibration projects must be launched from their category root.
project_mesh,03_DFN_LRZ_calibration/random_wellhead_calibration/refined_sweep/projects/random_020.prj,source_terms/ZK203_single_source_sink_bulk_node.vtu,found_ancestor_working_directory,03_DFN_LRZ_calibration/source_terms/ZK203_single_source_sink_bulk_node.vtu,Nested calibration projects must be launched from their category root.
project_mesh,03_DFN_LRZ_calibration/random_wellhead_calibration/refined_sweep/projects/random_021.prj,input_mesh/reservoir_with_lowres.vtu,found_ancestor_working_directory,03_DFN_LRZ_calibration/input_mesh/reservoir_with_lowres.vtu,Nested calibration projects must be launched from their category root.
project_mesh,03_DFN_LRZ_calibration/random_wellhead_calibration/refined_sweep/projects/random_021.prj,source_terms/ZK403_single_source_sink_bulk_node.vtu,found_ancestor_working_directory,03_DFN_LRZ_calibration/source_terms/ZK403_single_source_sink_bulk_node.vtu,Nested calibration projects must be launched from their category root.
project_mesh,03_DFN_LRZ_calibration/random_wellhead_calibration/refined_sweep/projects/random_021.prj,source_terms/ZK208_single_source_sink_bulk_node.vtu,found_ancestor_working_directory,03_DFN_LRZ_calibration/source_terms/ZK208_single_source_sink_bulk_node.vtu,Nested calibration projects must be launched from their category root.
project_mesh,03_DFN_LRZ_calibration/random_wellhead_calibration/refined_sweep/projects/random_021.prj,source_terms/ZK203_single_source_sink_bulk_node.vtu,found_ancestor_working_directory,03_DFN_LRZ_calibration/source_terms/ZK203_single_source_sink_bulk_node.vtu,Nested calibration projects must be launched from their category root.
project_mesh,03_DFN_LRZ_calibration/random_wellhead_calibration/refined_sweep/projects/random_022.prj,input_mesh/reservoir_with_lowres.vtu,found_ancestor_working_directory,03_DFN_LRZ_calibration/input_mesh/reservoir_with_lowres.vtu,Nested calibration projects must be launched from their category root.
project_mesh,03_DFN_LRZ_calibration/random_wellhead_calibration/refined_sweep/projects/random_022.prj,source_terms/ZK403_single_source_sink_bulk_node.vtu,found_ancestor_working_directory,03_DFN_LRZ_calibration/source_terms/ZK403_single_source_sink_bulk_node.vtu,Nested calibration projects must be launched from their category root.
project_mesh,03_DFN_LRZ_calibration/random_wellhead_calibration/refined_sweep/projects/random_022.prj,source_terms/ZK208_single_source_sink_bulk_node.vtu,found_ancestor_working_directory,03_DFN_LRZ_calibration/source_terms/ZK208_single_source_sink_bulk_node.vtu,Nested calibration projects must be launched from their category root.
project_mesh,03_DFN_LRZ_calibration/random_wellhead_calibration/refined_sweep/projects/random_022.prj,source_terms/ZK203_single_source_sink_bulk_node.vtu,found_ancestor_working_directory,03_DFN_LRZ_calibration/source_terms/ZK203_single_source_sink_bulk_node.vtu,Nested calibration projects must be launched from their category root.
project_mesh,03_DFN_LRZ_calibration/random_wellhead_calibration/refined_sweep/projects/random_023.prj,input_mesh/reservoir_with_lowres.vtu,found_ancestor_working_directory,03_DFN_LRZ_calibration/input_mesh/reservoir_with_lowres.vtu,Nested calibration projects must be launched from their category root.
project_mesh,03_DFN_LRZ_calibration/random_wellhead_calibration/refined_sweep/projects/random_023.prj,source_terms/ZK403_single_source_sink_bulk_node.vtu,found_ancestor_working_directory,03_DFN_LRZ_calibration/source_terms/ZK403_single_source_sink_bulk_node.vtu,Nested calibration projects must be launched from their category root.
project_mesh,03_DFN_LRZ_calibration/random_wellhead_calibration/refined_sweep/projects/random_023.prj,source_terms/ZK208_single_source_sink_bulk_node.vtu,found_ancestor_working_directory,03_DFN_LRZ_calibration/source_terms/ZK208_single_source_sink_bulk_node.vtu,Nested calibration projects must be launched from their category root.
project_mesh,03_DFN_LRZ_calibration/random_wellhead_calibration/refined_sweep/projects/random_023.prj,source_terms/ZK203_single_source_sink_bulk_node.vtu,found_ancestor_working_directory,03_DFN_LRZ_calibration/source_terms/ZK203_single_source_sink_bulk_node.vtu,Nested calibration projects must be launched from their category root.
project_mesh,03_DFN_LRZ_calibration/random_wellhead_calibration/refined_sweep/projects/random_024.prj,input_mesh/reservoir_with_lowres.vtu,found_ancestor_working_directory,03_DFN_LRZ_calibration/input_mesh/reservoir_with_lowres.vtu,Nested calibration projects must be launched from their category root.
project_mesh,03_DFN_LRZ_calibration/random_wellhead_calibration/refined_sweep/projects/random_024.prj,source_terms/ZK403_single_source_sink_bulk_node.vtu,found_ancestor_working_directory,03_DFN_LRZ_calibration/source_terms/ZK403_single_source_sink_bulk_node.vtu,Nested calibration projects must be launched from their category root.
project_mesh,03_DFN_LRZ_calibration/random_wellhead_calibration/refined_sweep/projects/random_024.prj,source_terms/ZK208_single_source_sink_bulk_node.vtu,found_ancestor_working_directory,03_DFN_LRZ_calibration/source_terms/ZK208_single_source_sink_bulk_node.vtu,Nested calibration projects must be launched from their category root.
project_mesh,03_DFN_LRZ_calibration/random_wellhead_calibration/refined_sweep/projects/random_024.prj,source_terms/ZK203_single_source_sink_bulk_node.vtu,found_ancestor_working_directory,03_DFN_LRZ_calibration/source_terms/ZK203_single_source_sink_bulk_node.vtu,Nested calibration projects must be launched from their category root.
project_mesh,04_four_model_comparison/DFN/bestfit_DFN_200d.prj,yangyi_2d_fractures.vtu,found_project_directory,04_four_model_comparison/DFN/yangyi_2d_fractures.vtu,
project_mesh,04_four_model_comparison/DFN/bestfit_DFN_200d.prj,ZK403_2d_source.vtu,found_project_directory,04_four_model_comparison/DFN/ZK403_2d_source.vtu,
project_mesh,04_four_model_comparison/DFN/bestfit_DFN_200d.prj,ZK208_2d_source.vtu,found_project_directory,04_four_model_comparison/DFN/ZK208_2d_source.vtu,
project_mesh,04_four_model_comparison/DFN-LRZ/bestfit_DFNM_LRZ_200d.prj,input_mesh/reservoir_with_lowres.vtu,found_project_directory,04_four_model_comparison/DFN-LRZ/input_mesh/reservoir_with_lowres.vtu,
project_mesh,04_four_model_comparison/DFN-LRZ/bestfit_DFNM_LRZ_200d.prj,source_terms/ZK403_single_source_sink_bulk_node.vtu,found_project_directory,04_four_model_comparison/DFN-LRZ/source_terms/ZK403_single_source_sink_bulk_node.vtu,
project_mesh,04_four_model_comparison/DFN-LRZ/bestfit_DFNM_LRZ_200d.prj,source_terms/ZK208_single_source_sink_bulk_node.vtu,found_project_directory,04_four_model_comparison/DFN-LRZ/source_terms/ZK208_single_source_sink_bulk_node.vtu,
project_mesh,04_four_model_comparison/DFN-LRZ/bestfit_DFNM_LRZ_200d.prj,source_terms/ZK203_single_source_sink_bulk_node.vtu,found_project_directory,04_four_model_comparison/DFN-LRZ/source_terms/ZK203_single_source_sink_bulk_node.vtu,
project_mesh,04_four_model_comparison/DFNM/archive_without_lrz_20260816/bestfit_DFNM_200d_without_lrz.prj,input_mesh/reservoir_without_lrz.vtu,found_ancestor_working_directory,04_four_model_comparison/DFNM/input_mesh/reservoir_without_lrz.vtu,Nested calibration projects must be launched from their category root.
project_mesh,04_four_model_comparison/DFNM/archive_without_lrz_20260816/bestfit_DFNM_200d_without_lrz.prj,input_mesh/yangyi_face_y_max.vtu,found_ancestor_working_directory,04_four_model_comparison/DFNM/input_mesh/yangyi_face_y_max.vtu,Nested calibration projects must be launched from their category root.
project_mesh,04_four_model_comparison/DFNM/archive_without_lrz_20260816/bestfit_DFNM_200d_without_lrz.prj,input_mesh/yangyi_face_y_min.vtu,found_ancestor_working_directory,04_four_model_comparison/DFNM/input_mesh/yangyi_face_y_min.vtu,Nested calibration projects must be launched from their category root.
project_mesh,04_four_model_comparison/DFNM/archive_without_lrz_20260816/bestfit_DFNM_200d_without_lrz.prj,input_mesh/yangyi_face_x_max.vtu,found_ancestor_working_directory,04_four_model_comparison/DFNM/input_mesh/yangyi_face_x_max.vtu,Nested calibration projects must be launched from their category root.
project_mesh,04_four_model_comparison/DFNM/archive_without_lrz_20260816/bestfit_DFNM_200d_without_lrz.prj,input_mesh/yangyi_face_x_min.vtu,found_ancestor_working_directory,04_four_model_comparison/DFNM/input_mesh/yangyi_face_x_min.vtu,Nested calibration projects must be launched from their category root.
project_mesh,04_four_model_comparison/DFNM/archive_without_lrz_20260816/bestfit_DFNM_200d_without_lrz.prj,input_mesh/yangyi_face_z_max.vtu,found_ancestor_working_directory,04_four_model_comparison/DFNM/input_mesh/yangyi_face_z_max.vtu,Nested calibration projects must be launched from their category root.
project_mesh,04_four_model_comparison/DFNM/archive_without_lrz_20260816/bestfit_DFNM_200d_without_lrz.prj,input_mesh/yangyi_face_z_min.vtu,found_ancestor_working_directory,04_four_model_comparison/DFNM/input_mesh/yangyi_face_z_min.vtu,Nested calibration projects must be launched from their category root.
project_mesh,04_four_model_comparison/DFNM/archive_without_lrz_20260816/bestfit_DFNM_200d_without_lrz.prj,source_terms/ZK403_single_source_sink_bulk_node.vtu,found_ancestor_working_directory,04_four_model_comparison/DFNM/source_terms/ZK403_single_source_sink_bulk_node.vtu,Nested calibration projects must be launched from their category root.
project_mesh,04_four_model_comparison/DFNM/archive_without_lrz_20260816/bestfit_DFNM_200d_without_lrz.prj,source_terms/ZK208_single_source_sink_bulk_node.vtu,found_ancestor_working_directory,04_four_model_comparison/DFNM/source_terms/ZK208_single_source_sink_bulk_node.vtu,Nested calibration projects must be launched from their category root.
project_mesh,04_four_model_comparison/DFNM/archive_without_lrz_20260816/bestfit_DFNM_200d_without_lrz.prj,source_terms/ZK203_single_source_sink_bulk_node.vtu,found_ancestor_working_directory,04_four_model_comparison/DFNM/source_terms/ZK203_single_source_sink_bulk_node.vtu,Nested calibration projects must be launched from their category root.
project_mesh,04_four_model_comparison/DFNM/archive_without_lrz_20260816/bestfit_DFNM_200d_without_lrz.prj,monitoring/recommended_monitoring_bulk_nodes_all7_ZK501_bedrock.vtu,found_ancestor_working_directory,04_four_model_comparison/DFNM/monitoring/recommended_monitoring_bulk_nodes_all7_ZK501_bedrock.vtu,Nested calibration projects must be launched from their category root.
project_mesh,04_four_model_comparison/DFNM/bestfit_DFNM_200d.prj,input_mesh/reservoir_without_lrz.vtu,found_project_directory,04_four_model_comparison/DFNM/input_mesh/reservoir_without_lrz.vtu,
project_mesh,04_four_model_comparison/DFNM/bestfit_DFNM_200d.prj,input_mesh/yangyi_face_y_max.vtu,found_project_directory,04_four_model_comparison/DFNM/input_mesh/yangyi_face_y_max.vtu,
project_mesh,04_four_model_comparison/DFNM/bestfit_DFNM_200d.prj,input_mesh/yangyi_face_y_min.vtu,found_project_directory,04_four_model_comparison/DFNM/input_mesh/yangyi_face_y_min.vtu,
project_mesh,04_four_model_comparison/DFNM/bestfit_DFNM_200d.prj,input_mesh/yangyi_face_x_max.vtu,found_project_directory,04_four_model_comparison/DFNM/input_mesh/yangyi_face_x_max.vtu,
project_mesh,04_four_model_comparison/DFNM/bestfit_DFNM_200d.prj,input_mesh/yangyi_face_x_min.vtu,found_project_directory,04_four_model_comparison/DFNM/input_mesh/yangyi_face_x_min.vtu,
project_mesh,04_four_model_comparison/DFNM/bestfit_DFNM_200d.prj,input_mesh/yangyi_face_z_max.vtu,found_project_directory,04_four_model_comparison/DFNM/input_mesh/yangyi_face_z_max.vtu,
project_mesh,04_four_model_comparison/DFNM/bestfit_DFNM_200d.prj,input_mesh/yangyi_face_z_min.vtu,found_project_directory,04_four_model_comparison/DFNM/input_mesh/yangyi_face_z_min.vtu,
project_mesh,04_four_model_comparison/DFNM/bestfit_DFNM_200d.prj,source_terms/ZK403_single_source_sink_bulk_node.vtu,found_project_directory,04_four_model_comparison/DFNM/source_terms/ZK403_single_source_sink_bulk_node.vtu,
project_mesh,04_four_model_comparison/DFNM/bestfit_DFNM_200d.prj,source_terms/ZK208_single_source_sink_bulk_node.vtu,found_project_directory,04_four_model_comparison/DFNM/source_terms/ZK208_single_source_sink_bulk_node.vtu,
project_mesh,04_four_model_comparison/DFNM/bestfit_DFNM_200d.prj,source_terms/ZK203_single_source_sink_bulk_node.vtu,found_project_directory,04_four_model_comparison/DFNM/source_terms/ZK203_single_source_sink_bulk_node.vtu,
project_mesh,04_four_model_comparison/DFNM/bestfit_DFNM_200d.prj,monitoring/recommended_monitoring_bulk_nodes_all7_ZK501_bedrock.vtu,found_project_directory,04_four_model_comparison/DFNM/monitoring/recommended_monitoring_bulk_nodes_all7_ZK501_bedrock.vtu,
project_mesh,04_four_model_comparison/DFNM-LRZ/bestfit_DFNM_LRZ_200d.prj,input_mesh/reservoir_with_lowres.vtu,found_project_directory,04_four_model_comparison/DFNM-LRZ/input_mesh/reservoir_with_lowres.vtu,
project_mesh,04_four_model_comparison/DFNM-LRZ/bestfit_DFNM_LRZ_200d.prj,input_mesh/yangyi_face_y_max.vtu,found_project_directory,04_four_model_comparison/DFNM-LRZ/input_mesh/yangyi_face_y_max.vtu,
project_mesh,04_four_model_comparison/DFNM-LRZ/bestfit_DFNM_LRZ_200d.prj,input_mesh/yangyi_face_y_min.vtu,found_project_directory,04_four_model_comparison/DFNM-LRZ/input_mesh/yangyi_face_y_min.vtu,
project_mesh,04_four_model_comparison/DFNM-LRZ/bestfit_DFNM_LRZ_200d.prj,input_mesh/yangyi_face_x_max.vtu,found_project_directory,04_four_model_comparison/DFNM-LRZ/input_mesh/yangyi_face_x_max.vtu,
project_mesh,04_four_model_comparison/DFNM-LRZ/bestfit_DFNM_LRZ_200d.prj,input_mesh/yangyi_face_x_min.vtu,found_project_directory,04_four_model_comparison/DFNM-LRZ/input_mesh/yangyi_face_x_min.vtu,
project_mesh,04_four_model_comparison/DFNM-LRZ/bestfit_DFNM_LRZ_200d.prj,input_mesh/yangyi_face_z_max.vtu,found_project_directory,04_four_model_comparison/DFNM-LRZ/input_mesh/yangyi_face_z_max.vtu,
project_mesh,04_four_model_comparison/DFNM-LRZ/bestfit_DFNM_LRZ_200d.prj,input_mesh/yangyi_face_z_min.vtu,found_project_directory,04_four_model_comparison/DFNM-LRZ/input_mesh/yangyi_face_z_min.vtu,
project_mesh,04_four_model_comparison/DFNM-LRZ/bestfit_DFNM_LRZ_200d.prj,source_terms/ZK403_single_source_sink_bulk_node.vtu,found_project_directory,04_four_model_comparison/DFNM-LRZ/source_terms/ZK403_single_source_sink_bulk_node.vtu,
project_mesh,04_four_model_comparison/DFNM-LRZ/bestfit_DFNM_LRZ_200d.prj,source_terms/ZK208_single_source_sink_bulk_node.vtu,found_project_directory,04_four_model_comparison/DFNM-LRZ/source_terms/ZK208_single_source_sink_bulk_node.vtu,
project_mesh,04_four_model_comparison/DFNM-LRZ/bestfit_DFNM_LRZ_200d.prj,source_terms/ZK203_single_source_sink_bulk_node.vtu,found_project_directory,04_four_model_comparison/DFNM-LRZ/source_terms/ZK203_single_source_sink_bulk_node.vtu,
project_mesh,04_four_model_comparison/DFNM-LRZ/bestfit_DFNM_LRZ_200d.prj,monitoring/recommended_monitoring_bulk_nodes_all7_ZK501_bedrock.vtu,found_project_directory,04_four_model_comparison/DFNM-LRZ/monitoring/recommended_monitoring_bulk_nodes_all7_ZK501_bedrock.vtu,
project_mesh,05_tracer_calibration_sweeps/runs/anchor_100C/case6_joint_anchor_100C.prj,/home/zhai/Yangyi_OGS/Long_tracer/case6_4pipes_joint_parameter_sweep/runs/anchor_100C/input_mesh/four_pipes_with_storage.vtu,absolute_reference_present,/home/zhai/Yangyi_OGS/Long_tracer/case6_4pipes_joint_parameter_sweep/runs/anchor_100C/input_mesh/four_pipes_with_storage.vtu,
project_mesh,05_tracer_calibration_sweeps/runs/anchor_100C/case6_joint_anchor_100C.prj,/home/zhai/Yangyi_OGS/Long_tracer/case6_4pipes_joint_parameter_sweep/runs/anchor_100C/input_mesh/ZK403.vtu,absolute_reference_present,/home/zhai/Yangyi_OGS/Long_tracer/case6_4pipes_joint_parameter_sweep/runs/anchor_100C/input_mesh/ZK403.vtu,
project_mesh,05_tracer_calibration_sweeps/runs/anchor_100C/case6_joint_anchor_100C.prj,/home/zhai/Yangyi_OGS/Long_tracer/case6_4pipes_joint_parameter_sweep/runs/anchor_100C/input_mesh/ZK208.vtu,absolute_reference_present,/home/zhai/Yangyi_OGS/Long_tracer/case6_4pipes_joint_parameter_sweep/runs/anchor_100C/input_mesh/ZK208.vtu,
project_mesh,05_tracer_calibration_sweeps/runs/anchor_100C/case6_joint_anchor_100C.prj,/home/zhai/Yangyi_OGS/Long_tracer/case6_4pipes_joint_parameter_sweep/runs/anchor_100C/input_mesh/ZK203.vtu,absolute_reference_present,/home/zhai/Yangyi_OGS/Long_tracer/case6_4pipes_joint_parameter_sweep/runs/anchor_100C/input_mesh/ZK203.vtu,
project_mesh,05_tracer_calibration_sweeps/runs/anchor_100C/case6_joint_anchor_100C.prj,/home/zhai/Yangyi_OGS/Long_tracer/case6_4pipes_joint_parameter_sweep/runs/anchor_100C/input_mesh/D_diversion_outlet.vtu,absolute_reference_present,/home/zhai/Yangyi_OGS/Long_tracer/case6_4pipes_joint_parameter_sweep/runs/anchor_100C/input_mesh/D_diversion_outlet.vtu,
project_mesh,05_tracer_calibration_sweeps/runs/anchor_100C/case6_joint_anchor_100C.prj,/home/zhai/Yangyi_OGS/Long_tracer/case6_4pipes_joint_parameter_sweep/runs/anchor_100C/input_mesh/M208_clean_water.vtu,absolute_reference_present,/home/zhai/Yangyi_OGS/Long_tracer/case6_4pipes_joint_parameter_sweep/runs/anchor_100C/input_mesh/M208_clean_water.vtu,
project_mesh,05_tracer_calibration_sweeps/runs/anchor_100C/case6_joint_anchor_100C.prj,/home/zhai/Yangyi_OGS/Long_tracer/case6_4pipes_joint_parameter_sweep/runs/anchor_100C/input_mesh/M203_clean_water.vtu,absolute_reference_present,/home/zhai/Yangyi_OGS/Long_tracer/case6_4pipes_joint_parameter_sweep/runs/anchor_100C/input_mesh/M203_clean_water.vtu,
project_mesh,05_tracer_calibration_sweeps/runs/anchor_100C/case6_joint_anchor_100C_portable.prj,input_mesh/four_pipes_with_storage.vtu,found_project_directory,05_tracer_calibration_sweeps/runs/anchor_100C/input_mesh/four_pipes_with_storage.vtu,
project_mesh,05_tracer_calibration_sweeps/runs/anchor_100C/case6_joint_anchor_100C_portable.prj,input_mesh/ZK403.vtu,found_project_directory,05_tracer_calibration_sweeps/runs/anchor_100C/input_mesh/ZK403.vtu,
project_mesh,05_tracer_calibration_sweeps/runs/anchor_100C/case6_joint_anchor_100C_portable.prj,input_mesh/ZK208.vtu,found_project_directory,05_tracer_calibration_sweeps/runs/anchor_100C/input_mesh/ZK208.vtu,
project_mesh,05_tracer_calibration_sweeps/runs/anchor_100C/case6_joint_anchor_100C_portable.prj,input_mesh/ZK203.vtu,found_project_directory,05_tracer_calibration_sweeps/runs/anchor_100C/input_mesh/ZK203.vtu,
project_mesh,05_tracer_calibration_sweeps/runs/anchor_100C/case6_joint_anchor_100C_portable.prj,input_mesh/D_diversion_outlet.vtu,found_project_directory,05_tracer_calibration_sweeps/runs/anchor_100C/input_mesh/D_diversion_outlet.vtu,
project_mesh,05_tracer_calibration_sweeps/runs/anchor_100C/case6_joint_anchor_100C_portable.prj,input_mesh/M208_clean_water.vtu,found_project_directory,05_tracer_calibration_sweeps/runs/anchor_100C/input_mesh/M208_clean_water.vtu,
project_mesh,05_tracer_calibration_sweeps/runs/anchor_100C/case6_joint_anchor_100C_portable.prj,input_mesh/M203_clean_water.vtu,found_project_directory,05_tracer_calibration_sweeps/runs/anchor_100C/input_mesh/M203_clean_water.vtu,
project_mesh,05_tracer_calibration_sweeps/runs/anchor_120C/case6_joint_anchor_120C.prj,/home/zhai/Yangyi_OGS/Long_tracer/case6_4pipes_joint_parameter_sweep/runs/anchor_120C/input_mesh/four_pipes_with_storage.vtu,absolute_reference_present,/home/zhai/Yangyi_OGS/Long_tracer/case6_4pipes_joint_parameter_sweep/runs/anchor_120C/input_mesh/four_pipes_with_storage.vtu,
project_mesh,05_tracer_calibration_sweeps/runs/anchor_120C/case6_joint_anchor_120C.prj,/home/zhai/Yangyi_OGS/Long_tracer/case6_4pipes_joint_parameter_sweep/runs/anchor_120C/input_mesh/ZK403.vtu,absolute_reference_present,/home/zhai/Yangyi_OGS/Long_tracer/case6_4pipes_joint_parameter_sweep/runs/anchor_120C/input_mesh/ZK403.vtu,
project_mesh,05_tracer_calibration_sweeps/runs/anchor_120C/case6_joint_anchor_120C.prj,/home/zhai/Yangyi_OGS/Long_tracer/case6_4pipes_joint_parameter_sweep/runs/anchor_120C/input_mesh/ZK208.vtu,absolute_reference_present,/home/zhai/Yangyi_OGS/Long_tracer/case6_4pipes_joint_parameter_sweep/runs/anchor_120C/input_mesh/ZK208.vtu,
project_mesh,05_tracer_calibration_sweeps/runs/anchor_120C/case6_joint_anchor_120C.prj,/home/zhai/Yangyi_OGS/Long_tracer/case6_4pipes_joint_parameter_sweep/runs/anchor_120C/input_mesh/ZK203.vtu,absolute_reference_present,/home/zhai/Yangyi_OGS/Long_tracer/case6_4pipes_joint_parameter_sweep/runs/anchor_120C/input_mesh/ZK203.vtu,
project_mesh,05_tracer_calibration_sweeps/runs/anchor_120C/case6_joint_anchor_120C.prj,/home/zhai/Yangyi_OGS/Long_tracer/case6_4pipes_joint_parameter_sweep/runs/anchor_120C/input_mesh/D_diversion_outlet.vtu,absolute_reference_present,/home/zhai/Yangyi_OGS/Long_tracer/case6_4pipes_joint_parameter_sweep/runs/anchor_120C/input_mesh/D_diversion_outlet.vtu,
project_mesh,05_tracer_calibration_sweeps/runs/anchor_120C/case6_joint_anchor_120C.prj,/home/zhai/Yangyi_OGS/Long_tracer/case6_4pipes_joint_parameter_sweep/runs/anchor_120C/input_mesh/M208_clean_water.vtu,absolute_reference_present,/home/zhai/Yangyi_OGS/Long_tracer/case6_4pipes_joint_parameter_sweep/runs/anchor_120C/input_mesh/M208_clean_water.vtu,
project_mesh,05_tracer_calibration_sweeps/runs/anchor_120C/case6_joint_anchor_120C.prj,/home/zhai/Yangyi_OGS/Long_tracer/case6_4pipes_joint_parameter_sweep/runs/anchor_120C/input_mesh/M203_clean_water.vtu,absolute_reference_present,/home/zhai/Yangyi_OGS/Long_tracer/case6_4pipes_joint_parameter_sweep/runs/anchor_120C/input_mesh/M203_clean_water.vtu,
project_mesh,05_tracer_calibration_sweeps/runs/anchor_120C/case6_joint_anchor_120C_portable.prj,input_mesh/four_pipes_with_storage.vtu,found_project_directory,05_tracer_calibration_sweeps/runs/anchor_120C/input_mesh/four_pipes_with_storage.vtu,
project_mesh,05_tracer_calibration_sweeps/runs/anchor_120C/case6_joint_anchor_120C_portable.prj,input_mesh/ZK403.vtu,found_project_directory,05_tracer_calibration_sweeps/runs/anchor_120C/input_mesh/ZK403.vtu,
project_mesh,05_tracer_calibration_sweeps/runs/anchor_120C/case6_joint_anchor_120C_portable.prj,input_mesh/ZK208.vtu,found_project_directory,05_tracer_calibration_sweeps/runs/anchor_120C/input_mesh/ZK208.vtu,
project_mesh,05_tracer_calibration_sweeps/runs/anchor_120C/case6_joint_anchor_120C_portable.prj,input_mesh/ZK203.vtu,found_project_directory,05_tracer_calibration_sweeps/runs/anchor_120C/input_mesh/ZK203.vtu,
project_mesh,05_tracer_calibration_sweeps/runs/anchor_120C/case6_joint_anchor_120C_portable.prj,input_mesh/D_diversion_outlet.vtu,found_project_directory,05_tracer_calibration_sweeps/runs/anchor_120C/input_mesh/D_diversion_outlet.vtu,
project_mesh,05_tracer_calibration_sweeps/runs/anchor_120C/case6_joint_anchor_120C_portable.prj,input_mesh/M208_clean_water.vtu,found_project_directory,05_tracer_calibration_sweeps/runs/anchor_120C/input_mesh/M208_clean_water.vtu,
project_mesh,05_tracer_calibration_sweeps/runs/anchor_120C/case6_joint_anchor_120C_portable.prj,input_mesh/M203_clean_water.vtu,found_project_directory,05_tracer_calibration_sweeps/runs/anchor_120C/input_mesh/M203_clean_water.vtu,
project_mesh,05_tracer_calibration_sweeps/runs/anchor_60C/case6_joint_anchor_60C.prj,/home/zhai/Yangyi_OGS/Long_tracer/case6_4pipes_joint_parameter_sweep/runs/anchor_60C/input_mesh/four_pipes_with_storage.vtu,absolute_reference_present,/home/zhai/Yangyi_OGS/Long_tracer/case6_4pipes_joint_parameter_sweep/runs/anchor_60C/input_mesh/four_pipes_with_storage.vtu,
project_mesh,05_tracer_calibration_sweeps/runs/anchor_60C/case6_joint_anchor_60C.prj,/home/zhai/Yangyi_OGS/Long_tracer/case6_4pipes_joint_parameter_sweep/runs/anchor_60C/input_mesh/ZK403.vtu,absolute_reference_present,/home/zhai/Yangyi_OGS/Long_tracer/case6_4pipes_joint_parameter_sweep/runs/anchor_60C/input_mesh/ZK403.vtu,
project_mesh,05_tracer_calibration_sweeps/runs/anchor_60C/case6_joint_anchor_60C.prj,/home/zhai/Yangyi_OGS/Long_tracer/case6_4pipes_joint_parameter_sweep/runs/anchor_60C/input_mesh/ZK208.vtu,absolute_reference_present,/home/zhai/Yangyi_OGS/Long_tracer/case6_4pipes_joint_parameter_sweep/runs/anchor_60C/input_mesh/ZK208.vtu,
project_mesh,05_tracer_calibration_sweeps/runs/anchor_60C/case6_joint_anchor_60C.prj,/home/zhai/Yangyi_OGS/Long_tracer/case6_4pipes_joint_parameter_sweep/runs/anchor_60C/input_mesh/ZK203.vtu,absolute_reference_present,/home/zhai/Yangyi_OGS/Long_tracer/case6_4pipes_joint_parameter_sweep/runs/anchor_60C/input_mesh/ZK203.vtu,
project_mesh,05_tracer_calibration_sweeps/runs/anchor_60C/case6_joint_anchor_60C.prj,/home/zhai/Yangyi_OGS/Long_tracer/case6_4pipes_joint_parameter_sweep/runs/anchor_60C/input_mesh/D_diversion_outlet.vtu,absolute_reference_present,/home/zhai/Yangyi_OGS/Long_tracer/case6_4pipes_joint_parameter_sweep/runs/anchor_60C/input_mesh/D_diversion_outlet.vtu,
project_mesh,05_tracer_calibration_sweeps/runs/anchor_60C/case6_joint_anchor_60C.prj,/home/zhai/Yangyi_OGS/Long_tracer/case6_4pipes_joint_parameter_sweep/runs/anchor_60C/input_mesh/M208_clean_water.vtu,absolute_reference_present,/home/zhai/Yangyi_OGS/Long_tracer/case6_4pipes_joint_parameter_sweep/runs/anchor_60C/input_mesh/M208_clean_water.vtu,
project_mesh,05_tracer_calibration_sweeps/runs/anchor_60C/case6_joint_anchor_60C.prj,/home/zhai/Yangyi_OGS/Long_tracer/case6_4pipes_joint_parameter_sweep/runs/anchor_60C/input_mesh/M203_clean_water.vtu,absolute_reference_present,/home/zhai/Yangyi_OGS/Long_tracer/case6_4pipes_joint_parameter_sweep/runs/anchor_60C/input_mesh/M203_clean_water.vtu,
project_mesh,05_tracer_calibration_sweeps/runs/anchor_60C/case6_joint_anchor_60C_portable.prj,input_mesh/four_pipes_with_storage.vtu,found_project_directory,05_tracer_calibration_sweeps/runs/anchor_60C/input_mesh/four_pipes_with_storage.vtu,
project_mesh,05_tracer_calibration_sweeps/runs/anchor_60C/case6_joint_anchor_60C_portable.prj,input_mesh/ZK403.vtu,found_project_directory,05_tracer_calibration_sweeps/runs/anchor_60C/input_mesh/ZK403.vtu,
project_mesh,05_tracer_calibration_sweeps/runs/anchor_60C/case6_joint_anchor_60C_portable.prj,input_mesh/ZK208.vtu,found_project_directory,05_tracer_calibration_sweeps/runs/anchor_60C/input_mesh/ZK208.vtu,
project_mesh,05_tracer_calibration_sweeps/runs/anchor_60C/case6_joint_anchor_60C_portable.prj,input_mesh/ZK203.vtu,found_project_directory,05_tracer_calibration_sweeps/runs/anchor_60C/input_mesh/ZK203.vtu,
project_mesh,05_tracer_calibration_sweeps/runs/anchor_60C/case6_joint_anchor_60C_portable.prj,input_mesh/D_diversion_outlet.vtu,found_project_directory,05_tracer_calibration_sweeps/runs/anchor_60C/input_mesh/D_diversion_outlet.vtu,
project_mesh,05_tracer_calibration_sweeps/runs/anchor_60C/case6_joint_anchor_60C_portable.prj,input_mesh/M208_clean_water.vtu,found_project_directory,05_tracer_calibration_sweeps/runs/anchor_60C/input_mesh/M208_clean_water.vtu,
project_mesh,05_tracer_calibration_sweeps/runs/anchor_60C/case6_joint_anchor_60C_portable.prj,input_mesh/M203_clean_water.vtu,found_project_directory,05_tracer_calibration_sweeps/runs/anchor_60C/input_mesh/M203_clean_water.vtu,
project_mesh,05_tracer_calibration_sweeps/runs/anchor_80C/case6_joint_anchor_80C.prj,/home/zhai/Yangyi_OGS/Long_tracer/case6_4pipes_joint_parameter_sweep/runs/anchor_80C/input_mesh/four_pipes_with_storage.vtu,absolute_reference_present,/home/zhai/Yangyi_OGS/Long_tracer/case6_4pipes_joint_parameter_sweep/runs/anchor_80C/input_mesh/four_pipes_with_storage.vtu,
project_mesh,05_tracer_calibration_sweeps/runs/anchor_80C/case6_joint_anchor_80C.prj,/home/zhai/Yangyi_OGS/Long_tracer/case6_4pipes_joint_parameter_sweep/runs/anchor_80C/input_mesh/ZK403.vtu,absolute_reference_present,/home/zhai/Yangyi_OGS/Long_tracer/case6_4pipes_joint_parameter_sweep/runs/anchor_80C/input_mesh/ZK403.vtu,
project_mesh,05_tracer_calibration_sweeps/runs/anchor_80C/case6_joint_anchor_80C.prj,/home/zhai/Yangyi_OGS/Long_tracer/case6_4pipes_joint_parameter_sweep/runs/anchor_80C/input_mesh/ZK208.vtu,absolute_reference_present,/home/zhai/Yangyi_OGS/Long_tracer/case6_4pipes_joint_parameter_sweep/runs/anchor_80C/input_mesh/ZK208.vtu,
project_mesh,05_tracer_calibration_sweeps/runs/anchor_80C/case6_joint_anchor_80C.prj,/home/zhai/Yangyi_OGS/Long_tracer/case6_4pipes_joint_parameter_sweep/runs/anchor_80C/input_mesh/ZK203.vtu,absolute_reference_present,/home/zhai/Yangyi_OGS/Long_tracer/case6_4pipes_joint_parameter_sweep/runs/anchor_80C/input_mesh/ZK203.vtu,
project_mesh,05_tracer_calibration_sweeps/runs/anchor_80C/case6_joint_anchor_80C.prj,/home/zhai/Yangyi_OGS/Long_tracer/case6_4pipes_joint_parameter_sweep/runs/anchor_80C/input_mesh/D_diversion_outlet.vtu,absolute_reference_present,/home/zhai/Yangyi_OGS/Long_tracer/case6_4pipes_joint_parameter_sweep/runs/anchor_80C/input_mesh/D_diversion_outlet.vtu,
project_mesh,05_tracer_calibration_sweeps/runs/anchor_80C/case6_joint_anchor_80C.prj,/home/zhai/Yangyi_OGS/Long_tracer/case6_4pipes_joint_parameter_sweep/runs/anchor_80C/input_mesh/M208_clean_water.vtu,absolute_reference_present,/home/zhai/Yangyi_OGS/Long_tracer/case6_4pipes_joint_parameter_sweep/runs/anchor_80C/input_mesh/M208_clean_water.vtu,
project_mesh,05_tracer_calibration_sweeps/runs/anchor_80C/case6_joint_anchor_80C.prj,/home/zhai/Yangyi_OGS/Long_tracer/case6_4pipes_joint_parameter_sweep/runs/anchor_80C/input_mesh/M203_clean_water.vtu,absolute_reference_present,/home/zhai/Yangyi_OGS/Long_tracer/case6_4pipes_joint_parameter_sweep/runs/anchor_80C/input_mesh/M203_clean_water.vtu,
project_mesh,05_tracer_calibration_sweeps/runs/anchor_80C/case6_joint_anchor_80C_portable.prj,input_mesh/four_pipes_with_storage.vtu,found_project_directory,05_tracer_calibration_sweeps/runs/anchor_80C/input_mesh/four_pipes_with_storage.vtu,
project_mesh,05_tracer_calibration_sweeps/runs/anchor_80C/case6_joint_anchor_80C_portable.prj,input_mesh/ZK403.vtu,found_project_directory,05_tracer_calibration_sweeps/runs/anchor_80C/input_mesh/ZK403.vtu,
project_mesh,05_tracer_calibration_sweeps/runs/anchor_80C/case6_joint_anchor_80C_portable.prj,input_mesh/ZK208.vtu,found_project_directory,05_tracer_calibration_sweeps/runs/anchor_80C/input_mesh/ZK208.vtu,
project_mesh,05_tracer_calibration_sweeps/runs/anchor_80C/case6_joint_anchor_80C_portable.prj,input_mesh/ZK203.vtu,found_project_directory,05_tracer_calibration_sweeps/runs/anchor_80C/input_mesh/ZK203.vtu,
project_mesh,05_tracer_calibration_sweeps/runs/anchor_80C/case6_joint_anchor_80C_portable.prj,input_mesh/D_diversion_outlet.vtu,found_project_directory,05_tracer_calibration_sweeps/runs/anchor_80C/input_mesh/D_diversion_outlet.vtu,
project_mesh,05_tracer_calibration_sweeps/runs/anchor_80C/case6_joint_anchor_80C_portable.prj,input_mesh/M208_clean_water.vtu,found_project_directory,05_tracer_calibration_sweeps/runs/anchor_80C/input_mesh/M208_clean_water.vtu,
project_mesh,05_tracer_calibration_sweeps/runs/anchor_80C/case6_joint_anchor_80C_portable.prj,input_mesh/M203_clean_water.vtu,found_project_directory,05_tracer_calibration_sweeps/runs/anchor_80C/input_mesh/M203_clean_water.vtu,
project_mesh,05_tracer_calibration_sweeps/runs/lhs_01/case6_joint_lhs_01.prj,/home/zhai/Yangyi_OGS/Long_tracer/case6_4pipes_joint_parameter_sweep/runs/lhs_01/input_mesh/four_pipes_with_storage.vtu,absolute_reference_present,/home/zhai/Yangyi_OGS/Long_tracer/case6_4pipes_joint_parameter_sweep/runs/lhs_01/input_mesh/four_pipes_with_storage.vtu,
project_mesh,05_tracer_calibration_sweeps/runs/lhs_01/case6_joint_lhs_01.prj,/home/zhai/Yangyi_OGS/Long_tracer/case6_4pipes_joint_parameter_sweep/runs/lhs_01/input_mesh/ZK403.vtu,absolute_reference_present,/home/zhai/Yangyi_OGS/Long_tracer/case6_4pipes_joint_parameter_sweep/runs/lhs_01/input_mesh/ZK403.vtu,
project_mesh,05_tracer_calibration_sweeps/runs/lhs_01/case6_joint_lhs_01.prj,/home/zhai/Yangyi_OGS/Long_tracer/case6_4pipes_joint_parameter_sweep/runs/lhs_01/input_mesh/ZK208.vtu,absolute_reference_present,/home/zhai/Yangyi_OGS/Long_tracer/case6_4pipes_joint_parameter_sweep/runs/lhs_01/input_mesh/ZK208.vtu,
project_mesh,05_tracer_calibration_sweeps/runs/lhs_01/case6_joint_lhs_01.prj,/home/zhai/Yangyi_OGS/Long_tracer/case6_4pipes_joint_parameter_sweep/runs/lhs_01/input_mesh/ZK203.vtu,absolute_reference_present,/home/zhai/Yangyi_OGS/Long_tracer/case6_4pipes_joint_parameter_sweep/runs/lhs_01/input_mesh/ZK203.vtu,
project_mesh,05_tracer_calibration_sweeps/runs/lhs_01/case6_joint_lhs_01.prj,/home/zhai/Yangyi_OGS/Long_tracer/case6_4pipes_joint_parameter_sweep/runs/lhs_01/input_mesh/D_diversion_outlet.vtu,absolute_reference_present,/home/zhai/Yangyi_OGS/Long_tracer/case6_4pipes_joint_parameter_sweep/runs/lhs_01/input_mesh/D_diversion_outlet.vtu,
project_mesh,05_tracer_calibration_sweeps/runs/lhs_01/case6_joint_lhs_01.prj,/home/zhai/Yangyi_OGS/Long_tracer/case6_4pipes_joint_parameter_sweep/runs/lhs_01/input_mesh/M208_clean_water.vtu,absolute_reference_present,/home/zhai/Yangyi_OGS/Long_tracer/case6_4pipes_joint_parameter_sweep/runs/lhs_01/input_mesh/M208_clean_water.vtu,
project_mesh,05_tracer_calibration_sweeps/runs/lhs_01/case6_joint_lhs_01.prj,/home/zhai/Yangyi_OGS/Long_tracer/case6_4pipes_joint_parameter_sweep/runs/lhs_01/input_mesh/M203_clean_water.vtu,absolute_reference_present,/home/zhai/Yangyi_OGS/Long_tracer/case6_4pipes_joint_parameter_sweep/runs/lhs_01/input_mesh/M203_clean_water.vtu,
project_mesh,05_tracer_calibration_sweeps/runs/lhs_01/case6_joint_lhs_01_portable.prj,input_mesh/four_pipes_with_storage.vtu,found_project_directory,05_tracer_calibration_sweeps/runs/lhs_01/input_mesh/four_pipes_with_storage.vtu,
project_mesh,05_tracer_calibration_sweeps/runs/lhs_01/case6_joint_lhs_01_portable.prj,input_mesh/ZK403.vtu,found_project_directory,05_tracer_calibration_sweeps/runs/lhs_01/input_mesh/ZK403.vtu,
project_mesh,05_tracer_calibration_sweeps/runs/lhs_01/case6_joint_lhs_01_portable.prj,input_mesh/ZK208.vtu,found_project_directory,05_tracer_calibration_sweeps/runs/lhs_01/input_mesh/ZK208.vtu,
project_mesh,05_tracer_calibration_sweeps/runs/lhs_01/case6_joint_lhs_01_portable.prj,input_mesh/ZK203.vtu,found_project_directory,05_tracer_calibration_sweeps/runs/lhs_01/input_mesh/ZK203.vtu,
project_mesh,05_tracer_calibration_sweeps/runs/lhs_01/case6_joint_lhs_01_portable.prj,input_mesh/D_diversion_outlet.vtu,found_project_directory,05_tracer_calibration_sweeps/runs/lhs_01/input_mesh/D_diversion_outlet.vtu,
project_mesh,05_tracer_calibration_sweeps/runs/lhs_01/case6_joint_lhs_01_portable.prj,input_mesh/M208_clean_water.vtu,found_project_directory,05_tracer_calibration_sweeps/runs/lhs_01/input_mesh/M208_clean_water.vtu,
project_mesh,05_tracer_calibration_sweeps/runs/lhs_01/case6_joint_lhs_01_portable.prj,input_mesh/M203_clean_water.vtu,found_project_directory,05_tracer_calibration_sweeps/runs/lhs_01/input_mesh/M203_clean_water.vtu,
project_mesh,05_tracer_calibration_sweeps/runs/lhs_02/case6_joint_lhs_02.prj,/home/zhai/Yangyi_OGS/Long_tracer/case6_4pipes_joint_parameter_sweep/runs/lhs_02/input_mesh/four_pipes_with_storage.vtu,absolute_reference_present,/home/zhai/Yangyi_OGS/Long_tracer/case6_4pipes_joint_parameter_sweep/runs/lhs_02/input_mesh/four_pipes_with_storage.vtu,
project_mesh,05_tracer_calibration_sweeps/runs/lhs_02/case6_joint_lhs_02.prj,/home/zhai/Yangyi_OGS/Long_tracer/case6_4pipes_joint_parameter_sweep/runs/lhs_02/input_mesh/ZK403.vtu,absolute_reference_present,/home/zhai/Yangyi_OGS/Long_tracer/case6_4pipes_joint_parameter_sweep/runs/lhs_02/input_mesh/ZK403.vtu,
project_mesh,05_tracer_calibration_sweeps/runs/lhs_02/case6_joint_lhs_02.prj,/home/zhai/Yangyi_OGS/Long_tracer/case6_4pipes_joint_parameter_sweep/runs/lhs_02/input_mesh/ZK208.vtu,absolute_reference_present,/home/zhai/Yangyi_OGS/Long_tracer/case6_4pipes_joint_parameter_sweep/runs/lhs_02/input_mesh/ZK208.vtu,
project_mesh,05_tracer_calibration_sweeps/runs/lhs_02/case6_joint_lhs_02.prj,/home/zhai/Yangyi_OGS/Long_tracer/case6_4pipes_joint_parameter_sweep/runs/lhs_02/input_mesh/ZK203.vtu,absolute_reference_present,/home/zhai/Yangyi_OGS/Long_tracer/case6_4pipes_joint_parameter_sweep/runs/lhs_02/input_mesh/ZK203.vtu,
project_mesh,05_tracer_calibration_sweeps/runs/lhs_02/case6_joint_lhs_02.prj,/home/zhai/Yangyi_OGS/Long_tracer/case6_4pipes_joint_parameter_sweep/runs/lhs_02/input_mesh/D_diversion_outlet.vtu,absolute_reference_present,/home/zhai/Yangyi_OGS/Long_tracer/case6_4pipes_joint_parameter_sweep/runs/lhs_02/input_mesh/D_diversion_outlet.vtu,
project_mesh,05_tracer_calibration_sweeps/runs/lhs_02/case6_joint_lhs_02.prj,/home/zhai/Yangyi_OGS/Long_tracer/case6_4pipes_joint_parameter_sweep/runs/lhs_02/input_mesh/M208_clean_water.vtu,absolute_reference_present,/home/zhai/Yangyi_OGS/Long_tracer/case6_4pipes_joint_parameter_sweep/runs/lhs_02/input_mesh/M208_clean_water.vtu,
project_mesh,05_tracer_calibration_sweeps/runs/lhs_02/case6_joint_lhs_02.prj,/home/zhai/Yangyi_OGS/Long_tracer/case6_4pipes_joint_parameter_sweep/runs/lhs_02/input_mesh/M203_clean_water.vtu,absolute_reference_present,/home/zhai/Yangyi_OGS/Long_tracer/case6_4pipes_joint_parameter_sweep/runs/lhs_02/input_mesh/M203_clean_water.vtu,
project_mesh,05_tracer_calibration_sweeps/runs/lhs_02/case6_joint_lhs_02_portable.prj,input_mesh/four_pipes_with_storage.vtu,found_project_directory,05_tracer_calibration_sweeps/runs/lhs_02/input_mesh/four_pipes_with_storage.vtu,
project_mesh,05_tracer_calibration_sweeps/runs/lhs_02/case6_joint_lhs_02_portable.prj,input_mesh/ZK403.vtu,found_project_directory,05_tracer_calibration_sweeps/runs/lhs_02/input_mesh/ZK403.vtu,
project_mesh,05_tracer_calibration_sweeps/runs/lhs_02/case6_joint_lhs_02_portable.prj,input_mesh/ZK208.vtu,found_project_directory,05_tracer_calibration_sweeps/runs/lhs_02/input_mesh/ZK208.vtu,
project_mesh,05_tracer_calibration_sweeps/runs/lhs_02/case6_joint_lhs_02_portable.prj,input_mesh/ZK203.vtu,found_project_directory,05_tracer_calibration_sweeps/runs/lhs_02/input_mesh/ZK203.vtu,
project_mesh,05_tracer_calibration_sweeps/runs/lhs_02/case6_joint_lhs_02_portable.prj,input_mesh/D_diversion_outlet.vtu,found_project_directory,05_tracer_calibration_sweeps/runs/lhs_02/input_mesh/D_diversion_outlet.vtu,
project_mesh,05_tracer_calibration_sweeps/runs/lhs_02/case6_joint_lhs_02_portable.prj,input_mesh/M208_clean_water.vtu,found_project_directory,05_tracer_calibration_sweeps/runs/lhs_02/input_mesh/M208_clean_water.vtu,
project_mesh,05_tracer_calibration_sweeps/runs/lhs_02/case6_joint_lhs_02_portable.prj,input_mesh/M203_clean_water.vtu,found_project_directory,05_tracer_calibration_sweeps/runs/lhs_02/input_mesh/M203_clean_water.vtu,
project_mesh,05_tracer_calibration_sweeps/runs/lhs_03/case6_joint_lhs_03.prj,/home/zhai/Yangyi_OGS/Long_tracer/case6_4pipes_joint_parameter_sweep/runs/lhs_03/input_mesh/four_pipes_with_storage.vtu,absolute_reference_present,/home/zhai/Yangyi_OGS/Long_tracer/case6_4pipes_joint_parameter_sweep/runs/lhs_03/input_mesh/four_pipes_with_storage.vtu,
project_mesh,05_tracer_calibration_sweeps/runs/lhs_03/case6_joint_lhs_03.prj,/home/zhai/Yangyi_OGS/Long_tracer/case6_4pipes_joint_parameter_sweep/runs/lhs_03/input_mesh/ZK403.vtu,absolute_reference_present,/home/zhai/Yangyi_OGS/Long_tracer/case6_4pipes_joint_parameter_sweep/runs/lhs_03/input_mesh/ZK403.vtu,
project_mesh,05_tracer_calibration_sweeps/runs/lhs_03/case6_joint_lhs_03.prj,/home/zhai/Yangyi_OGS/Long_tracer/case6_4pipes_joint_parameter_sweep/runs/lhs_03/input_mesh/ZK208.vtu,absolute_reference_present,/home/zhai/Yangyi_OGS/Long_tracer/case6_4pipes_joint_parameter_sweep/runs/lhs_03/input_mesh/ZK208.vtu,
project_mesh,05_tracer_calibration_sweeps/runs/lhs_03/case6_joint_lhs_03.prj,/home/zhai/Yangyi_OGS/Long_tracer/case6_4pipes_joint_parameter_sweep/runs/lhs_03/input_mesh/ZK203.vtu,absolute_reference_present,/home/zhai/Yangyi_OGS/Long_tracer/case6_4pipes_joint_parameter_sweep/runs/lhs_03/input_mesh/ZK203.vtu,
project_mesh,05_tracer_calibration_sweeps/runs/lhs_03/case6_joint_lhs_03.prj,/home/zhai/Yangyi_OGS/Long_tracer/case6_4pipes_joint_parameter_sweep/runs/lhs_03/input_mesh/D_diversion_outlet.vtu,absolute_reference_present,/home/zhai/Yangyi_OGS/Long_tracer/case6_4pipes_joint_parameter_sweep/runs/lhs_03/input_mesh/D_diversion_outlet.vtu,
project_mesh,05_tracer_calibration_sweeps/runs/lhs_03/case6_joint_lhs_03.prj,/home/zhai/Yangyi_OGS/Long_tracer/case6_4pipes_joint_parameter_sweep/runs/lhs_03/input_mesh/M208_clean_water.vtu,absolute_reference_present,/home/zhai/Yangyi_OGS/Long_tracer/case6_4pipes_joint_parameter_sweep/runs/lhs_03/input_mesh/M208_clean_water.vtu,
project_mesh,05_tracer_calibration_sweeps/runs/lhs_03/case6_joint_lhs_03.prj,/home/zhai/Yangyi_OGS/Long_tracer/case6_4pipes_joint_parameter_sweep/runs/lhs_03/input_mesh/M203_clean_water.vtu,absolute_reference_present,/home/zhai/Yangyi_OGS/Long_tracer/case6_4pipes_joint_parameter_sweep/runs/lhs_03/input_mesh/M203_clean_water.vtu,
project_mesh,05_tracer_calibration_sweeps/runs/lhs_03/case6_joint_lhs_03_portable.prj,input_mesh/four_pipes_with_storage.vtu,found_project_directory,05_tracer_calibration_sweeps/runs/lhs_03/input_mesh/four_pipes_with_storage.vtu,
project_mesh,05_tracer_calibration_sweeps/runs/lhs_03/case6_joint_lhs_03_portable.prj,input_mesh/ZK403.vtu,found_project_directory,05_tracer_calibration_sweeps/runs/lhs_03/input_mesh/ZK403.vtu,
project_mesh,05_tracer_calibration_sweeps/runs/lhs_03/case6_joint_lhs_03_portable.prj,input_mesh/ZK208.vtu,found_project_directory,05_tracer_calibration_sweeps/runs/lhs_03/input_mesh/ZK208.vtu,
project_mesh,05_tracer_calibration_sweeps/runs/lhs_03/case6_joint_lhs_03_portable.prj,input_mesh/ZK203.vtu,found_project_directory,05_tracer_calibration_sweeps/runs/lhs_03/input_mesh/ZK203.vtu,
project_mesh,05_tracer_calibration_sweeps/runs/lhs_03/case6_joint_lhs_03_portable.prj,input_mesh/D_diversion_outlet.vtu,found_project_directory,05_tracer_calibration_sweeps/runs/lhs_03/input_mesh/D_diversion_outlet.vtu,
project_mesh,05_tracer_calibration_sweeps/runs/lhs_03/case6_joint_lhs_03_portable.prj,input_mesh/M208_clean_water.vtu,found_project_directory,05_tracer_calibration_sweeps/runs/lhs_03/input_mesh/M208_clean_water.vtu,
project_mesh,05_tracer_calibration_sweeps/runs/lhs_03/case6_joint_lhs_03_portable.prj,input_mesh/M203_clean_water.vtu,found_project_directory,05_tracer_calibration_sweeps/runs/lhs_03/input_mesh/M203_clean_water.vtu,
project_mesh,05_tracer_calibration_sweeps/runs/lhs_04/case6_joint_lhs_04.prj,/home/zhai/Yangyi_OGS/Long_tracer/case6_4pipes_joint_parameter_sweep/runs/lhs_04/input_mesh/four_pipes_with_storage.vtu,absolute_reference_present,/home/zhai/Yangyi_OGS/Long_tracer/case6_4pipes_joint_parameter_sweep/runs/lhs_04/input_mesh/four_pipes_with_storage.vtu,
project_mesh,05_tracer_calibration_sweeps/runs/lhs_04/case6_joint_lhs_04.prj,/home/zhai/Yangyi_OGS/Long_tracer/case6_4pipes_joint_parameter_sweep/runs/lhs_04/input_mesh/ZK403.vtu,absolute_reference_present,/home/zhai/Yangyi_OGS/Long_tracer/case6_4pipes_joint_parameter_sweep/runs/lhs_04/input_mesh/ZK403.vtu,
project_mesh,05_tracer_calibration_sweeps/runs/lhs_04/case6_joint_lhs_04.prj,/home/zhai/Yangyi_OGS/Long_tracer/case6_4pipes_joint_parameter_sweep/runs/lhs_04/input_mesh/ZK208.vtu,absolute_reference_present,/home/zhai/Yangyi_OGS/Long_tracer/case6_4pipes_joint_parameter_sweep/runs/lhs_04/input_mesh/ZK208.vtu,
project_mesh,05_tracer_calibration_sweeps/runs/lhs_04/case6_joint_lhs_04.prj,/home/zhai/Yangyi_OGS/Long_tracer/case6_4pipes_joint_parameter_sweep/runs/lhs_04/input_mesh/ZK203.vtu,absolute_reference_present,/home/zhai/Yangyi_OGS/Long_tracer/case6_4pipes_joint_parameter_sweep/runs/lhs_04/input_mesh/ZK203.vtu,
project_mesh,05_tracer_calibration_sweeps/runs/lhs_04/case6_joint_lhs_04.prj,/home/zhai/Yangyi_OGS/Long_tracer/case6_4pipes_joint_parameter_sweep/runs/lhs_04/input_mesh/D_diversion_outlet.vtu,absolute_reference_present,/home/zhai/Yangyi_OGS/Long_tracer/case6_4pipes_joint_parameter_sweep/runs/lhs_04/input_mesh/D_diversion_outlet.vtu,
project_mesh,05_tracer_calibration_sweeps/runs/lhs_04/case6_joint_lhs_04.prj,/home/zhai/Yangyi_OGS/Long_tracer/case6_4pipes_joint_parameter_sweep/runs/lhs_04/input_mesh/M208_clean_water.vtu,absolute_reference_present,/home/zhai/Yangyi_OGS/Long_tracer/case6_4pipes_joint_parameter_sweep/runs/lhs_04/input_mesh/M208_clean_water.vtu,
project_mesh,05_tracer_calibration_sweeps/runs/lhs_04/case6_joint_lhs_04.prj,/home/zhai/Yangyi_OGS/Long_tracer/case6_4pipes_joint_parameter_sweep/runs/lhs_04/input_mesh/M203_clean_water.vtu,absolute_reference_present,/home/zhai/Yangyi_OGS/Long_tracer/case6_4pipes_joint_parameter_sweep/runs/lhs_04/input_mesh/M203_clean_water.vtu,
project_mesh,05_tracer_calibration_sweeps/runs/lhs_04/case6_joint_lhs_04_portable.prj,input_mesh/four_pipes_with_storage.vtu,found_project_directory,05_tracer_calibration_sweeps/runs/lhs_04/input_mesh/four_pipes_with_storage.vtu,
project_mesh,05_tracer_calibration_sweeps/runs/lhs_04/case6_joint_lhs_04_portable.prj,input_mesh/ZK403.vtu,found_project_directory,05_tracer_calibration_sweeps/runs/lhs_04/input_mesh/ZK403.vtu,
project_mesh,05_tracer_calibration_sweeps/runs/lhs_04/case6_joint_lhs_04_portable.prj,input_mesh/ZK208.vtu,found_project_directory,05_tracer_calibration_sweeps/runs/lhs_04/input_mesh/ZK208.vtu,
project_mesh,05_tracer_calibration_sweeps/runs/lhs_04/case6_joint_lhs_04_portable.prj,input_mesh/ZK203.vtu,found_project_directory,05_tracer_calibration_sweeps/runs/lhs_04/input_mesh/ZK203.vtu,
project_mesh,05_tracer_calibration_sweeps/runs/lhs_04/case6_joint_lhs_04_portable.prj,input_mesh/D_diversion_outlet.vtu,found_project_directory,05_tracer_calibration_sweeps/runs/lhs_04/input_mesh/D_diversion_outlet.vtu,
project_mesh,05_tracer_calibration_sweeps/runs/lhs_04/case6_joint_lhs_04_portable.prj,input_mesh/M208_clean_water.vtu,found_project_directory,05_tracer_calibration_sweeps/runs/lhs_04/input_mesh/M208_clean_water.vtu,
project_mesh,05_tracer_calibration_sweeps/runs/lhs_04/case6_joint_lhs_04_portable.prj,input_mesh/M203_clean_water.vtu,found_project_directory,05_tracer_calibration_sweeps/runs/lhs_04/input_mesh/M203_clean_water.vtu,
project_mesh,05_tracer_calibration_sweeps/runs/lhs_05/case6_joint_lhs_05.prj,/home/zhai/Yangyi_OGS/Long_tracer/case6_4pipes_joint_parameter_sweep/runs/lhs_05/input_mesh/four_pipes_with_storage.vtu,absolute_reference_present,/home/zhai/Yangyi_OGS/Long_tracer/case6_4pipes_joint_parameter_sweep/runs/lhs_05/input_mesh/four_pipes_with_storage.vtu,
project_mesh,05_tracer_calibration_sweeps/runs/lhs_05/case6_joint_lhs_05.prj,/home/zhai/Yangyi_OGS/Long_tracer/case6_4pipes_joint_parameter_sweep/runs/lhs_05/input_mesh/ZK403.vtu,absolute_reference_present,/home/zhai/Yangyi_OGS/Long_tracer/case6_4pipes_joint_parameter_sweep/runs/lhs_05/input_mesh/ZK403.vtu,
project_mesh,05_tracer_calibration_sweeps/runs/lhs_05/case6_joint_lhs_05.prj,/home/zhai/Yangyi_OGS/Long_tracer/case6_4pipes_joint_parameter_sweep/runs/lhs_05/input_mesh/ZK208.vtu,absolute_reference_present,/home/zhai/Yangyi_OGS/Long_tracer/case6_4pipes_joint_parameter_sweep/runs/lhs_05/input_mesh/ZK208.vtu,
project_mesh,05_tracer_calibration_sweeps/runs/lhs_05/case6_joint_lhs_05.prj,/home/zhai/Yangyi_OGS/Long_tracer/case6_4pipes_joint_parameter_sweep/runs/lhs_05/input_mesh/ZK203.vtu,absolute_reference_present,/home/zhai/Yangyi_OGS/Long_tracer/case6_4pipes_joint_parameter_sweep/runs/lhs_05/input_mesh/ZK203.vtu,
project_mesh,05_tracer_calibration_sweeps/runs/lhs_05/case6_joint_lhs_05.prj,/home/zhai/Yangyi_OGS/Long_tracer/case6_4pipes_joint_parameter_sweep/runs/lhs_05/input_mesh/D_diversion_outlet.vtu,absolute_reference_present,/home/zhai/Yangyi_OGS/Long_tracer/case6_4pipes_joint_parameter_sweep/runs/lhs_05/input_mesh/D_diversion_outlet.vtu,
project_mesh,05_tracer_calibration_sweeps/runs/lhs_05/case6_joint_lhs_05.prj,/home/zhai/Yangyi_OGS/Long_tracer/case6_4pipes_joint_parameter_sweep/runs/lhs_05/input_mesh/M208_clean_water.vtu,absolute_reference_present,/home/zhai/Yangyi_OGS/Long_tracer/case6_4pipes_joint_parameter_sweep/runs/lhs_05/input_mesh/M208_clean_water.vtu,
project_mesh,05_tracer_calibration_sweeps/runs/lhs_05/case6_joint_lhs_05.prj,/home/zhai/Yangyi_OGS/Long_tracer/case6_4pipes_joint_parameter_sweep/runs/lhs_05/input_mesh/M203_clean_water.vtu,absolute_reference_present,/home/zhai/Yangyi_OGS/Long_tracer/case6_4pipes_joint_parameter_sweep/runs/lhs_05/input_mesh/M203_clean_water.vtu,
project_mesh,05_tracer_calibration_sweeps/runs/lhs_05/case6_joint_lhs_05_portable.prj,input_mesh/four_pipes_with_storage.vtu,found_project_directory,05_tracer_calibration_sweeps/runs/lhs_05/input_mesh/four_pipes_with_storage.vtu,
project_mesh,05_tracer_calibration_sweeps/runs/lhs_05/case6_joint_lhs_05_portable.prj,input_mesh/ZK403.vtu,found_project_directory,05_tracer_calibration_sweeps/runs/lhs_05/input_mesh/ZK403.vtu,
project_mesh,05_tracer_calibration_sweeps/runs/lhs_05/case6_joint_lhs_05_portable.prj,input_mesh/ZK208.vtu,found_project_directory,05_tracer_calibration_sweeps/runs/lhs_05/input_mesh/ZK208.vtu,
project_mesh,05_tracer_calibration_sweeps/runs/lhs_05/case6_joint_lhs_05_portable.prj,input_mesh/ZK203.vtu,found_project_directory,05_tracer_calibration_sweeps/runs/lhs_05/input_mesh/ZK203.vtu,
project_mesh,05_tracer_calibration_sweeps/runs/lhs_05/case6_joint_lhs_05_portable.prj,input_mesh/D_diversion_outlet.vtu,found_project_directory,05_tracer_calibration_sweeps/runs/lhs_05/input_mesh/D_diversion_outlet.vtu,
project_mesh,05_tracer_calibration_sweeps/runs/lhs_05/case6_joint_lhs_05_portable.prj,input_mesh/M208_clean_water.vtu,found_project_directory,05_tracer_calibration_sweeps/runs/lhs_05/input_mesh/M208_clean_water.vtu,
project_mesh,05_tracer_calibration_sweeps/runs/lhs_05/case6_joint_lhs_05_portable.prj,input_mesh/M203_clean_water.vtu,found_project_directory,05_tracer_calibration_sweeps/runs/lhs_05/input_mesh/M203_clean_water.vtu,
project_mesh,05_tracer_calibration_sweeps/runs/lhs_06/case6_joint_lhs_06.prj,/home/zhai/Yangyi_OGS/Long_tracer/case6_4pipes_joint_parameter_sweep/runs/lhs_06/input_mesh/four_pipes_with_storage.vtu,absolute_reference_present,/home/zhai/Yangyi_OGS/Long_tracer/case6_4pipes_joint_parameter_sweep/runs/lhs_06/input_mesh/four_pipes_with_storage.vtu,
project_mesh,05_tracer_calibration_sweeps/runs/lhs_06/case6_joint_lhs_06.prj,/home/zhai/Yangyi_OGS/Long_tracer/case6_4pipes_joint_parameter_sweep/runs/lhs_06/input_mesh/ZK403.vtu,absolute_reference_present,/home/zhai/Yangyi_OGS/Long_tracer/case6_4pipes_joint_parameter_sweep/runs/lhs_06/input_mesh/ZK403.vtu,
project_mesh,05_tracer_calibration_sweeps/runs/lhs_06/case6_joint_lhs_06.prj,/home/zhai/Yangyi_OGS/Long_tracer/case6_4pipes_joint_parameter_sweep/runs/lhs_06/input_mesh/ZK208.vtu,absolute_reference_present,/home/zhai/Yangyi_OGS/Long_tracer/case6_4pipes_joint_parameter_sweep/runs/lhs_06/input_mesh/ZK208.vtu,
project_mesh,05_tracer_calibration_sweeps/runs/lhs_06/case6_joint_lhs_06.prj,/home/zhai/Yangyi_OGS/Long_tracer/case6_4pipes_joint_parameter_sweep/runs/lhs_06/input_mesh/ZK203.vtu,absolute_reference_present,/home/zhai/Yangyi_OGS/Long_tracer/case6_4pipes_joint_parameter_sweep/runs/lhs_06/input_mesh/ZK203.vtu,
project_mesh,05_tracer_calibration_sweeps/runs/lhs_06/case6_joint_lhs_06.prj,/home/zhai/Yangyi_OGS/Long_tracer/case6_4pipes_joint_parameter_sweep/runs/lhs_06/input_mesh/D_diversion_outlet.vtu,absolute_reference_present,/home/zhai/Yangyi_OGS/Long_tracer/case6_4pipes_joint_parameter_sweep/runs/lhs_06/input_mesh/D_diversion_outlet.vtu,
project_mesh,05_tracer_calibration_sweeps/runs/lhs_06/case6_joint_lhs_06.prj,/home/zhai/Yangyi_OGS/Long_tracer/case6_4pipes_joint_parameter_sweep/runs/lhs_06/input_mesh/M208_clean_water.vtu,absolute_reference_present,/home/zhai/Yangyi_OGS/Long_tracer/case6_4pipes_joint_parameter_sweep/runs/lhs_06/input_mesh/M208_clean_water.vtu,
project_mesh,05_tracer_calibration_sweeps/runs/lhs_06/case6_joint_lhs_06.prj,/home/zhai/Yangyi_OGS/Long_tracer/case6_4pipes_joint_parameter_sweep/runs/lhs_06/input_mesh/M203_clean_water.vtu,absolute_reference_present,/home/zhai/Yangyi_OGS/Long_tracer/case6_4pipes_joint_parameter_sweep/runs/lhs_06/input_mesh/M203_clean_water.vtu,
project_mesh,05_tracer_calibration_sweeps/runs/lhs_06/case6_joint_lhs_06_portable.prj,input_mesh/four_pipes_with_storage.vtu,found_project_directory,05_tracer_calibration_sweeps/runs/lhs_06/input_mesh/four_pipes_with_storage.vtu,
project_mesh,05_tracer_calibration_sweeps/runs/lhs_06/case6_joint_lhs_06_portable.prj,input_mesh/ZK403.vtu,found_project_directory,05_tracer_calibration_sweeps/runs/lhs_06/input_mesh/ZK403.vtu,
project_mesh,05_tracer_calibration_sweeps/runs/lhs_06/case6_joint_lhs_06_portable.prj,input_mesh/ZK208.vtu,found_project_directory,05_tracer_calibration_sweeps/runs/lhs_06/input_mesh/ZK208.vtu,
project_mesh,05_tracer_calibration_sweeps/runs/lhs_06/case6_joint_lhs_06_portable.prj,input_mesh/ZK203.vtu,found_project_directory,05_tracer_calibration_sweeps/runs/lhs_06/input_mesh/ZK203.vtu,
project_mesh,05_tracer_calibration_sweeps/runs/lhs_06/case6_joint_lhs_06_portable.prj,input_mesh/D_diversion_outlet.vtu,found_project_directory,05_tracer_calibration_sweeps/runs/lhs_06/input_mesh/D_diversion_outlet.vtu,
project_mesh,05_tracer_calibration_sweeps/runs/lhs_06/case6_joint_lhs_06_portable.prj,input_mesh/M208_clean_water.vtu,found_project_directory,05_tracer_calibration_sweeps/runs/lhs_06/input_mesh/M208_clean_water.vtu,
project_mesh,05_tracer_calibration_sweeps/runs/lhs_06/case6_joint_lhs_06_portable.prj,input_mesh/M203_clean_water.vtu,found_project_directory,05_tracer_calibration_sweeps/runs/lhs_06/input_mesh/M203_clean_water.vtu,
project_mesh,05_tracer_calibration_sweeps/runs/lhs_07/case6_joint_lhs_07.prj,/home/zhai/Yangyi_OGS/Long_tracer/case6_4pipes_joint_parameter_sweep/runs/lhs_07/input_mesh/four_pipes_with_storage.vtu,absolute_reference_present,/home/zhai/Yangyi_OGS/Long_tracer/case6_4pipes_joint_parameter_sweep/runs/lhs_07/input_mesh/four_pipes_with_storage.vtu,
project_mesh,05_tracer_calibration_sweeps/runs/lhs_07/case6_joint_lhs_07.prj,/home/zhai/Yangyi_OGS/Long_tracer/case6_4pipes_joint_parameter_sweep/runs/lhs_07/input_mesh/ZK403.vtu,absolute_reference_present,/home/zhai/Yangyi_OGS/Long_tracer/case6_4pipes_joint_parameter_sweep/runs/lhs_07/input_mesh/ZK403.vtu,
project_mesh,05_tracer_calibration_sweeps/runs/lhs_07/case6_joint_lhs_07.prj,/home/zhai/Yangyi_OGS/Long_tracer/case6_4pipes_joint_parameter_sweep/runs/lhs_07/input_mesh/ZK208.vtu,absolute_reference_present,/home/zhai/Yangyi_OGS/Long_tracer/case6_4pipes_joint_parameter_sweep/runs/lhs_07/input_mesh/ZK208.vtu,
project_mesh,05_tracer_calibration_sweeps/runs/lhs_07/case6_joint_lhs_07.prj,/home/zhai/Yangyi_OGS/Long_tracer/case6_4pipes_joint_parameter_sweep/runs/lhs_07/input_mesh/ZK203.vtu,absolute_reference_present,/home/zhai/Yangyi_OGS/Long_tracer/case6_4pipes_joint_parameter_sweep/runs/lhs_07/input_mesh/ZK203.vtu,
project_mesh,05_tracer_calibration_sweeps/runs/lhs_07/case6_joint_lhs_07.prj,/home/zhai/Yangyi_OGS/Long_tracer/case6_4pipes_joint_parameter_sweep/runs/lhs_07/input_mesh/D_diversion_outlet.vtu,absolute_reference_present,/home/zhai/Yangyi_OGS/Long_tracer/case6_4pipes_joint_parameter_sweep/runs/lhs_07/input_mesh/D_diversion_outlet.vtu,
project_mesh,05_tracer_calibration_sweeps/runs/lhs_07/case6_joint_lhs_07.prj,/home/zhai/Yangyi_OGS/Long_tracer/case6_4pipes_joint_parameter_sweep/runs/lhs_07/input_mesh/M208_clean_water.vtu,absolute_reference_present,/home/zhai/Yangyi_OGS/Long_tracer/case6_4pipes_joint_parameter_sweep/runs/lhs_07/input_mesh/M208_clean_water.vtu,
project_mesh,05_tracer_calibration_sweeps/runs/lhs_07/case6_joint_lhs_07.prj,/home/zhai/Yangyi_OGS/Long_tracer/case6_4pipes_joint_parameter_sweep/runs/lhs_07/input_mesh/M203_clean_water.vtu,absolute_reference_present,/home/zhai/Yangyi_OGS/Long_tracer/case6_4pipes_joint_parameter_sweep/runs/lhs_07/input_mesh/M203_clean_water.vtu,
project_mesh,05_tracer_calibration_sweeps/runs/lhs_07/case6_joint_lhs_07_portable.prj,input_mesh/four_pipes_with_storage.vtu,found_project_directory,05_tracer_calibration_sweeps/runs/lhs_07/input_mesh/four_pipes_with_storage.vtu,
project_mesh,05_tracer_calibration_sweeps/runs/lhs_07/case6_joint_lhs_07_portable.prj,input_mesh/ZK403.vtu,found_project_directory,05_tracer_calibration_sweeps/runs/lhs_07/input_mesh/ZK403.vtu,
project_mesh,05_tracer_calibration_sweeps/runs/lhs_07/case6_joint_lhs_07_portable.prj,input_mesh/ZK208.vtu,found_project_directory,05_tracer_calibration_sweeps/runs/lhs_07/input_mesh/ZK208.vtu,
project_mesh,05_tracer_calibration_sweeps/runs/lhs_07/case6_joint_lhs_07_portable.prj,input_mesh/ZK203.vtu,found_project_directory,05_tracer_calibration_sweeps/runs/lhs_07/input_mesh/ZK203.vtu,
project_mesh,05_tracer_calibration_sweeps/runs/lhs_07/case6_joint_lhs_07_portable.prj,input_mesh/D_diversion_outlet.vtu,found_project_directory,05_tracer_calibration_sweeps/runs/lhs_07/input_mesh/D_diversion_outlet.vtu,
project_mesh,05_tracer_calibration_sweeps/runs/lhs_07/case6_joint_lhs_07_portable.prj,input_mesh/M208_clean_water.vtu,found_project_directory,05_tracer_calibration_sweeps/runs/lhs_07/input_mesh/M208_clean_water.vtu,
project_mesh,05_tracer_calibration_sweeps/runs/lhs_07/case6_joint_lhs_07_portable.prj,input_mesh/M203_clean_water.vtu,found_project_directory,05_tracer_calibration_sweeps/runs/lhs_07/input_mesh/M203_clean_water.vtu,
project_mesh,05_tracer_calibration_sweeps/runs/lhs_08/case6_joint_lhs_08.prj,/home/zhai/Yangyi_OGS/Long_tracer/case6_4pipes_joint_parameter_sweep/runs/lhs_08/input_mesh/four_pipes_with_storage.vtu,absolute_reference_present,/home/zhai/Yangyi_OGS/Long_tracer/case6_4pipes_joint_parameter_sweep/runs/lhs_08/input_mesh/four_pipes_with_storage.vtu,
project_mesh,05_tracer_calibration_sweeps/runs/lhs_08/case6_joint_lhs_08.prj,/home/zhai/Yangyi_OGS/Long_tracer/case6_4pipes_joint_parameter_sweep/runs/lhs_08/input_mesh/ZK403.vtu,absolute_reference_present,/home/zhai/Yangyi_OGS/Long_tracer/case6_4pipes_joint_parameter_sweep/runs/lhs_08/input_mesh/ZK403.vtu,
project_mesh,05_tracer_calibration_sweeps/runs/lhs_08/case6_joint_lhs_08.prj,/home/zhai/Yangyi_OGS/Long_tracer/case6_4pipes_joint_parameter_sweep/runs/lhs_08/input_mesh/ZK208.vtu,absolute_reference_present,/home/zhai/Yangyi_OGS/Long_tracer/case6_4pipes_joint_parameter_sweep/runs/lhs_08/input_mesh/ZK208.vtu,
project_mesh,05_tracer_calibration_sweeps/runs/lhs_08/case6_joint_lhs_08.prj,/home/zhai/Yangyi_OGS/Long_tracer/case6_4pipes_joint_parameter_sweep/runs/lhs_08/input_mesh/ZK203.vtu,absolute_reference_present,/home/zhai/Yangyi_OGS/Long_tracer/case6_4pipes_joint_parameter_sweep/runs/lhs_08/input_mesh/ZK203.vtu,
project_mesh,05_tracer_calibration_sweeps/runs/lhs_08/case6_joint_lhs_08.prj,/home/zhai/Yangyi_OGS/Long_tracer/case6_4pipes_joint_parameter_sweep/runs/lhs_08/input_mesh/D_diversion_outlet.vtu,absolute_reference_present,/home/zhai/Yangyi_OGS/Long_tracer/case6_4pipes_joint_parameter_sweep/runs/lhs_08/input_mesh/D_diversion_outlet.vtu,
project_mesh,05_tracer_calibration_sweeps/runs/lhs_08/case6_joint_lhs_08.prj,/home/zhai/Yangyi_OGS/Long_tracer/case6_4pipes_joint_parameter_sweep/runs/lhs_08/input_mesh/M208_clean_water.vtu,absolute_reference_present,/home/zhai/Yangyi_OGS/Long_tracer/case6_4pipes_joint_parameter_sweep/runs/lhs_08/input_mesh/M208_clean_water.vtu,
project_mesh,05_tracer_calibration_sweeps/runs/lhs_08/case6_joint_lhs_08.prj,/home/zhai/Yangyi_OGS/Long_tracer/case6_4pipes_joint_parameter_sweep/runs/lhs_08/input_mesh/M203_clean_water.vtu,absolute_reference_present,/home/zhai/Yangyi_OGS/Long_tracer/case6_4pipes_joint_parameter_sweep/runs/lhs_08/input_mesh/M203_clean_water.vtu,
project_mesh,05_tracer_calibration_sweeps/runs/lhs_08/case6_joint_lhs_08_portable.prj,input_mesh/four_pipes_with_storage.vtu,found_project_directory,05_tracer_calibration_sweeps/runs/lhs_08/input_mesh/four_pipes_with_storage.vtu,
project_mesh,05_tracer_calibration_sweeps/runs/lhs_08/case6_joint_lhs_08_portable.prj,input_mesh/ZK403.vtu,found_project_directory,05_tracer_calibration_sweeps/runs/lhs_08/input_mesh/ZK403.vtu,
project_mesh,05_tracer_calibration_sweeps/runs/lhs_08/case6_joint_lhs_08_portable.prj,input_mesh/ZK208.vtu,found_project_directory,05_tracer_calibration_sweeps/runs/lhs_08/input_mesh/ZK208.vtu,
project_mesh,05_tracer_calibration_sweeps/runs/lhs_08/case6_joint_lhs_08_portable.prj,input_mesh/ZK203.vtu,found_project_directory,05_tracer_calibration_sweeps/runs/lhs_08/input_mesh/ZK203.vtu,
project_mesh,05_tracer_calibration_sweeps/runs/lhs_08/case6_joint_lhs_08_portable.prj,input_mesh/D_diversion_outlet.vtu,found_project_directory,05_tracer_calibration_sweeps/runs/lhs_08/input_mesh/D_diversion_outlet.vtu,
project_mesh,05_tracer_calibration_sweeps/runs/lhs_08/case6_joint_lhs_08_portable.prj,input_mesh/M208_clean_water.vtu,found_project_directory,05_tracer_calibration_sweeps/runs/lhs_08/input_mesh/M208_clean_water.vtu,
project_mesh,05_tracer_calibration_sweeps/runs/lhs_08/case6_joint_lhs_08_portable.prj,input_mesh/M203_clean_water.vtu,found_project_directory,05_tracer_calibration_sweeps/runs/lhs_08/input_mesh/M203_clean_water.vtu,
project_mesh,05_tracer_calibration_sweeps/runs/lhs_09/case6_joint_lhs_09.prj,/home/zhai/Yangyi_OGS/Long_tracer/case6_4pipes_joint_parameter_sweep/runs/lhs_09/input_mesh/four_pipes_with_storage.vtu,absolute_reference_present,/home/zhai/Yangyi_OGS/Long_tracer/case6_4pipes_joint_parameter_sweep/runs/lhs_09/input_mesh/four_pipes_with_storage.vtu,
project_mesh,05_tracer_calibration_sweeps/runs/lhs_09/case6_joint_lhs_09.prj,/home/zhai/Yangyi_OGS/Long_tracer/case6_4pipes_joint_parameter_sweep/runs/lhs_09/input_mesh/ZK403.vtu,absolute_reference_present,/home/zhai/Yangyi_OGS/Long_tracer/case6_4pipes_joint_parameter_sweep/runs/lhs_09/input_mesh/ZK403.vtu,
project_mesh,05_tracer_calibration_sweeps/runs/lhs_09/case6_joint_lhs_09.prj,/home/zhai/Yangyi_OGS/Long_tracer/case6_4pipes_joint_parameter_sweep/runs/lhs_09/input_mesh/ZK208.vtu,absolute_reference_present,/home/zhai/Yangyi_OGS/Long_tracer/case6_4pipes_joint_parameter_sweep/runs/lhs_09/input_mesh/ZK208.vtu,
project_mesh,05_tracer_calibration_sweeps/runs/lhs_09/case6_joint_lhs_09.prj,/home/zhai/Yangyi_OGS/Long_tracer/case6_4pipes_joint_parameter_sweep/runs/lhs_09/input_mesh/ZK203.vtu,absolute_reference_present,/home/zhai/Yangyi_OGS/Long_tracer/case6_4pipes_joint_parameter_sweep/runs/lhs_09/input_mesh/ZK203.vtu,
project_mesh,05_tracer_calibration_sweeps/runs/lhs_09/case6_joint_lhs_09.prj,/home/zhai/Yangyi_OGS/Long_tracer/case6_4pipes_joint_parameter_sweep/runs/lhs_09/input_mesh/D_diversion_outlet.vtu,absolute_reference_present,/home/zhai/Yangyi_OGS/Long_tracer/case6_4pipes_joint_parameter_sweep/runs/lhs_09/input_mesh/D_diversion_outlet.vtu,
project_mesh,05_tracer_calibration_sweeps/runs/lhs_09/case6_joint_lhs_09.prj,/home/zhai/Yangyi_OGS/Long_tracer/case6_4pipes_joint_parameter_sweep/runs/lhs_09/input_mesh/M208_clean_water.vtu,absolute_reference_present,/home/zhai/Yangyi_OGS/Long_tracer/case6_4pipes_joint_parameter_sweep/runs/lhs_09/input_mesh/M208_clean_water.vtu,
project_mesh,05_tracer_calibration_sweeps/runs/lhs_09/case6_joint_lhs_09.prj,/home/zhai/Yangyi_OGS/Long_tracer/case6_4pipes_joint_parameter_sweep/runs/lhs_09/input_mesh/M203_clean_water.vtu,absolute_reference_present,/home/zhai/Yangyi_OGS/Long_tracer/case6_4pipes_joint_parameter_sweep/runs/lhs_09/input_mesh/M203_clean_water.vtu,
project_mesh,05_tracer_calibration_sweeps/runs/lhs_09/case6_joint_lhs_09_portable.prj,input_mesh/four_pipes_with_storage.vtu,found_project_directory,05_tracer_calibration_sweeps/runs/lhs_09/input_mesh/four_pipes_with_storage.vtu,
project_mesh,05_tracer_calibration_sweeps/runs/lhs_09/case6_joint_lhs_09_portable.prj,input_mesh/ZK403.vtu,found_project_directory,05_tracer_calibration_sweeps/runs/lhs_09/input_mesh/ZK403.vtu,
project_mesh,05_tracer_calibration_sweeps/runs/lhs_09/case6_joint_lhs_09_portable.prj,input_mesh/ZK208.vtu,found_project_directory,05_tracer_calibration_sweeps/runs/lhs_09/input_mesh/ZK208.vtu,
project_mesh,05_tracer_calibration_sweeps/runs/lhs_09/case6_joint_lhs_09_portable.prj,input_mesh/ZK203.vtu,found_project_directory,05_tracer_calibration_sweeps/runs/lhs_09/input_mesh/ZK203.vtu,
project_mesh,05_tracer_calibration_sweeps/runs/lhs_09/case6_joint_lhs_09_portable.prj,input_mesh/D_diversion_outlet.vtu,found_project_directory,05_tracer_calibration_sweeps/runs/lhs_09/input_mesh/D_diversion_outlet.vtu,
project_mesh,05_tracer_calibration_sweeps/runs/lhs_09/case6_joint_lhs_09_portable.prj,input_mesh/M208_clean_water.vtu,found_project_directory,05_tracer_calibration_sweeps/runs/lhs_09/input_mesh/M208_clean_water.vtu,
project_mesh,05_tracer_calibration_sweeps/runs/lhs_09/case6_joint_lhs_09_portable.prj,input_mesh/M203_clean_water.vtu,found_project_directory,05_tracer_calibration_sweeps/runs/lhs_09/input_mesh/M203_clean_water.vtu,
project_mesh,05_tracer_calibration_sweeps/runs/lhs_10/case6_joint_lhs_10.prj,/home/zhai/Yangyi_OGS/Long_tracer/case6_4pipes_joint_parameter_sweep/runs/lhs_10/input_mesh/four_pipes_with_storage.vtu,absolute_reference_present,/home/zhai/Yangyi_OGS/Long_tracer/case6_4pipes_joint_parameter_sweep/runs/lhs_10/input_mesh/four_pipes_with_storage.vtu,
project_mesh,05_tracer_calibration_sweeps/runs/lhs_10/case6_joint_lhs_10.prj,/home/zhai/Yangyi_OGS/Long_tracer/case6_4pipes_joint_parameter_sweep/runs/lhs_10/input_mesh/ZK403.vtu,absolute_reference_present,/home/zhai/Yangyi_OGS/Long_tracer/case6_4pipes_joint_parameter_sweep/runs/lhs_10/input_mesh/ZK403.vtu,
project_mesh,05_tracer_calibration_sweeps/runs/lhs_10/case6_joint_lhs_10.prj,/home/zhai/Yangyi_OGS/Long_tracer/case6_4pipes_joint_parameter_sweep/runs/lhs_10/input_mesh/ZK208.vtu,absolute_reference_present,/home/zhai/Yangyi_OGS/Long_tracer/case6_4pipes_joint_parameter_sweep/runs/lhs_10/input_mesh/ZK208.vtu,
project_mesh,05_tracer_calibration_sweeps/runs/lhs_10/case6_joint_lhs_10.prj,/home/zhai/Yangyi_OGS/Long_tracer/case6_4pipes_joint_parameter_sweep/runs/lhs_10/input_mesh/ZK203.vtu,absolute_reference_present,/home/zhai/Yangyi_OGS/Long_tracer/case6_4pipes_joint_parameter_sweep/runs/lhs_10/input_mesh/ZK203.vtu,
project_mesh,05_tracer_calibration_sweeps/runs/lhs_10/case6_joint_lhs_10.prj,/home/zhai/Yangyi_OGS/Long_tracer/case6_4pipes_joint_parameter_sweep/runs/lhs_10/input_mesh/D_diversion_outlet.vtu,absolute_reference_present,/home/zhai/Yangyi_OGS/Long_tracer/case6_4pipes_joint_parameter_sweep/runs/lhs_10/input_mesh/D_diversion_outlet.vtu,
project_mesh,05_tracer_calibration_sweeps/runs/lhs_10/case6_joint_lhs_10.prj,/home/zhai/Yangyi_OGS/Long_tracer/case6_4pipes_joint_parameter_sweep/runs/lhs_10/input_mesh/M208_clean_water.vtu,absolute_reference_present,/home/zhai/Yangyi_OGS/Long_tracer/case6_4pipes_joint_parameter_sweep/runs/lhs_10/input_mesh/M208_clean_water.vtu,
project_mesh,05_tracer_calibration_sweeps/runs/lhs_10/case6_joint_lhs_10.prj,/home/zhai/Yangyi_OGS/Long_tracer/case6_4pipes_joint_parameter_sweep/runs/lhs_10/input_mesh/M203_clean_water.vtu,absolute_reference_present,/home/zhai/Yangyi_OGS/Long_tracer/case6_4pipes_joint_parameter_sweep/runs/lhs_10/input_mesh/M203_clean_water.vtu,
project_mesh,05_tracer_calibration_sweeps/runs/lhs_10/case6_joint_lhs_10_portable.prj,input_mesh/four_pipes_with_storage.vtu,found_project_directory,05_tracer_calibration_sweeps/runs/lhs_10/input_mesh/four_pipes_with_storage.vtu,
project_mesh,05_tracer_calibration_sweeps/runs/lhs_10/case6_joint_lhs_10_portable.prj,input_mesh/ZK403.vtu,found_project_directory,05_tracer_calibration_sweeps/runs/lhs_10/input_mesh/ZK403.vtu,
project_mesh,05_tracer_calibration_sweeps/runs/lhs_10/case6_joint_lhs_10_portable.prj,input_mesh/ZK208.vtu,found_project_directory,05_tracer_calibration_sweeps/runs/lhs_10/input_mesh/ZK208.vtu,
project_mesh,05_tracer_calibration_sweeps/runs/lhs_10/case6_joint_lhs_10_portable.prj,input_mesh/ZK203.vtu,found_project_directory,05_tracer_calibration_sweeps/runs/lhs_10/input_mesh/ZK203.vtu,
project_mesh,05_tracer_calibration_sweeps/runs/lhs_10/case6_joint_lhs_10_portable.prj,input_mesh/D_diversion_outlet.vtu,found_project_directory,05_tracer_calibration_sweeps/runs/lhs_10/input_mesh/D_diversion_outlet.vtu,
project_mesh,05_tracer_calibration_sweeps/runs/lhs_10/case6_joint_lhs_10_portable.prj,input_mesh/M208_clean_water.vtu,found_project_directory,05_tracer_calibration_sweeps/runs/lhs_10/input_mesh/M208_clean_water.vtu,
project_mesh,05_tracer_calibration_sweeps/runs/lhs_10/case6_joint_lhs_10_portable.prj,input_mesh/M203_clean_water.vtu,found_project_directory,05_tracer_calibration_sweeps/runs/lhs_10/input_mesh/M203_clean_water.vtu,
project_mesh,05_tracer_calibration_sweeps/runs/lhs_11/case6_joint_lhs_11.prj,/home/zhai/Yangyi_OGS/Long_tracer/case6_4pipes_joint_parameter_sweep/runs/lhs_11/input_mesh/four_pipes_with_storage.vtu,absolute_reference_present,/home/zhai/Yangyi_OGS/Long_tracer/case6_4pipes_joint_parameter_sweep/runs/lhs_11/input_mesh/four_pipes_with_storage.vtu,
project_mesh,05_tracer_calibration_sweeps/runs/lhs_11/case6_joint_lhs_11.prj,/home/zhai/Yangyi_OGS/Long_tracer/case6_4pipes_joint_parameter_sweep/runs/lhs_11/input_mesh/ZK403.vtu,absolute_reference_present,/home/zhai/Yangyi_OGS/Long_tracer/case6_4pipes_joint_parameter_sweep/runs/lhs_11/input_mesh/ZK403.vtu,
project_mesh,05_tracer_calibration_sweeps/runs/lhs_11/case6_joint_lhs_11.prj,/home/zhai/Yangyi_OGS/Long_tracer/case6_4pipes_joint_parameter_sweep/runs/lhs_11/input_mesh/ZK208.vtu,absolute_reference_present,/home/zhai/Yangyi_OGS/Long_tracer/case6_4pipes_joint_parameter_sweep/runs/lhs_11/input_mesh/ZK208.vtu,
project_mesh,05_tracer_calibration_sweeps/runs/lhs_11/case6_joint_lhs_11.prj,/home/zhai/Yangyi_OGS/Long_tracer/case6_4pipes_joint_parameter_sweep/runs/lhs_11/input_mesh/ZK203.vtu,absolute_reference_present,/home/zhai/Yangyi_OGS/Long_tracer/case6_4pipes_joint_parameter_sweep/runs/lhs_11/input_mesh/ZK203.vtu,
project_mesh,05_tracer_calibration_sweeps/runs/lhs_11/case6_joint_lhs_11.prj,/home/zhai/Yangyi_OGS/Long_tracer/case6_4pipes_joint_parameter_sweep/runs/lhs_11/input_mesh/D_diversion_outlet.vtu,absolute_reference_present,/home/zhai/Yangyi_OGS/Long_tracer/case6_4pipes_joint_parameter_sweep/runs/lhs_11/input_mesh/D_diversion_outlet.vtu,
project_mesh,05_tracer_calibration_sweeps/runs/lhs_11/case6_joint_lhs_11.prj,/home/zhai/Yangyi_OGS/Long_tracer/case6_4pipes_joint_parameter_sweep/runs/lhs_11/input_mesh/M208_clean_water.vtu,absolute_reference_present,/home/zhai/Yangyi_OGS/Long_tracer/case6_4pipes_joint_parameter_sweep/runs/lhs_11/input_mesh/M208_clean_water.vtu,
project_mesh,05_tracer_calibration_sweeps/runs/lhs_11/case6_joint_lhs_11.prj,/home/zhai/Yangyi_OGS/Long_tracer/case6_4pipes_joint_parameter_sweep/runs/lhs_11/input_mesh/M203_clean_water.vtu,absolute_reference_present,/home/zhai/Yangyi_OGS/Long_tracer/case6_4pipes_joint_parameter_sweep/runs/lhs_11/input_mesh/M203_clean_water.vtu,
project_mesh,05_tracer_calibration_sweeps/runs/lhs_11/case6_joint_lhs_11_portable.prj,input_mesh/four_pipes_with_storage.vtu,found_project_directory,05_tracer_calibration_sweeps/runs/lhs_11/input_mesh/four_pipes_with_storage.vtu,
project_mesh,05_tracer_calibration_sweeps/runs/lhs_11/case6_joint_lhs_11_portable.prj,input_mesh/ZK403.vtu,found_project_directory,05_tracer_calibration_sweeps/runs/lhs_11/input_mesh/ZK403.vtu,
project_mesh,05_tracer_calibration_sweeps/runs/lhs_11/case6_joint_lhs_11_portable.prj,input_mesh/ZK208.vtu,found_project_directory,05_tracer_calibration_sweeps/runs/lhs_11/input_mesh/ZK208.vtu,
project_mesh,05_tracer_calibration_sweeps/runs/lhs_11/case6_joint_lhs_11_portable.prj,input_mesh/ZK203.vtu,found_project_directory,05_tracer_calibration_sweeps/runs/lhs_11/input_mesh/ZK203.vtu,
project_mesh,05_tracer_calibration_sweeps/runs/lhs_11/case6_joint_lhs_11_portable.prj,input_mesh/D_diversion_outlet.vtu,found_project_directory,05_tracer_calibration_sweeps/runs/lhs_11/input_mesh/D_diversion_outlet.vtu,
project_mesh,05_tracer_calibration_sweeps/runs/lhs_11/case6_joint_lhs_11_portable.prj,input_mesh/M208_clean_water.vtu,found_project_directory,05_tracer_calibration_sweeps/runs/lhs_11/input_mesh/M208_clean_water.vtu,
project_mesh,05_tracer_calibration_sweeps/runs/lhs_11/case6_joint_lhs_11_portable.prj,input_mesh/M203_clean_water.vtu,found_project_directory,05_tracer_calibration_sweeps/runs/lhs_11/input_mesh/M203_clean_water.vtu,
project_mesh,05_tracer_calibration_sweeps/runs/lhs_12/case6_joint_lhs_12.prj,/home/zhai/Yangyi_OGS/Long_tracer/case6_4pipes_joint_parameter_sweep/runs/lhs_12/input_mesh/four_pipes_with_storage.vtu,absolute_reference_present,/home/zhai/Yangyi_OGS/Long_tracer/case6_4pipes_joint_parameter_sweep/runs/lhs_12/input_mesh/four_pipes_with_storage.vtu,
project_mesh,05_tracer_calibration_sweeps/runs/lhs_12/case6_joint_lhs_12.prj,/home/zhai/Yangyi_OGS/Long_tracer/case6_4pipes_joint_parameter_sweep/runs/lhs_12/input_mesh/ZK403.vtu,absolute_reference_present,/home/zhai/Yangyi_OGS/Long_tracer/case6_4pipes_joint_parameter_sweep/runs/lhs_12/input_mesh/ZK403.vtu,
project_mesh,05_tracer_calibration_sweeps/runs/lhs_12/case6_joint_lhs_12.prj,/home/zhai/Yangyi_OGS/Long_tracer/case6_4pipes_joint_parameter_sweep/runs/lhs_12/input_mesh/ZK208.vtu,absolute_reference_present,/home/zhai/Yangyi_OGS/Long_tracer/case6_4pipes_joint_parameter_sweep/runs/lhs_12/input_mesh/ZK208.vtu,
project_mesh,05_tracer_calibration_sweeps/runs/lhs_12/case6_joint_lhs_12.prj,/home/zhai/Yangyi_OGS/Long_tracer/case6_4pipes_joint_parameter_sweep/runs/lhs_12/input_mesh/ZK203.vtu,absolute_reference_present,/home/zhai/Yangyi_OGS/Long_tracer/case6_4pipes_joint_parameter_sweep/runs/lhs_12/input_mesh/ZK203.vtu,
project_mesh,05_tracer_calibration_sweeps/runs/lhs_12/case6_joint_lhs_12.prj,/home/zhai/Yangyi_OGS/Long_tracer/case6_4pipes_joint_parameter_sweep/runs/lhs_12/input_mesh/D_diversion_outlet.vtu,absolute_reference_present,/home/zhai/Yangyi_OGS/Long_tracer/case6_4pipes_joint_parameter_sweep/runs/lhs_12/input_mesh/D_diversion_outlet.vtu,
project_mesh,05_tracer_calibration_sweeps/runs/lhs_12/case6_joint_lhs_12.prj,/home/zhai/Yangyi_OGS/Long_tracer/case6_4pipes_joint_parameter_sweep/runs/lhs_12/input_mesh/M208_clean_water.vtu,absolute_reference_present,/home/zhai/Yangyi_OGS/Long_tracer/case6_4pipes_joint_parameter_sweep/runs/lhs_12/input_mesh/M208_clean_water.vtu,
project_mesh,05_tracer_calibration_sweeps/runs/lhs_12/case6_joint_lhs_12.prj,/home/zhai/Yangyi_OGS/Long_tracer/case6_4pipes_joint_parameter_sweep/runs/lhs_12/input_mesh/M203_clean_water.vtu,absolute_reference_present,/home/zhai/Yangyi_OGS/Long_tracer/case6_4pipes_joint_parameter_sweep/runs/lhs_12/input_mesh/M203_clean_water.vtu,
project_mesh,05_tracer_calibration_sweeps/runs/lhs_12/case6_joint_lhs_12_portable.prj,input_mesh/four_pipes_with_storage.vtu,found_project_directory,05_tracer_calibration_sweeps/runs/lhs_12/input_mesh/four_pipes_with_storage.vtu,
project_mesh,05_tracer_calibration_sweeps/runs/lhs_12/case6_joint_lhs_12_portable.prj,input_mesh/ZK403.vtu,found_project_directory,05_tracer_calibration_sweeps/runs/lhs_12/input_mesh/ZK403.vtu,
project_mesh,05_tracer_calibration_sweeps/runs/lhs_12/case6_joint_lhs_12_portable.prj,input_mesh/ZK208.vtu,found_project_directory,05_tracer_calibration_sweeps/runs/lhs_12/input_mesh/ZK208.vtu,
project_mesh,05_tracer_calibration_sweeps/runs/lhs_12/case6_joint_lhs_12_portable.prj,input_mesh/ZK203.vtu,found_project_directory,05_tracer_calibration_sweeps/runs/lhs_12/input_mesh/ZK203.vtu,
project_mesh,05_tracer_calibration_sweeps/runs/lhs_12/case6_joint_lhs_12_portable.prj,input_mesh/D_diversion_outlet.vtu,found_project_directory,05_tracer_calibration_sweeps/runs/lhs_12/input_mesh/D_diversion_outlet.vtu,
project_mesh,05_tracer_calibration_sweeps/runs/lhs_12/case6_joint_lhs_12_portable.prj,input_mesh/M208_clean_water.vtu,found_project_directory,05_tracer_calibration_sweeps/runs/lhs_12/input_mesh/M208_clean_water.vtu,
project_mesh,05_tracer_calibration_sweeps/runs/lhs_12/case6_joint_lhs_12_portable.prj,input_mesh/M203_clean_water.vtu,found_project_directory,05_tracer_calibration_sweeps/runs/lhs_12/input_mesh/M203_clean_water.vtu,
project_mesh,05_tracer_calibration_sweeps/runs/lhs_13/case6_joint_lhs_13.prj,/home/zhai/Yangyi_OGS/Long_tracer/case6_4pipes_joint_parameter_sweep/runs/lhs_13/input_mesh/four_pipes_with_storage.vtu,absolute_reference_present,/home/zhai/Yangyi_OGS/Long_tracer/case6_4pipes_joint_parameter_sweep/runs/lhs_13/input_mesh/four_pipes_with_storage.vtu,
project_mesh,05_tracer_calibration_sweeps/runs/lhs_13/case6_joint_lhs_13.prj,/home/zhai/Yangyi_OGS/Long_tracer/case6_4pipes_joint_parameter_sweep/runs/lhs_13/input_mesh/ZK403.vtu,absolute_reference_present,/home/zhai/Yangyi_OGS/Long_tracer/case6_4pipes_joint_parameter_sweep/runs/lhs_13/input_mesh/ZK403.vtu,
project_mesh,05_tracer_calibration_sweeps/runs/lhs_13/case6_joint_lhs_13.prj,/home/zhai/Yangyi_OGS/Long_tracer/case6_4pipes_joint_parameter_sweep/runs/lhs_13/input_mesh/ZK208.vtu,absolute_reference_present,/home/zhai/Yangyi_OGS/Long_tracer/case6_4pipes_joint_parameter_sweep/runs/lhs_13/input_mesh/ZK208.vtu,
project_mesh,05_tracer_calibration_sweeps/runs/lhs_13/case6_joint_lhs_13.prj,/home/zhai/Yangyi_OGS/Long_tracer/case6_4pipes_joint_parameter_sweep/runs/lhs_13/input_mesh/ZK203.vtu,absolute_reference_present,/home/zhai/Yangyi_OGS/Long_tracer/case6_4pipes_joint_parameter_sweep/runs/lhs_13/input_mesh/ZK203.vtu,
project_mesh,05_tracer_calibration_sweeps/runs/lhs_13/case6_joint_lhs_13.prj,/home/zhai/Yangyi_OGS/Long_tracer/case6_4pipes_joint_parameter_sweep/runs/lhs_13/input_mesh/D_diversion_outlet.vtu,absolute_reference_present,/home/zhai/Yangyi_OGS/Long_tracer/case6_4pipes_joint_parameter_sweep/runs/lhs_13/input_mesh/D_diversion_outlet.vtu,
project_mesh,05_tracer_calibration_sweeps/runs/lhs_13/case6_joint_lhs_13.prj,/home/zhai/Yangyi_OGS/Long_tracer/case6_4pipes_joint_parameter_sweep/runs/lhs_13/input_mesh/M208_clean_water.vtu,absolute_reference_present,/home/zhai/Yangyi_OGS/Long_tracer/case6_4pipes_joint_parameter_sweep/runs/lhs_13/input_mesh/M208_clean_water.vtu,
project_mesh,05_tracer_calibration_sweeps/runs/lhs_13/case6_joint_lhs_13.prj,/home/zhai/Yangyi_OGS/Long_tracer/case6_4pipes_joint_parameter_sweep/runs/lhs_13/input_mesh/M203_clean_water.vtu,absolute_reference_present,/home/zhai/Yangyi_OGS/Long_tracer/case6_4pipes_joint_parameter_sweep/runs/lhs_13/input_mesh/M203_clean_water.vtu,
project_mesh,05_tracer_calibration_sweeps/runs/lhs_13/case6_joint_lhs_13_portable.prj,input_mesh/four_pipes_with_storage.vtu,found_project_directory,05_tracer_calibration_sweeps/runs/lhs_13/input_mesh/four_pipes_with_storage.vtu,
project_mesh,05_tracer_calibration_sweeps/runs/lhs_13/case6_joint_lhs_13_portable.prj,input_mesh/ZK403.vtu,found_project_directory,05_tracer_calibration_sweeps/runs/lhs_13/input_mesh/ZK403.vtu,
project_mesh,05_tracer_calibration_sweeps/runs/lhs_13/case6_joint_lhs_13_portable.prj,input_mesh/ZK208.vtu,found_project_directory,05_tracer_calibration_sweeps/runs/lhs_13/input_mesh/ZK208.vtu,
project_mesh,05_tracer_calibration_sweeps/runs/lhs_13/case6_joint_lhs_13_portable.prj,input_mesh/ZK203.vtu,found_project_directory,05_tracer_calibration_sweeps/runs/lhs_13/input_mesh/ZK203.vtu,
project_mesh,05_tracer_calibration_sweeps/runs/lhs_13/case6_joint_lhs_13_portable.prj,input_mesh/D_diversion_outlet.vtu,found_project_directory,05_tracer_calibration_sweeps/runs/lhs_13/input_mesh/D_diversion_outlet.vtu,
project_mesh,05_tracer_calibration_sweeps/runs/lhs_13/case6_joint_lhs_13_portable.prj,input_mesh/M208_clean_water.vtu,found_project_directory,05_tracer_calibration_sweeps/runs/lhs_13/input_mesh/M208_clean_water.vtu,
project_mesh,05_tracer_calibration_sweeps/runs/lhs_13/case6_joint_lhs_13_portable.prj,input_mesh/M203_clean_water.vtu,found_project_directory,05_tracer_calibration_sweeps/runs/lhs_13/input_mesh/M203_clean_water.vtu,
project_mesh,05_tracer_calibration_sweeps/runs/lhs_14/case6_joint_lhs_14.prj,/home/zhai/Yangyi_OGS/Long_tracer/case6_4pipes_joint_parameter_sweep/runs/lhs_14/input_mesh/four_pipes_with_storage.vtu,absolute_reference_present,/home/zhai/Yangyi_OGS/Long_tracer/case6_4pipes_joint_parameter_sweep/runs/lhs_14/input_mesh/four_pipes_with_storage.vtu,
project_mesh,05_tracer_calibration_sweeps/runs/lhs_14/case6_joint_lhs_14.prj,/home/zhai/Yangyi_OGS/Long_tracer/case6_4pipes_joint_parameter_sweep/runs/lhs_14/input_mesh/ZK403.vtu,absolute_reference_present,/home/zhai/Yangyi_OGS/Long_tracer/case6_4pipes_joint_parameter_sweep/runs/lhs_14/input_mesh/ZK403.vtu,
project_mesh,05_tracer_calibration_sweeps/runs/lhs_14/case6_joint_lhs_14.prj,/home/zhai/Yangyi_OGS/Long_tracer/case6_4pipes_joint_parameter_sweep/runs/lhs_14/input_mesh/ZK208.vtu,absolute_reference_present,/home/zhai/Yangyi_OGS/Long_tracer/case6_4pipes_joint_parameter_sweep/runs/lhs_14/input_mesh/ZK208.vtu,
project_mesh,05_tracer_calibration_sweeps/runs/lhs_14/case6_joint_lhs_14.prj,/home/zhai/Yangyi_OGS/Long_tracer/case6_4pipes_joint_parameter_sweep/runs/lhs_14/input_mesh/ZK203.vtu,absolute_reference_present,/home/zhai/Yangyi_OGS/Long_tracer/case6_4pipes_joint_parameter_sweep/runs/lhs_14/input_mesh/ZK203.vtu,
project_mesh,05_tracer_calibration_sweeps/runs/lhs_14/case6_joint_lhs_14.prj,/home/zhai/Yangyi_OGS/Long_tracer/case6_4pipes_joint_parameter_sweep/runs/lhs_14/input_mesh/D_diversion_outlet.vtu,absolute_reference_present,/home/zhai/Yangyi_OGS/Long_tracer/case6_4pipes_joint_parameter_sweep/runs/lhs_14/input_mesh/D_diversion_outlet.vtu,
project_mesh,05_tracer_calibration_sweeps/runs/lhs_14/case6_joint_lhs_14.prj,/home/zhai/Yangyi_OGS/Long_tracer/case6_4pipes_joint_parameter_sweep/runs/lhs_14/input_mesh/M208_clean_water.vtu,absolute_reference_present,/home/zhai/Yangyi_OGS/Long_tracer/case6_4pipes_joint_parameter_sweep/runs/lhs_14/input_mesh/M208_clean_water.vtu,
project_mesh,05_tracer_calibration_sweeps/runs/lhs_14/case6_joint_lhs_14.prj,/home/zhai/Yangyi_OGS/Long_tracer/case6_4pipes_joint_parameter_sweep/runs/lhs_14/input_mesh/M203_clean_water.vtu,absolute_reference_present,/home/zhai/Yangyi_OGS/Long_tracer/case6_4pipes_joint_parameter_sweep/runs/lhs_14/input_mesh/M203_clean_water.vtu,
project_mesh,05_tracer_calibration_sweeps/runs/lhs_14/case6_joint_lhs_14_portable.prj,input_mesh/four_pipes_with_storage.vtu,found_project_directory,05_tracer_calibration_sweeps/runs/lhs_14/input_mesh/four_pipes_with_storage.vtu,
project_mesh,05_tracer_calibration_sweeps/runs/lhs_14/case6_joint_lhs_14_portable.prj,input_mesh/ZK403.vtu,found_project_directory,05_tracer_calibration_sweeps/runs/lhs_14/input_mesh/ZK403.vtu,
project_mesh,05_tracer_calibration_sweeps/runs/lhs_14/case6_joint_lhs_14_portable.prj,input_mesh/ZK208.vtu,found_project_directory,05_tracer_calibration_sweeps/runs/lhs_14/input_mesh/ZK208.vtu,
project_mesh,05_tracer_calibration_sweeps/runs/lhs_14/case6_joint_lhs_14_portable.prj,input_mesh/ZK203.vtu,found_project_directory,05_tracer_calibration_sweeps/runs/lhs_14/input_mesh/ZK203.vtu,
project_mesh,05_tracer_calibration_sweeps/runs/lhs_14/case6_joint_lhs_14_portable.prj,input_mesh/D_diversion_outlet.vtu,found_project_directory,05_tracer_calibration_sweeps/runs/lhs_14/input_mesh/D_diversion_outlet.vtu,
project_mesh,05_tracer_calibration_sweeps/runs/lhs_14/case6_joint_lhs_14_portable.prj,input_mesh/M208_clean_water.vtu,found_project_directory,05_tracer_calibration_sweeps/runs/lhs_14/input_mesh/M208_clean_water.vtu,
project_mesh,05_tracer_calibration_sweeps/runs/lhs_14/case6_joint_lhs_14_portable.prj,input_mesh/M203_clean_water.vtu,found_project_directory,05_tracer_calibration_sweeps/runs/lhs_14/input_mesh/M203_clean_water.vtu,
project_mesh,05_tracer_calibration_sweeps/runs/lhs_15/case6_joint_lhs_15.prj,/home/zhai/Yangyi_OGS/Long_tracer/case6_4pipes_joint_parameter_sweep/runs/lhs_15/input_mesh/four_pipes_with_storage.vtu,absolute_reference_present,/home/zhai/Yangyi_OGS/Long_tracer/case6_4pipes_joint_parameter_sweep/runs/lhs_15/input_mesh/four_pipes_with_storage.vtu,
project_mesh,05_tracer_calibration_sweeps/runs/lhs_15/case6_joint_lhs_15.prj,/home/zhai/Yangyi_OGS/Long_tracer/case6_4pipes_joint_parameter_sweep/runs/lhs_15/input_mesh/ZK403.vtu,absolute_reference_present,/home/zhai/Yangyi_OGS/Long_tracer/case6_4pipes_joint_parameter_sweep/runs/lhs_15/input_mesh/ZK403.vtu,
project_mesh,05_tracer_calibration_sweeps/runs/lhs_15/case6_joint_lhs_15.prj,/home/zhai/Yangyi_OGS/Long_tracer/case6_4pipes_joint_parameter_sweep/runs/lhs_15/input_mesh/ZK208.vtu,absolute_reference_present,/home/zhai/Yangyi_OGS/Long_tracer/case6_4pipes_joint_parameter_sweep/runs/lhs_15/input_mesh/ZK208.vtu,
project_mesh,05_tracer_calibration_sweeps/runs/lhs_15/case6_joint_lhs_15.prj,/home/zhai/Yangyi_OGS/Long_tracer/case6_4pipes_joint_parameter_sweep/runs/lhs_15/input_mesh/ZK203.vtu,absolute_reference_present,/home/zhai/Yangyi_OGS/Long_tracer/case6_4pipes_joint_parameter_sweep/runs/lhs_15/input_mesh/ZK203.vtu,
project_mesh,05_tracer_calibration_sweeps/runs/lhs_15/case6_joint_lhs_15.prj,/home/zhai/Yangyi_OGS/Long_tracer/case6_4pipes_joint_parameter_sweep/runs/lhs_15/input_mesh/D_diversion_outlet.vtu,absolute_reference_present,/home/zhai/Yangyi_OGS/Long_tracer/case6_4pipes_joint_parameter_sweep/runs/lhs_15/input_mesh/D_diversion_outlet.vtu,
project_mesh,05_tracer_calibration_sweeps/runs/lhs_15/case6_joint_lhs_15.prj,/home/zhai/Yangyi_OGS/Long_tracer/case6_4pipes_joint_parameter_sweep/runs/lhs_15/input_mesh/M208_clean_water.vtu,absolute_reference_present,/home/zhai/Yangyi_OGS/Long_tracer/case6_4pipes_joint_parameter_sweep/runs/lhs_15/input_mesh/M208_clean_water.vtu,
project_mesh,05_tracer_calibration_sweeps/runs/lhs_15/case6_joint_lhs_15.prj,/home/zhai/Yangyi_OGS/Long_tracer/case6_4pipes_joint_parameter_sweep/runs/lhs_15/input_mesh/M203_clean_water.vtu,absolute_reference_present,/home/zhai/Yangyi_OGS/Long_tracer/case6_4pipes_joint_parameter_sweep/runs/lhs_15/input_mesh/M203_clean_water.vtu,
project_mesh,05_tracer_calibration_sweeps/runs/lhs_15/case6_joint_lhs_15_portable.prj,input_mesh/four_pipes_with_storage.vtu,found_project_directory,05_tracer_calibration_sweeps/runs/lhs_15/input_mesh/four_pipes_with_storage.vtu,
project_mesh,05_tracer_calibration_sweeps/runs/lhs_15/case6_joint_lhs_15_portable.prj,input_mesh/ZK403.vtu,found_project_directory,05_tracer_calibration_sweeps/runs/lhs_15/input_mesh/ZK403.vtu,
project_mesh,05_tracer_calibration_sweeps/runs/lhs_15/case6_joint_lhs_15_portable.prj,input_mesh/ZK208.vtu,found_project_directory,05_tracer_calibration_sweeps/runs/lhs_15/input_mesh/ZK208.vtu,
project_mesh,05_tracer_calibration_sweeps/runs/lhs_15/case6_joint_lhs_15_portable.prj,input_mesh/ZK203.vtu,found_project_directory,05_tracer_calibration_sweeps/runs/lhs_15/input_mesh/ZK203.vtu,
project_mesh,05_tracer_calibration_sweeps/runs/lhs_15/case6_joint_lhs_15_portable.prj,input_mesh/D_diversion_outlet.vtu,found_project_directory,05_tracer_calibration_sweeps/runs/lhs_15/input_mesh/D_diversion_outlet.vtu,
project_mesh,05_tracer_calibration_sweeps/runs/lhs_15/case6_joint_lhs_15_portable.prj,input_mesh/M208_clean_water.vtu,found_project_directory,05_tracer_calibration_sweeps/runs/lhs_15/input_mesh/M208_clean_water.vtu,
project_mesh,05_tracer_calibration_sweeps/runs/lhs_15/case6_joint_lhs_15_portable.prj,input_mesh/M203_clean_water.vtu,found_project_directory,05_tracer_calibration_sweeps/runs/lhs_15/input_mesh/M203_clean_water.vtu,
project_mesh,05_tracer_calibration_sweeps/runs/lhs_16/case6_joint_lhs_16.prj,/home/zhai/Yangyi_OGS/Long_tracer/case6_4pipes_joint_parameter_sweep/runs/lhs_16/input_mesh/four_pipes_with_storage.vtu,absolute_reference_present,/home/zhai/Yangyi_OGS/Long_tracer/case6_4pipes_joint_parameter_sweep/runs/lhs_16/input_mesh/four_pipes_with_storage.vtu,
project_mesh,05_tracer_calibration_sweeps/runs/lhs_16/case6_joint_lhs_16.prj,/home/zhai/Yangyi_OGS/Long_tracer/case6_4pipes_joint_parameter_sweep/runs/lhs_16/input_mesh/ZK403.vtu,absolute_reference_present,/home/zhai/Yangyi_OGS/Long_tracer/case6_4pipes_joint_parameter_sweep/runs/lhs_16/input_mesh/ZK403.vtu,
project_mesh,05_tracer_calibration_sweeps/runs/lhs_16/case6_joint_lhs_16.prj,/home/zhai/Yangyi_OGS/Long_tracer/case6_4pipes_joint_parameter_sweep/runs/lhs_16/input_mesh/ZK208.vtu,absolute_reference_present,/home/zhai/Yangyi_OGS/Long_tracer/case6_4pipes_joint_parameter_sweep/runs/lhs_16/input_mesh/ZK208.vtu,
project_mesh,05_tracer_calibration_sweeps/runs/lhs_16/case6_joint_lhs_16.prj,/home/zhai/Yangyi_OGS/Long_tracer/case6_4pipes_joint_parameter_sweep/runs/lhs_16/input_mesh/ZK203.vtu,absolute_reference_present,/home/zhai/Yangyi_OGS/Long_tracer/case6_4pipes_joint_parameter_sweep/runs/lhs_16/input_mesh/ZK203.vtu,
project_mesh,05_tracer_calibration_sweeps/runs/lhs_16/case6_joint_lhs_16.prj,/home/zhai/Yangyi_OGS/Long_tracer/case6_4pipes_joint_parameter_sweep/runs/lhs_16/input_mesh/D_diversion_outlet.vtu,absolute_reference_present,/home/zhai/Yangyi_OGS/Long_tracer/case6_4pipes_joint_parameter_sweep/runs/lhs_16/input_mesh/D_diversion_outlet.vtu,
project_mesh,05_tracer_calibration_sweeps/runs/lhs_16/case6_joint_lhs_16.prj,/home/zhai/Yangyi_OGS/Long_tracer/case6_4pipes_joint_parameter_sweep/runs/lhs_16/input_mesh/M208_clean_water.vtu,absolute_reference_present,/home/zhai/Yangyi_OGS/Long_tracer/case6_4pipes_joint_parameter_sweep/runs/lhs_16/input_mesh/M208_clean_water.vtu,
project_mesh,05_tracer_calibration_sweeps/runs/lhs_16/case6_joint_lhs_16.prj,/home/zhai/Yangyi_OGS/Long_tracer/case6_4pipes_joint_parameter_sweep/runs/lhs_16/input_mesh/M203_clean_water.vtu,absolute_reference_present,/home/zhai/Yangyi_OGS/Long_tracer/case6_4pipes_joint_parameter_sweep/runs/lhs_16/input_mesh/M203_clean_water.vtu,
project_mesh,05_tracer_calibration_sweeps/runs/lhs_16/case6_joint_lhs_16_portable.prj,input_mesh/four_pipes_with_storage.vtu,found_project_directory,05_tracer_calibration_sweeps/runs/lhs_16/input_mesh/four_pipes_with_storage.vtu,
project_mesh,05_tracer_calibration_sweeps/runs/lhs_16/case6_joint_lhs_16_portable.prj,input_mesh/ZK403.vtu,found_project_directory,05_tracer_calibration_sweeps/runs/lhs_16/input_mesh/ZK403.vtu,
project_mesh,05_tracer_calibration_sweeps/runs/lhs_16/case6_joint_lhs_16_portable.prj,input_mesh/ZK208.vtu,found_project_directory,05_tracer_calibration_sweeps/runs/lhs_16/input_mesh/ZK208.vtu,
project_mesh,05_tracer_calibration_sweeps/runs/lhs_16/case6_joint_lhs_16_portable.prj,input_mesh/ZK203.vtu,found_project_directory,05_tracer_calibration_sweeps/runs/lhs_16/input_mesh/ZK203.vtu,
project_mesh,05_tracer_calibration_sweeps/runs/lhs_16/case6_joint_lhs_16_portable.prj,input_mesh/D_diversion_outlet.vtu,found_project_directory,05_tracer_calibration_sweeps/runs/lhs_16/input_mesh/D_diversion_outlet.vtu,
project_mesh,05_tracer_calibration_sweeps/runs/lhs_16/case6_joint_lhs_16_portable.prj,input_mesh/M208_clean_water.vtu,found_project_directory,05_tracer_calibration_sweeps/runs/lhs_16/input_mesh/M208_clean_water.vtu,
project_mesh,05_tracer_calibration_sweeps/runs/lhs_16/case6_joint_lhs_16_portable.prj,input_mesh/M203_clean_water.vtu,found_project_directory,05_tracer_calibration_sweeps/runs/lhs_16/input_mesh/M203_clean_water.vtu,
project_mesh,06_thermal_consistency/runs/M203T190C_S203A0p3x_S208A6x_alphaL25m/M203T190C_S203A0p3x_S208A6x_alphaL25m.prj,input_mesh/four_pipes_with_storage.vtu,found_project_directory,06_thermal_consistency/runs/M203T190C_S203A0p3x_S208A6x_alphaL25m/input_mesh/four_pipes_with_storage.vtu,
project_mesh,06_thermal_consistency/runs/M203T190C_S203A0p3x_S208A6x_alphaL25m/M203T190C_S203A0p3x_S208A6x_alphaL25m.prj,input_mesh/ZK403.vtu,found_project_directory,06_thermal_consistency/runs/M203T190C_S203A0p3x_S208A6x_alphaL25m/input_mesh/ZK403.vtu,
project_mesh,06_thermal_consistency/runs/M203T190C_S203A0p3x_S208A6x_alphaL25m/M203T190C_S203A0p3x_S208A6x_alphaL25m.prj,input_mesh/ZK208.vtu,found_project_directory,06_thermal_consistency/runs/M203T190C_S203A0p3x_S208A6x_alphaL25m/input_mesh/ZK208.vtu,
project_mesh,06_thermal_consistency/runs/M203T190C_S203A0p3x_S208A6x_alphaL25m/M203T190C_S203A0p3x_S208A6x_alphaL25m.prj,input_mesh/ZK203.vtu,found_project_directory,06_thermal_consistency/runs/M203T190C_S203A0p3x_S208A6x_alphaL25m/input_mesh/ZK203.vtu,
project_mesh,06_thermal_consistency/runs/M203T190C_S203A0p3x_S208A6x_alphaL25m/M203T190C_S203A0p3x_S208A6x_alphaL25m.prj,input_mesh/D_diversion_outlet.vtu,found_project_directory,06_thermal_consistency/runs/M203T190C_S203A0p3x_S208A6x_alphaL25m/input_mesh/D_diversion_outlet.vtu,
project_mesh,06_thermal_consistency/runs/M203T190C_S203A0p3x_S208A6x_alphaL25m/M203T190C_S203A0p3x_S208A6x_alphaL25m.prj,input_mesh/M208_clean_water.vtu,found_project_directory,06_thermal_consistency/runs/M203T190C_S203A0p3x_S208A6x_alphaL25m/input_mesh/M208_clean_water.vtu,
project_mesh,06_thermal_consistency/runs/M203T190C_S203A0p3x_S208A6x_alphaL25m/M203T190C_S203A0p3x_S208A6x_alphaL25m.prj,input_mesh/M203_clean_water.vtu,found_project_directory,06_thermal_consistency/runs/M203T190C_S203A0p3x_S208A6x_alphaL25m/input_mesh/M203_clean_water.vtu,
project_mesh,06_thermal_consistency/runs/M203T190C_S203A0p3x_S208A6x_alphaL30m/M203T190C_S203A0p3x_S208A6x_alphaL30m.prj,input_mesh/four_pipes_with_storage.vtu,found_project_directory,06_thermal_consistency/runs/M203T190C_S203A0p3x_S208A6x_alphaL30m/input_mesh/four_pipes_with_storage.vtu,
project_mesh,06_thermal_consistency/runs/M203T190C_S203A0p3x_S208A6x_alphaL30m/M203T190C_S203A0p3x_S208A6x_alphaL30m.prj,input_mesh/ZK403.vtu,found_project_directory,06_thermal_consistency/runs/M203T190C_S203A0p3x_S208A6x_alphaL30m/input_mesh/ZK403.vtu,
project_mesh,06_thermal_consistency/runs/M203T190C_S203A0p3x_S208A6x_alphaL30m/M203T190C_S203A0p3x_S208A6x_alphaL30m.prj,input_mesh/ZK208.vtu,found_project_directory,06_thermal_consistency/runs/M203T190C_S203A0p3x_S208A6x_alphaL30m/input_mesh/ZK208.vtu,
project_mesh,06_thermal_consistency/runs/M203T190C_S203A0p3x_S208A6x_alphaL30m/M203T190C_S203A0p3x_S208A6x_alphaL30m.prj,input_mesh/ZK203.vtu,found_project_directory,06_thermal_consistency/runs/M203T190C_S203A0p3x_S208A6x_alphaL30m/input_mesh/ZK203.vtu,
project_mesh,06_thermal_consistency/runs/M203T190C_S203A0p3x_S208A6x_alphaL30m/M203T190C_S203A0p3x_S208A6x_alphaL30m.prj,input_mesh/D_diversion_outlet.vtu,found_project_directory,06_thermal_consistency/runs/M203T190C_S203A0p3x_S208A6x_alphaL30m/input_mesh/D_diversion_outlet.vtu,
project_mesh,06_thermal_consistency/runs/M203T190C_S203A0p3x_S208A6x_alphaL30m/M203T190C_S203A0p3x_S208A6x_alphaL30m.prj,input_mesh/M208_clean_water.vtu,found_project_directory,06_thermal_consistency/runs/M203T190C_S203A0p3x_S208A6x_alphaL30m/input_mesh/M208_clean_water.vtu,
project_mesh,06_thermal_consistency/runs/M203T190C_S203A0p3x_S208A6x_alphaL30m/M203T190C_S203A0p3x_S208A6x_alphaL30m.prj,input_mesh/M203_clean_water.vtu,found_project_directory,06_thermal_consistency/runs/M203T190C_S203A0p3x_S208A6x_alphaL30m/input_mesh/M203_clean_water.vtu,
project_mesh,06_thermal_consistency/runs/M203T190C_S203A0p3x_S208A6x_alphaL35m/M203T190C_S203A0p3x_S208A6x_alphaL35m.prj,input_mesh/four_pipes_with_storage.vtu,found_project_directory,06_thermal_consistency/runs/M203T190C_S203A0p3x_S208A6x_alphaL35m/input_mesh/four_pipes_with_storage.vtu,
project_mesh,06_thermal_consistency/runs/M203T190C_S203A0p3x_S208A6x_alphaL35m/M203T190C_S203A0p3x_S208A6x_alphaL35m.prj,input_mesh/ZK403.vtu,found_project_directory,06_thermal_consistency/runs/M203T190C_S203A0p3x_S208A6x_alphaL35m/input_mesh/ZK403.vtu,
project_mesh,06_thermal_consistency/runs/M203T190C_S203A0p3x_S208A6x_alphaL35m/M203T190C_S203A0p3x_S208A6x_alphaL35m.prj,input_mesh/ZK208.vtu,found_project_directory,06_thermal_consistency/runs/M203T190C_S203A0p3x_S208A6x_alphaL35m/input_mesh/ZK208.vtu,
project_mesh,06_thermal_consistency/runs/M203T190C_S203A0p3x_S208A6x_alphaL35m/M203T190C_S203A0p3x_S208A6x_alphaL35m.prj,input_mesh/ZK203.vtu,found_project_directory,06_thermal_consistency/runs/M203T190C_S203A0p3x_S208A6x_alphaL35m/input_mesh/ZK203.vtu,
project_mesh,06_thermal_consistency/runs/M203T190C_S203A0p3x_S208A6x_alphaL35m/M203T190C_S203A0p3x_S208A6x_alphaL35m.prj,input_mesh/D_diversion_outlet.vtu,found_project_directory,06_thermal_consistency/runs/M203T190C_S203A0p3x_S208A6x_alphaL35m/input_mesh/D_diversion_outlet.vtu,
project_mesh,06_thermal_consistency/runs/M203T190C_S203A0p3x_S208A6x_alphaL35m/M203T190C_S203A0p3x_S208A6x_alphaL35m.prj,input_mesh/M208_clean_water.vtu,found_project_directory,06_thermal_consistency/runs/M203T190C_S203A0p3x_S208A6x_alphaL35m/input_mesh/M208_clean_water.vtu,
project_mesh,06_thermal_consistency/runs/M203T190C_S203A0p3x_S208A6x_alphaL35m/M203T190C_S203A0p3x_S208A6x_alphaL35m.prj,input_mesh/M203_clean_water.vtu,found_project_directory,06_thermal_consistency/runs/M203T190C_S203A0p3x_S208A6x_alphaL35m/input_mesh/M203_clean_water.vtu,
project_mesh,06_thermal_consistency/runs/M203T192C_S203A0p3x_S208A6x_alphaL25m/M203T192C_S203A0p3x_S208A6x_alphaL25m.prj,input_mesh/four_pipes_with_storage.vtu,found_project_directory,06_thermal_consistency/runs/M203T192C_S203A0p3x_S208A6x_alphaL25m/input_mesh/four_pipes_with_storage.vtu,
project_mesh,06_thermal_consistency/runs/M203T192C_S203A0p3x_S208A6x_alphaL25m/M203T192C_S203A0p3x_S208A6x_alphaL25m.prj,input_mesh/ZK403.vtu,found_project_directory,06_thermal_consistency/runs/M203T192C_S203A0p3x_S208A6x_alphaL25m/input_mesh/ZK403.vtu,
project_mesh,06_thermal_consistency/runs/M203T192C_S203A0p3x_S208A6x_alphaL25m/M203T192C_S203A0p3x_S208A6x_alphaL25m.prj,input_mesh/ZK208.vtu,found_project_directory,06_thermal_consistency/runs/M203T192C_S203A0p3x_S208A6x_alphaL25m/input_mesh/ZK208.vtu,
project_mesh,06_thermal_consistency/runs/M203T192C_S203A0p3x_S208A6x_alphaL25m/M203T192C_S203A0p3x_S208A6x_alphaL25m.prj,input_mesh/ZK203.vtu,found_project_directory,06_thermal_consistency/runs/M203T192C_S203A0p3x_S208A6x_alphaL25m/input_mesh/ZK203.vtu,
project_mesh,06_thermal_consistency/runs/M203T192C_S203A0p3x_S208A6x_alphaL25m/M203T192C_S203A0p3x_S208A6x_alphaL25m.prj,input_mesh/D_diversion_outlet.vtu,found_project_directory,06_thermal_consistency/runs/M203T192C_S203A0p3x_S208A6x_alphaL25m/input_mesh/D_diversion_outlet.vtu,
project_mesh,06_thermal_consistency/runs/M203T192C_S203A0p3x_S208A6x_alphaL25m/M203T192C_S203A0p3x_S208A6x_alphaL25m.prj,input_mesh/M208_clean_water.vtu,found_project_directory,06_thermal_consistency/runs/M203T192C_S203A0p3x_S208A6x_alphaL25m/input_mesh/M208_clean_water.vtu,
project_mesh,06_thermal_consistency/runs/M203T192C_S203A0p3x_S208A6x_alphaL25m/M203T192C_S203A0p3x_S208A6x_alphaL25m.prj,input_mesh/M203_clean_water.vtu,found_project_directory,06_thermal_consistency/runs/M203T192C_S203A0p3x_S208A6x_alphaL25m/input_mesh/M203_clean_water.vtu,
project_mesh,06_thermal_consistency/runs/M203T192C_S203A0p3x_S208A6x_alphaL30m/M203T192C_S203A0p3x_S208A6x_alphaL30m.prj,input_mesh/four_pipes_with_storage.vtu,found_project_directory,06_thermal_consistency/runs/M203T192C_S203A0p3x_S208A6x_alphaL30m/input_mesh/four_pipes_with_storage.vtu,
project_mesh,06_thermal_consistency/runs/M203T192C_S203A0p3x_S208A6x_alphaL30m/M203T192C_S203A0p3x_S208A6x_alphaL30m.prj,input_mesh/ZK403.vtu,found_project_directory,06_thermal_consistency/runs/M203T192C_S203A0p3x_S208A6x_alphaL30m/input_mesh/ZK403.vtu,
project_mesh,06_thermal_consistency/runs/M203T192C_S203A0p3x_S208A6x_alphaL30m/M203T192C_S203A0p3x_S208A6x_alphaL30m.prj,input_mesh/ZK208.vtu,found_project_directory,06_thermal_consistency/runs/M203T192C_S203A0p3x_S208A6x_alphaL30m/input_mesh/ZK208.vtu,
project_mesh,06_thermal_consistency/runs/M203T192C_S203A0p3x_S208A6x_alphaL30m/M203T192C_S203A0p3x_S208A6x_alphaL30m.prj,input_mesh/ZK203.vtu,found_project_directory,06_thermal_consistency/runs/M203T192C_S203A0p3x_S208A6x_alphaL30m/input_mesh/ZK203.vtu,
project_mesh,06_thermal_consistency/runs/M203T192C_S203A0p3x_S208A6x_alphaL30m/M203T192C_S203A0p3x_S208A6x_alphaL30m.prj,input_mesh/D_diversion_outlet.vtu,found_project_directory,06_thermal_consistency/runs/M203T192C_S203A0p3x_S208A6x_alphaL30m/input_mesh/D_diversion_outlet.vtu,
project_mesh,06_thermal_consistency/runs/M203T192C_S203A0p3x_S208A6x_alphaL30m/M203T192C_S203A0p3x_S208A6x_alphaL30m.prj,input_mesh/M208_clean_water.vtu,found_project_directory,06_thermal_consistency/runs/M203T192C_S203A0p3x_S208A6x_alphaL30m/input_mesh/M208_clean_water.vtu,
project_mesh,06_thermal_consistency/runs/M203T192C_S203A0p3x_S208A6x_alphaL30m/M203T192C_S203A0p3x_S208A6x_alphaL30m.prj,input_mesh/M203_clean_water.vtu,found_project_directory,06_thermal_consistency/runs/M203T192C_S203A0p3x_S208A6x_alphaL30m/input_mesh/M203_clean_water.vtu,
project_mesh,06_thermal_consistency/runs/M203T192C_S203A0p3x_S208A6x_alphaL35m/M203T192C_S203A0p3x_S208A6x_alphaL35m.prj,input_mesh/four_pipes_with_storage.vtu,found_project_directory,06_thermal_consistency/runs/M203T192C_S203A0p3x_S208A6x_alphaL35m/input_mesh/four_pipes_with_storage.vtu,
project_mesh,06_thermal_consistency/runs/M203T192C_S203A0p3x_S208A6x_alphaL35m/M203T192C_S203A0p3x_S208A6x_alphaL35m.prj,input_mesh/ZK403.vtu,found_project_directory,06_thermal_consistency/runs/M203T192C_S203A0p3x_S208A6x_alphaL35m/input_mesh/ZK403.vtu,
project_mesh,06_thermal_consistency/runs/M203T192C_S203A0p3x_S208A6x_alphaL35m/M203T192C_S203A0p3x_S208A6x_alphaL35m.prj,input_mesh/ZK208.vtu,found_project_directory,06_thermal_consistency/runs/M203T192C_S203A0p3x_S208A6x_alphaL35m/input_mesh/ZK208.vtu,
project_mesh,06_thermal_consistency/runs/M203T192C_S203A0p3x_S208A6x_alphaL35m/M203T192C_S203A0p3x_S208A6x_alphaL35m.prj,input_mesh/ZK203.vtu,found_project_directory,06_thermal_consistency/runs/M203T192C_S203A0p3x_S208A6x_alphaL35m/input_mesh/ZK203.vtu,
project_mesh,06_thermal_consistency/runs/M203T192C_S203A0p3x_S208A6x_alphaL35m/M203T192C_S203A0p3x_S208A6x_alphaL35m.prj,input_mesh/D_diversion_outlet.vtu,found_project_directory,06_thermal_consistency/runs/M203T192C_S203A0p3x_S208A6x_alphaL35m/input_mesh/D_diversion_outlet.vtu,
project_mesh,06_thermal_consistency/runs/M203T192C_S203A0p3x_S208A6x_alphaL35m/M203T192C_S203A0p3x_S208A6x_alphaL35m.prj,input_mesh/M208_clean_water.vtu,found_project_directory,06_thermal_consistency/runs/M203T192C_S203A0p3x_S208A6x_alphaL35m/input_mesh/M208_clean_water.vtu,
project_mesh,06_thermal_consistency/runs/M203T192C_S203A0p3x_S208A6x_alphaL35m/M203T192C_S203A0p3x_S208A6x_alphaL35m.prj,input_mesh/M203_clean_water.vtu,found_project_directory,06_thermal_consistency/runs/M203T192C_S203A0p3x_S208A6x_alphaL35m/input_mesh/M203_clean_water.vtu,
project_mesh,06_thermal_consistency/runs/M203T194C_S203A0p3x_S208A6x_alphaL25m/M203T194C_S203A0p3x_S208A6x_alphaL25m.prj,input_mesh/four_pipes_with_storage.vtu,found_project_directory,06_thermal_consistency/runs/M203T194C_S203A0p3x_S208A6x_alphaL25m/input_mesh/four_pipes_with_storage.vtu,
project_mesh,06_thermal_consistency/runs/M203T194C_S203A0p3x_S208A6x_alphaL25m/M203T194C_S203A0p3x_S208A6x_alphaL25m.prj,input_mesh/ZK403.vtu,found_project_directory,06_thermal_consistency/runs/M203T194C_S203A0p3x_S208A6x_alphaL25m/input_mesh/ZK403.vtu,
project_mesh,06_thermal_consistency/runs/M203T194C_S203A0p3x_S208A6x_alphaL25m/M203T194C_S203A0p3x_S208A6x_alphaL25m.prj,input_mesh/ZK208.vtu,found_project_directory,06_thermal_consistency/runs/M203T194C_S203A0p3x_S208A6x_alphaL25m/input_mesh/ZK208.vtu,
project_mesh,06_thermal_consistency/runs/M203T194C_S203A0p3x_S208A6x_alphaL25m/M203T194C_S203A0p3x_S208A6x_alphaL25m.prj,input_mesh/ZK203.vtu,found_project_directory,06_thermal_consistency/runs/M203T194C_S203A0p3x_S208A6x_alphaL25m/input_mesh/ZK203.vtu,
project_mesh,06_thermal_consistency/runs/M203T194C_S203A0p3x_S208A6x_alphaL25m/M203T194C_S203A0p3x_S208A6x_alphaL25m.prj,input_mesh/D_diversion_outlet.vtu,found_project_directory,06_thermal_consistency/runs/M203T194C_S203A0p3x_S208A6x_alphaL25m/input_mesh/D_diversion_outlet.vtu,
project_mesh,06_thermal_consistency/runs/M203T194C_S203A0p3x_S208A6x_alphaL25m/M203T194C_S203A0p3x_S208A6x_alphaL25m.prj,input_mesh/M208_clean_water.vtu,found_project_directory,06_thermal_consistency/runs/M203T194C_S203A0p3x_S208A6x_alphaL25m/input_mesh/M208_clean_water.vtu,
project_mesh,06_thermal_consistency/runs/M203T194C_S203A0p3x_S208A6x_alphaL25m/M203T194C_S203A0p3x_S208A6x_alphaL25m.prj,input_mesh/M203_clean_water.vtu,found_project_directory,06_thermal_consistency/runs/M203T194C_S203A0p3x_S208A6x_alphaL25m/input_mesh/M203_clean_water.vtu,
project_mesh,06_thermal_consistency/runs/M203T194C_S203A0p3x_S208A6x_alphaL30m/M203T194C_S203A0p3x_S208A6x_alphaL30m.prj,input_mesh/four_pipes_with_storage.vtu,found_project_directory,06_thermal_consistency/runs/M203T194C_S203A0p3x_S208A6x_alphaL30m/input_mesh/four_pipes_with_storage.vtu,
project_mesh,06_thermal_consistency/runs/M203T194C_S203A0p3x_S208A6x_alphaL30m/M203T194C_S203A0p3x_S208A6x_alphaL30m.prj,input_mesh/ZK403.vtu,found_project_directory,06_thermal_consistency/runs/M203T194C_S203A0p3x_S208A6x_alphaL30m/input_mesh/ZK403.vtu,
project_mesh,06_thermal_consistency/runs/M203T194C_S203A0p3x_S208A6x_alphaL30m/M203T194C_S203A0p3x_S208A6x_alphaL30m.prj,input_mesh/ZK208.vtu,found_project_directory,06_thermal_consistency/runs/M203T194C_S203A0p3x_S208A6x_alphaL30m/input_mesh/ZK208.vtu,
project_mesh,06_thermal_consistency/runs/M203T194C_S203A0p3x_S208A6x_alphaL30m/M203T194C_S203A0p3x_S208A6x_alphaL30m.prj,input_mesh/ZK203.vtu,found_project_directory,06_thermal_consistency/runs/M203T194C_S203A0p3x_S208A6x_alphaL30m/input_mesh/ZK203.vtu,
project_mesh,06_thermal_consistency/runs/M203T194C_S203A0p3x_S208A6x_alphaL30m/M203T194C_S203A0p3x_S208A6x_alphaL30m.prj,input_mesh/D_diversion_outlet.vtu,found_project_directory,06_thermal_consistency/runs/M203T194C_S203A0p3x_S208A6x_alphaL30m/input_mesh/D_diversion_outlet.vtu,
project_mesh,06_thermal_consistency/runs/M203T194C_S203A0p3x_S208A6x_alphaL30m/M203T194C_S203A0p3x_S208A6x_alphaL30m.prj,input_mesh/M208_clean_water.vtu,found_project_directory,06_thermal_consistency/runs/M203T194C_S203A0p3x_S208A6x_alphaL30m/input_mesh/M208_clean_water.vtu,
project_mesh,06_thermal_consistency/runs/M203T194C_S203A0p3x_S208A6x_alphaL30m/M203T194C_S203A0p3x_S208A6x_alphaL30m.prj,input_mesh/M203_clean_water.vtu,found_project_directory,06_thermal_consistency/runs/M203T194C_S203A0p3x_S208A6x_alphaL30m/input_mesh/M203_clean_water.vtu,
project_mesh,06_thermal_consistency/runs/M203T194C_S203A0p3x_S208A6x_alphaL35m/M203T194C_S203A0p3x_S208A6x_alphaL35m.prj,input_mesh/four_pipes_with_storage.vtu,found_project_directory,06_thermal_consistency/runs/M203T194C_S203A0p3x_S208A6x_alphaL35m/input_mesh/four_pipes_with_storage.vtu,
project_mesh,06_thermal_consistency/runs/M203T194C_S203A0p3x_S208A6x_alphaL35m/M203T194C_S203A0p3x_S208A6x_alphaL35m.prj,input_mesh/ZK403.vtu,found_project_directory,06_thermal_consistency/runs/M203T194C_S203A0p3x_S208A6x_alphaL35m/input_mesh/ZK403.vtu,
project_mesh,06_thermal_consistency/runs/M203T194C_S203A0p3x_S208A6x_alphaL35m/M203T194C_S203A0p3x_S208A6x_alphaL35m.prj,input_mesh/ZK208.vtu,found_project_directory,06_thermal_consistency/runs/M203T194C_S203A0p3x_S208A6x_alphaL35m/input_mesh/ZK208.vtu,
project_mesh,06_thermal_consistency/runs/M203T194C_S203A0p3x_S208A6x_alphaL35m/M203T194C_S203A0p3x_S208A6x_alphaL35m.prj,input_mesh/ZK203.vtu,found_project_directory,06_thermal_consistency/runs/M203T194C_S203A0p3x_S208A6x_alphaL35m/input_mesh/ZK203.vtu,
project_mesh,06_thermal_consistency/runs/M203T194C_S203A0p3x_S208A6x_alphaL35m/M203T194C_S203A0p3x_S208A6x_alphaL35m.prj,input_mesh/D_diversion_outlet.vtu,found_project_directory,06_thermal_consistency/runs/M203T194C_S203A0p3x_S208A6x_alphaL35m/input_mesh/D_diversion_outlet.vtu,
project_mesh,06_thermal_consistency/runs/M203T194C_S203A0p3x_S208A6x_alphaL35m/M203T194C_S203A0p3x_S208A6x_alphaL35m.prj,input_mesh/M208_clean_water.vtu,found_project_directory,06_thermal_consistency/runs/M203T194C_S203A0p3x_S208A6x_alphaL35m/input_mesh/M208_clean_water.vtu,
project_mesh,06_thermal_consistency/runs/M203T194C_S203A0p3x_S208A6x_alphaL35m/M203T194C_S203A0p3x_S208A6x_alphaL35m.prj,input_mesh/M203_clean_water.vtu,found_project_directory,06_thermal_consistency/runs/M203T194C_S203A0p3x_S208A6x_alphaL35m/input_mesh/M203_clean_water.vtu,
script_external,03_DFN_LRZ_calibration/random_wellhead_calibration/run_random_calibration.py,../case1_k9_2e-11_k10_4e-13/compare_observed_wellhead_pressure.py,missing_external,,Required to regenerate/score the calibration; retained .prj files remain runnable.
script_external,03_DFN_LRZ_calibration/random_wellhead_calibration/joint_downhole_head_calibration/run_joint_calibration.py,sibling case1_k9_2e-11_k10_4e-13 pressure helper,missing_external,,Required for pressure scoring.
script_external,04_four_model_comparison/build_cases.py,original full/no-matrix/Surface-DFN base directories,missing_external,,Only needed to regenerate final comparison projects; final projects are retained.
script_portable,04_four_model_comparison/plot_well_pressure_comparisons_portable.py,DFNM-LRZ/source_terms and monitoring_data workbook,resolved_portable_copy,,Path-only copy; original preserved.
script_portable,04_four_model_comparison/plot_monitoring_head_comparisons_portable.py,monitoring_data mapping CSVs and workbook,resolved_portable_copy,,Path-only copy; original preserved.
project_portable,05_tracer_calibration_sweeps/runs/*/*_portable.prj,per-run input_mesh,resolved_portable_copy,,20 path-only copies; absolute-path originals preserved.
script_external,05_tracer_calibration_sweeps/run_joint_sweep.py,../case6_4pipes_deep_reservoir_feedback/run_deep_feedback.py,missing_external,,Required to regenerate feedback curves and score the 20-case sweep.
script_external,05_tracer_calibration_sweeps/run_joint_sweep.py,../case6_4pipes_temperature_constrained_flow_sweep/run_flow_fraction_sweep.py,missing_external,,Required to regenerate allocation curves.
script_external,05_tracer_calibration_sweeps/run_joint_sweep.py,../case6_4pipes_deep_release_time_sweep/run_tau_sweep.py,missing_external,,Required helper; individual retained projects run without it.
script_external,06_thermal_consistency/run_joint_refinement.py,../case3_split_storage_heat_exchange_4y/dispersion_runs/.../*.prj,missing_external,,Parent/template required to regenerate projects; final nine projects are retained.
script_external,06_thermal_consistency/run_joint_refinement.py,../case3_split_storage_heat_exchange_4y/Power output and PT.xls,missing_external,,Required to score ZK203/ZK208 temperatures.
script_external,06_thermal_consistency/run_joint_refinement.py,../case3_split_storage_heat_exchange_4y/.python_deps,missing_external,,Original local package environment; install declared imports independently.
software,multiple scripts,/home/zhai/ogs-env/bin/ogs and /home/zhai/ogs-env/bin/python,environment_specific,,Set OGS_BIN where supported or invoke retained projects with local executables.
script_context,08_postprocessing_scripts/*,case-relative inputs,discoverability_copy_only,,Use case-local original scripts; central copies intentionally index source code.
