path,bytes,sha256
01_geometry_mesh/PorePy_Fractured_Mesh_Tutorial_EN_ZH.md,22689,55d8427a5de8900b84bdc0a1504d324b480180f269caaff4a2bd744edfc0ada5
01_geometry_mesh/README.md,1191,6445cc407b7f802ad593ef5b5b38e17596cb01109dd13353fc586f4271338806
01_geometry_mesh/_out_yangyi_dfn_split/3.5ohm_closed_components.vtp,988877,b64025c430caa202cb7277e94a547111b9261194f628c5fb9a9936216514a308
01_geometry_mesh/_out_yangyi_dfn_split/assign_lowres_materialid.py,3241,209d5ea80abb72e595468636e91ea308ed038ec1b03245510627eb1be1bce7fb
01_geometry_mesh/_out_yangyi_dfn_split/extract_six_faces_vtu.py,10367,5a85ce3a10339fdca498ede5392b9115f14747db21a86e521e72c9df44050de1
01_geometry_mesh/_out_yangyi_dfn_split/gmsh_frac_file.geo_unrolled,41,e28372d602fe98eabcd9d1d10dccdc320f55a89687b1e2a991695439ace0fca7
01_geometry_mesh/_out_yangyi_dfn_split/gmsh_frac_file.geo_unrolled.xao,372046,15bfea9f1fb6f9f833c02ac702248427c1a087b7579f74903913a96880d5a228
01_geometry_mesh/_out_yangyi_dfn_split/gmsh_frac_file.msh,9173569,dd95ec8575aa0b178d875ca378da03bde70237e1f3d326a8765ba2d0dacc73b5
01_geometry_mesh/_out_yangyi_dfn_split/reservoir_with_lowres.vtu,4881421,75ef9b55d54ca96eb0f6f5c290a6817ddb62f8e01e88427c0307491d3c0874d2
01_geometry_mesh/_out_yangyi_dfn_split/six_faces_vtu/yangyi_face_x_max.vtu,31635,6bd267a3e442189fabe2fd2f7613a07b33f1ad70fcdd5f984f79ce909a691369
01_geometry_mesh/_out_yangyi_dfn_split/six_faces_vtu/yangyi_face_x_min.vtu,28994,77afa3f10810b18fe2940656fea65bfd54ade398c041039a202b11d4cf318071
01_geometry_mesh/_out_yangyi_dfn_split/six_faces_vtu/yangyi_face_y_max.vtu,56283,77ae157b3ef080fc3d57abdb234b326c9e6d9bdc1b4d7307f83355895c9934a6
01_geometry_mesh/_out_yangyi_dfn_split/six_faces_vtu/yangyi_face_y_min.vtu,29464,51dd050df5179b99f808c6e9fd7de27907f753153d894828aeab3e7001c56251
01_geometry_mesh/_out_yangyi_dfn_split/six_faces_vtu/yangyi_face_z_max.vtu,34262,4e584aaa9cfeaab2aa27a8d6b7e7902559e81e002d6b03291f08fc18b2a751d2
01_geometry_mesh/_out_yangyi_dfn_split/six_faces_vtu/yangyi_face_z_min.vtu,33003,60805567feb49fa228e0059a7773d0ba2af040e9c01a42413f14bab6c1cbe984
01_geometry_mesh/_out_yangyi_dfn_split/yangyi_1d_intersections.vtu,73228,f0bce9723b5b7de964304e75bf0818ac5a75fb787bc2534ad3e3863dd0a870fe
01_geometry_mesh/_out_yangyi_dfn_split/yangyi_2d3d_fractures_matrix.vtu,18691245,cd43f6279942cf8fe03454968f98a26d7c4305f82d9378e577c8aa5e3191cbf4
01_geometry_mesh/_out_yangyi_dfn_split/yangyi_2d_fractures.vtu,2984041,bf06320964a6a1f590908e8fd43841304b462b171da8e507a517ace5be3a7f1a
01_geometry_mesh/_out_yangyi_dfn_split/yangyi_3d_matrix.vtu,16753337,15e354f333818ee24a78eb4e8c7c19cde267d25d60f1de6a6b335e00ee553b27
01_geometry_mesh/_out_yangyi_dfn_split/yangyi_unified_ogs.vtu,16534902,9b8d00281b9f73d9a1c2e19a29dec6b8ce80d339dc621cd42f5e7073fe547667
01_geometry_mesh/assign_well_cells_material_intersections_vtu.py,14362,025575c07f55710340fae5dc85e1c2abef4f330e1bcc19ba06f205f656181817
01_geometry_mesh/faults/F10_clipped.vtp,39530,9b0d2a9d5ace60ee198a4391604cf51d97cd40df8d002f7c8bb112400521fd89
01_geometry_mesh/faults/F11a_clipped.vtp,22346,8c63c5cd236aea2b6dbe6bcd7af978f53b3914159bb776300eb114dabb370fb4
01_geometry_mesh/faults/F11b_clipped.vtp,956062,23e4eb003611ca442778fef115940112864c3092a3e0b7ed2a590371c3235d7a
01_geometry_mesh/faults/F3_clipped.vtp,31258,313505078c69bf9a0308f57a0845682bc455c275516f2b1c2e7737bd647c2fad
01_geometry_mesh/faults/F5_North_clipped.vtp,290398,b2e7d8412f7de8edabf6753bc621b62c3cdede86ef607512172698a53ffb59a3
01_geometry_mesh/faults/F5_South_clipped.vtp,70366,8d61ac7c0500f22bca801b3dc20ce2bcb4678b464856600a0978ab7471d1de29
01_geometry_mesh/faults/F5_clipped.vtp,143154,4a6919884f93fb1a9936567c0eec1a9258ee48564fff8bf8d5ebe9e85f1932f5
01_geometry_mesh/faults/F8_clipped.vtp,38554,e6945ab5e47b9873129f87ad1a3d0be17590425bbe7675a525a660a607d8af6c
01_geometry_mesh/faults/F9a_clipped.vtp,254446,cb37016ae4714ab12e221f57957288c7449fe213358cd3c44033f98575c0d9e5
01_geometry_mesh/faults/F9b_clipped.vtp,100286,de7724c37dfeb813b2822a1d2b592e901c468d406b4328380dea9b9a7764afcc
01_geometry_mesh/faults/Readme.csv,114,4c477438e03336e6145517c931495ed5ba1f5dee8d6472a7230bb8a5dba49990
01_geometry_mesh/faults/estimate_fault_parameters_from_vtp.py,11171,174ba32d95da0fc8924153a8821b7dbaac90b163b936cdfb345213f59b779598
01_geometry_mesh/faults/faults_all.csv,1183,48eb80bf7159a1fac4bdf4d170c73f0d76906858d5ddf3a45579652e7cf2c1e6
01_geometry_mesh/faults/faults_all_from_vtp.csv,1182,89d535d2c95162b22fe2afac4068ac6b6847614f7b7f600029ce025b2e3299a2
01_geometry_mesh/faults/faults_estimated_diagnostics.csv,2838,37b1c7a908aefe9773a985f47e248384386a20686d2197f29c9cfc53d3c4fde1
01_geometry_mesh/faults_all.csv,1183,48eb80bf7159a1fac4bdf4d170c73f0d76906858d5ddf3a45579652e7cf2c1e6
01_geometry_mesh/generate_yangyi_dfn_split_outputs.py,25540,01923716e0cceabb0c0a66e67d229923286c9febcec6e2f33ea367fb0917f904
01_geometry_mesh/monitor_well/Monitoring well.xls,22528,d1ddbe518f9e7301ea3558681c1c887b0cc7f1d205f19c9883c96f77d178db12
01_geometry_mesh/well/YY_Well_ZK203_Planning_collar.csv,76,d5a336bf4f08e91ab9cfed87479e9fed64993847e2ddabc3a6a807f4e4c0da7c
01_geometry_mesh/well/YY_Well_ZK208_Planning_collar.csv,84,5de380b63b54995da87da6eb730d6109a2b4090bfe5004cdc4ecd54171b0546c
01_geometry_mesh/well/YY_Well_ZK403_Planning_collar.csv,84,8b33a0ab487eb92ca599e5b4d8f839d3133621e9cb08ee1f90acfc69ea9b741e
02_full_DFNM_reference/README.md,2980,211e90fb83c2877d63c341cbcc37841ae7691a0f5e69a95c68001b5ec2502796
02_full_DFNM_reference/REPRODUCIBILITY_NOTES.md,1270,1651ceba68cb1746d3183ac338a19827a38a9401eb71b4f2ad204fa8a0eda2d3
02_full_DFNM_reference/compare_simulated_observed_head_change_after20190113.py,22166,9d9bea04d5a70e4d23ba879f30d9b3edd8d80005618f8919380ef93904838e84
02_full_DFNM_reference/head_compare_after20190113/monitor_map_template.csv,552,076874bd08edf90f94e82039a9c1a2804e388f45e4566f3b8a28fff08f19ed37
02_full_DFNM_reference/input_mesh/reservoir_with_lowres.vtu,4881421,75ef9b55d54ca96eb0f6f5c290a6817ddb62f8e01e88427c0307491d3c0874d2
02_full_DFNM_reference/input_mesh/yangyi_face_x_max.vtu,31635,6bd267a3e442189fabe2fd2f7613a07b33f1ad70fcdd5f984f79ce909a691369
02_full_DFNM_reference/input_mesh/yangyi_face_x_min.vtu,28994,77afa3f10810b18fe2940656fea65bfd54ade398c041039a202b11d4cf318071
02_full_DFNM_reference/input_mesh/yangyi_face_y_max.vtu,56283,77ae157b3ef080fc3d57abdb234b326c9e6d9bdc1b4d7307f83355895c9934a6
02_full_DFNM_reference/input_mesh/yangyi_face_y_min.vtu,29464,51dd050df5179b99f808c6e9fd7de27907f753153d894828aeab3e7001c56251
02_full_DFNM_reference/input_mesh/yangyi_face_z_max.vtu,34262,4e584aaa9cfeaab2aa27a8d6b7e7902559e81e002d6b03291f08fc18b2a751d2
02_full_DFNM_reference/input_mesh/yangyi_face_z_min.vtu,33003,60805567feb49fa228e0059a7773d0ba2af040e9c01a42413f14bab6c1cbe984
02_full_DFNM_reference/monitor_map_after20190113.csv,552,076874bd08edf90f94e82039a9c1a2804e388f45e4566f3b8a28fff08f19ed37
02_full_DFNM_reference/monitoring/SC211_recommended_monitoring_bulk_nodes.vtu,1169,41461c57cfa54ed3381de6ab21ac45f074f30a56796e5d9edd1ed28ea768ebcb
02_full_DFNM_reference/monitoring/SC211_recommended_monitoring_points.csv,304,1fcff2d6b70ba3a778c4313a7720864f5c445af2eb14fe9d08db268453b987fa
02_full_DFNM_reference/monitoring/ZK204_recommended_monitoring_bulk_nodes.vtu,1160,f21b5d89b2167a9f0ca65913583d300296549a76453d4d383f1f2b4152e5f800
02_full_DFNM_reference/monitoring/ZK204_recommended_monitoring_points.csv,266,761a35a40a3093698ecaf5c748e73068d179582e347de2e3d9a87dc86f754cf0
02_full_DFNM_reference/monitoring/ZK206_recommended_monitoring_bulk_nodes.vtu,1225,c04ee655735283617835609809c758ad626d96d5d94fa84426b7e45934eeb09a
02_full_DFNM_reference/monitoring/ZK206_recommended_monitoring_points.csv,407,bf5f937bfca4144faa8b633c226cb76a81dbcd920771d1324bb5507ef390c8cd
02_full_DFNM_reference/monitoring/ZK207_recommended_monitoring_bulk_nodes.vtu,1225,5ce29ca23ca1223d19dd17391389e3a0326bba2172d9460ed24e23017b20049d
02_full_DFNM_reference/monitoring/ZK207_recommended_monitoring_points.csv,443,74f6844d4fa3f01f8fa17e342c44b80dcd3ddfb037922328d1c78a401ce3877e
02_full_DFNM_reference/monitoring/ZK401_recommended_monitoring_bulk_nodes.vtu,1226,b71667bb9e3c621eb4bbabd8568c5220abefea7d4457a0ca5e60e4a55d457af4
02_full_DFNM_reference/monitoring/ZK401_recommended_monitoring_points.csv,410,000c444996a866adacc1ebab431639ed15e4f70e0b3f9065d2fdb1cb8db9670b
02_full_DFNM_reference/monitoring/ZK402_recommended_monitoring_bulk_nodes.vtu,1228,c3dca4e4509dfdcf28b4c0d02f08ddc9ce71c1aa18b3653042f1fc0d3d031add
02_full_DFNM_reference/monitoring/ZK402_recommended_monitoring_points.csv,444,e1f266514fbd3fda99483d4f94cf0f8befef6b86ec2f78fd48af7ba974ee3b2f
02_full_DFNM_reference/monitoring/ZK501_bedrock_intersections_all.csv,2547,db55638b0dd60bef39972f41e6de724d1848a94822c23cae71d918d8fcaaa8dd
02_full_DFNM_reference/monitoring/ZK501_bedrock_single_monitoring_point.csv,362,d73b3e2ca7f17d7814b23522a0dfd6514a137587407ef4b7adf3832a6bd1a551
02_full_DFNM_reference/monitoring/ZK501_recommended_monitoring_bulk_nodes.vtu,1160,ec6135f521a99ff55d742f6a33d8a44f3971586b61df5687c3d9ab5cf6a37b0b
02_full_DFNM_reference/monitoring/ZK501_recommended_monitoring_points.csv,362,58d7f5325e6f7520ad57ebfb7e0aed144af9b48f1fcd3224c2669b6e5eb07294
02_full_DFNM_reference/monitoring/monitoring_exact_fault_lowres_intersections.csv,5004,4fc69e956828615612cee560e093b1e3de34f6e47f6d031290a6fd0e0763fd0b
02_full_DFNM_reference/monitoring/monitoring_merged_lowres_intervals.csv,308,be68d198927bdd93452b1373c37a76ac52078f4e30b181c4cbc82809a3eb1254
02_full_DFNM_reference/monitoring/monitoring_nearest_fault_candidates_top5.csv,7295,aaf26af6235bddfdf1318a209869c99c6410d500cf5fa467614e984634c68292
02_full_DFNM_reference/monitoring/recommended_monitoring_bulk_nodes_all7_ZK501_bedrock.vtu,1840,392d4c409925569e640bd60aa0b20ec2ed967bf9022de62c0da5eae4fa709f33
02_full_DFNM_reference/monitoring/recommended_monitoring_points_all7_ZK501_bedrock.csv,1904,4a75a3781561303846a07e3abef639525ded9f32a0c6185b0be5dc262b062bf5
02_full_DFNM_reference/observed_monitoring_delta_head.csv,9836,f4bffd342d752a285541498f628b27b25ea89bf4f3485b2c16dae91b523729a4
02_full_DFNM_reference/ogs_source_curves_after20190113_outlier_checked.csv,19722,d96cd50079c298afff79f1468683fc1ef9023ebcc0d75de754486e434e0aa29b
02_full_DFNM_reference/source_terms/ZK203_single_source_sink_bulk_node.vtu,1577,6cde0d6372452f55ba5418ba9e15f8200e1901b73bf8239d21c71a931a1015b1
02_full_DFNM_reference/source_terms/ZK208_single_source_sink_bulk_node.vtu,1577,a4a0dbbce207982c98204f29695ef3fb44a1cc702984ffe7f1a527c7d395ff37
02_full_DFNM_reference/source_terms/ZK403_single_source_sink_bulk_node.vtu,1574,1e0cfee73aa7a77c9f4966f38b7c00d1581565f0714d7afa444b97c93d6f6d56
02_full_DFNM_reference/source_terms/single_source_sink_points.csv,1050,de0f69347c5411cca32eeb22c63ab7a4bfcd3bb4223ed7b897f950dc6b4fa7d5
02_full_DFNM_reference/source_terms/source_sink_summary_for_prj.csv,680,ec075caabd47c1c854eabc57cc525352dc9133538dad8f06e4b69b50570acd4f
02_full_DFNM_reference/yangyi_actual_ops_after20190113_outlier_checked.prj,32564,1f1e840fd14c63e9f1acd8e74467968a81d8772cfb17a004675a2e0d8f32b844
02_full_DFNM_reference/yangyi_after_20190113_for_ogs.xlsx,92309,146afea6df89a8efd3079b2b4f62998bfaddf7d28d4382f65e1e68a151c0d703
03_DFN_LRZ_calibration/README.md,4325,f49588dcdcf7c0cc9896cd8fbf8e8d0062bbde92f6b61a53f9b9428fc2409f00
03_DFN_LRZ_calibration/REPRODUCIBILITY_NOTES.md,1687,c9066cf51629307d5d685bba7d52c64560acceb608bf1cc21ed129994ad11173
03_DFN_LRZ_calibration/c1_k9_2e-11_k10_4e-13_200d.prj,29822,9b404a4ecc03c39fb4c1866474f74174e419719170cf1405d9c1039f69d44eac
03_DFN_LRZ_calibration/compare.sh,392,6a1bee8e0f30aae933f72598f984bf2e2cc44168a1908d34d92cba612fd0c6d8
03_DFN_LRZ_calibration/compare_simulated_observed_head_change.py,22166,9d9bea04d5a70e4d23ba879f30d9b3edd8d80005618f8919380ef93904838e84
03_DFN_LRZ_calibration/compare_wellhead.sh,801,8813944a0e18f696521040f228684765980bdf71a2f6ae642b86f384fd1f3d64
03_DFN_LRZ_calibration/input_mesh/reservoir_with_lowres.vtu,3512040,d63be7471512fe490d6be14f94960eae8c20d8183f49713149e5b641631ace5b
03_DFN_LRZ_calibration/input_mesh/yangyi_face_x_max.vtu,31635,6bd267a3e442189fabe2fd2f7613a07b33f1ad70fcdd5f984f79ce909a691369
03_DFN_LRZ_calibration/input_mesh/yangyi_face_x_min.vtu,28994,77afa3f10810b18fe2940656fea65bfd54ade398c041039a202b11d4cf318071
03_DFN_LRZ_calibration/input_mesh/yangyi_face_y_max.vtu,56283,77ae157b3ef080fc3d57abdb234b326c9e6d9bdc1b4d7307f83355895c9934a6
03_DFN_LRZ_calibration/input_mesh/yangyi_face_y_min.vtu,29464,51dd050df5179b99f808c6e9fd7de27907f753153d894828aeab3e7001c56251
03_DFN_LRZ_calibration/input_mesh/yangyi_face_z_max.vtu,34262,4e584aaa9cfeaab2aa27a8d6b7e7902559e81e002d6b03291f08fc18b2a751d2
03_DFN_LRZ_calibration/input_mesh/yangyi_face_z_min.vtu,33003,60805567feb49fa228e0059a7773d0ba2af040e9c01a42413f14bab6c1cbe984
03_DFN_LRZ_calibration/monitoring/recommended_monitoring_bulk_nodes_all7_ZK501_bedrock.vtu,1840,392d4c409925569e640bd60aa0b20ec2ed967bf9022de62c0da5eae4fa709f33
03_DFN_LRZ_calibration/monitoring/recommended_monitoring_points_all7_ZK501_bedrock.csv,1904,4a75a3781561303846a07e3abef639525ded9f32a0c6185b0be5dc262b062bf5
03_DFN_LRZ_calibration/monitoring/recommended_monitoring_points_all7_ZK501_bedrock_noMatrix.csv,3215,42385ea5521b4fecdfa99ab270f8992be07a248a43cd3f88fc57f72435ccc439
03_DFN_LRZ_calibration/monitoring/yangyi_after_20190113_for_ogs.xlsx,92309,146afea6df89a8efd3079b2b4f62998bfaddf7d28d4382f65e1e68a151c0d703
03_DFN_LRZ_calibration/random_wellhead_calibration/README.md,1865,6992553dd085877b858395f1865d6f471d953c58828ab70028a239971cfb7e4c
03_DFN_LRZ_calibration/random_wellhead_calibration/best_calibrated.prj,29742,46377d193fdf1e69214a497ae1a9c17b08b7ad2f7a63f54b4c9f9a28bc983d73
03_DFN_LRZ_calibration/random_wellhead_calibration/joint_downhole_head_calibration/README.md,2784,4c8ce0ca3523d666a9643ed8e4d317877807dbb6e8263825ef46f5d498b0c110
03_DFN_LRZ_calibration/random_wellhead_calibration/joint_downhole_head_calibration/best_joint_calibrated.prj,29711,46da754c1c72763a6e3f817df8753ee8c189bc70a9dd1baf3f75a399e52caa01
03_DFN_LRZ_calibration/random_wellhead_calibration/joint_downhole_head_calibration/head_refinement/README.md,1938,5891938c9987bbeb95128558fe06728b9f0d154089e1fd54b3832461e30d8a82
03_DFN_LRZ_calibration/random_wellhead_calibration/joint_downhole_head_calibration/head_refinement/best_joint_calibrated.prj,29711,b1af0648786f9b55b236e3e74a05cf5cf8d34eb57ddde9f73ea94f65c724bc4e
03_DFN_LRZ_calibration/random_wellhead_calibration/joint_downhole_head_calibration/head_refinement/joint_parameter_settings.csv,2530,fd92249d4883a57e4560e03b264121ea78fbe494e251e1baa1744c7aed918f75
03_DFN_LRZ_calibration/random_wellhead_calibration/joint_downhole_head_calibration/head_refinement/projects/baseline_000.prj,29714,b02933c2124fba1ada7ebe013a567e63d83fbb0920ffce063663d1d463e0c269
03_DFN_LRZ_calibration/random_wellhead_calibration/joint_downhole_head_calibration/head_refinement/projects/informed_001.prj,29714,98cb1a16e5c62d4020fb5b2203eb9a80803ef70572ff4cd78367185a7476f580
03_DFN_LRZ_calibration/random_wellhead_calibration/joint_downhole_head_calibration/head_refinement/projects/joint_001.prj,29711,fefe3deae5f91bca6fb6dab4573e809e1e3c994e127f960cd345644f138b135d
03_DFN_LRZ_calibration/random_wellhead_calibration/joint_downhole_head_calibration/head_refinement/projects/joint_002.prj,29711,3160b99b6399610257085a1e850728e9b7bc646a2b21ccfe74fe068e073b9bbd
03_DFN_LRZ_calibration/random_wellhead_calibration/joint_downhole_head_calibration/head_refinement/projects/joint_003.prj,29711,a3ef4d21b3687ede99a607cabddde7dc8a8d09e436de193bca81d21ccf32b3fa
03_DFN_LRZ_calibration/random_wellhead_calibration/joint_downhole_head_calibration/head_refinement/projects/joint_004.prj,29711,7979178666d27e88ae00dcb7617d932c5335ac93dbaead44a2828a3813c51fab
03_DFN_LRZ_calibration/random_wellhead_calibration/joint_downhole_head_calibration/head_refinement/projects/joint_005.prj,29711,e2f7919287e8509b2c8f8cb4b6cea7e4251322b383f269bdf63ab07b3ab5b6a6
03_DFN_LRZ_calibration/random_wellhead_calibration/joint_downhole_head_calibration/head_refinement/projects/joint_006.prj,29711,dac8eb19295a6d181608b3cf6c5b941260b2163b05b436bbd77849c108e5cdaf
03_DFN_LRZ_calibration/random_wellhead_calibration/joint_downhole_head_calibration/head_refinement/projects/joint_007.prj,29711,b1af0648786f9b55b236e3e74a05cf5cf8d34eb57ddde9f73ea94f65c724bc4e
03_DFN_LRZ_calibration/random_wellhead_calibration/joint_downhole_head_calibration/head_refinement/projects/joint_008.prj,29711,77b966a37018bac7250dc229a37e26a52c18e434819ba1cc87922b45a8e19985
03_DFN_LRZ_calibration/random_wellhead_calibration/joint_downhole_head_calibration/head_refinement/projects/joint_009.prj,29711,5d4dcf5a0f2a06070026761b5e9625fb2469011254cc9efe36e6411a38313643
03_DFN_LRZ_calibration/random_wellhead_calibration/joint_downhole_head_calibration/head_refinement/projects/joint_010.prj,29711,8fe17c5cb22786cf30d9a860df2c8e057140d5795bcaede56f29a396e4932674
03_DFN_LRZ_calibration/random_wellhead_calibration/joint_downhole_head_calibration/head_refinement/projects/joint_011.prj,29711,ae9a710659029496da7c08458af6bf5228288973c69ed5d68b86d82af72d300e
03_DFN_LRZ_calibration/random_wellhead_calibration/joint_downhole_head_calibration/head_refinement/projects/joint_012.prj,29711,5f9ec601b062db1eac706f076af6fe9277297a6530997b3986545f9c35ece24e
03_DFN_LRZ_calibration/random_wellhead_calibration/joint_downhole_head_calibration/head_refinement/projects/joint_013.prj,29711,1dfc5c8e1ebbf33019a18b308be12f0d02cd0a83d9783fb83cdab0dec6b6d3a9
03_DFN_LRZ_calibration/random_wellhead_calibration/joint_downhole_head_calibration/head_refinement/projects/joint_014.prj,29711,3278ab766048073e615f7ae9a2de3cf91594793d22806a124280845a7c76adf7
03_DFN_LRZ_calibration/random_wellhead_calibration/joint_downhole_head_calibration/head_refinement/projects/joint_015.prj,29711,0be878aabc9aadc76e99ba6d3d9c95cfbf538601e939b2e06da9facf82addacb
03_DFN_LRZ_calibration/random_wellhead_calibration/joint_downhole_head_calibration/head_refinement/projects/joint_016.prj,29711,00ee9aea03c0c449156cd2b17e1d15861feb859dde5db9845c9bab5c0537924e
03_DFN_LRZ_calibration/random_wellhead_calibration/joint_downhole_head_calibration/head_refinement/projects/joint_017.prj,29711,27104690224719af88067275a176b9e41396927e1bbdf71741c19149d313b2f8
03_DFN_LRZ_calibration/random_wellhead_calibration/joint_downhole_head_calibration/head_refinement/projects/joint_018.prj,29711,dbc56f4c4b5026349c57124f880b44240f491eb81cdd55038fe3ef277e48f6b7
03_DFN_LRZ_calibration/random_wellhead_calibration/joint_downhole_head_calibration/head_refinement/projects/joint_019.prj,29711,f85a432ed544af80f73ca4a2fe8da2f86d28eef2d2651a822c8f59c72c7c976f
03_DFN_LRZ_calibration/random_wellhead_calibration/joint_downhole_head_calibration/head_refinement/projects/joint_020.prj,29711,28664547b0e4931ad38192e81d19cab17267fed022a02754de5358b9b933fbb8
03_DFN_LRZ_calibration/random_wellhead_calibration/joint_downhole_head_calibration/head_refinement/projects/joint_021.prj,29711,b59fb59af7b3178f229cc6630522aa356faa739e9af3ef168d535ab2cff6ee11
03_DFN_LRZ_calibration/random_wellhead_calibration/joint_downhole_head_calibration/head_refinement/projects/joint_022.prj,29711,9e9a04ccfee9bf3f80321681d972a830bd587e1fc5ee0700ea43335c65784780
03_DFN_LRZ_calibration/random_wellhead_calibration/joint_downhole_head_calibration/head_refinement/projects/joint_023.prj,29711,971396553fefaf2b5db949319b16fd6e9d4806e9f5e21144eafad8ea0be7d5ef
03_DFN_LRZ_calibration/random_wellhead_calibration/joint_downhole_head_calibration/head_refinement/projects/joint_024.prj,29711,c661c5f4bdadfe5a45c3a0fd82df4514f6ae2ddc70bcfd83d332bb6ac47b440c
03_DFN_LRZ_calibration/random_wellhead_calibration/joint_downhole_head_calibration/head_refinement/projects/joint_025.prj,29711,aaf47af956d8e0ffd3e0488237c7bf4adc9aa614b54661f12b3a2e0419aa24f9
03_DFN_LRZ_calibration/random_wellhead_calibration/joint_downhole_head_calibration/head_refinement/projects/joint_026.prj,29711,489aa145dec4c296de8a0dea79aeddb0491f00c7758082babe649fe39f06f18a
03_DFN_LRZ_calibration/random_wellhead_calibration/joint_downhole_head_calibration/head_refinement/projects/joint_027.prj,29711,07d1f19c71304d1708db124aacbf97f47b81243cd7d46c7f46b50739b3ccc5f0
03_DFN_LRZ_calibration/random_wellhead_calibration/joint_downhole_head_calibration/head_refinement/projects/joint_028.prj,29711,fe88cae122e90bf6093196be4943fe0d1b7f9193158c7ad8b00c541a40f43c5e
03_DFN_LRZ_calibration/random_wellhead_calibration/joint_downhole_head_calibration/head_refinement/projects/joint_029.prj,29711,46679bbc8de0453e0625d762c7b7dd18b012cdeb372fa4be0e9a331528b7fe64
03_DFN_LRZ_calibration/random_wellhead_calibration/joint_downhole_head_calibration/head_refinement/projects/joint_030.prj,29711,233cc473a78a1249c861eb3475d499ab8a3ef6b766f0fac2a0ff0228d8799319
03_DFN_LRZ_calibration/random_wellhead_calibration/joint_downhole_head_calibration/head_refinement/run_head_refinement.py,3008,ebcad583ab93ebe1f94aaa6fcb7631b12d88cecb2659bb40afea14ef64407009
03_DFN_LRZ_calibration/random_wellhead_calibration/joint_downhole_head_calibration/joint_parameter_settings.csv,4677,f22d140e046ff0dc465677b81739831cb6aa20f98f0de6f95f27c87272bfec24
03_DFN_LRZ_calibration/random_wellhead_calibration/joint_downhole_head_calibration/projects/baseline_000.prj,29714,f74b8cea16b4ce2b2fa89da53d6be5336f097cc12ccc8f432bfb68f896da4ae6
03_DFN_LRZ_calibration/random_wellhead_calibration/joint_downhole_head_calibration/projects/informed_001.prj,29714,2b833d0468c27a7872a7caba0d8eff3ea23c07fd4c444d7eb3b91196935a27d8
03_DFN_LRZ_calibration/random_wellhead_calibration/joint_downhole_head_calibration/projects/joint_001.prj,29711,87a784affbf5224ab3cbfc7a77d982eacf723b69036a5a11c2b205ebe42b5d95
03_DFN_LRZ_calibration/random_wellhead_calibration/joint_downhole_head_calibration/projects/joint_002.prj,29711,ecf9fd0bcdd67236c13908dad4a86d160ec9656f4e9135ebddbc2a9dd61dde17
03_DFN_LRZ_calibration/random_wellhead_calibration/joint_downhole_head_calibration/projects/joint_003.prj,29711,2951661cb5aa0426882c112eeee4f267861cefee0ea430af0e5083beab4acb0a
03_DFN_LRZ_calibration/random_wellhead_calibration/joint_downhole_head_calibration/projects/joint_004.prj,29711,10bcabcfe95327103d3cabb58dc86e3747cc4b0a3a67bf0ca99ea8b5e33d8c1a
03_DFN_LRZ_calibration/random_wellhead_calibration/joint_downhole_head_calibration/projects/joint_005.prj,29711,8e2396d8632b0a65830081f003bd8d932fa2655d94d4951ae2ef405d1a00ded9
03_DFN_LRZ_calibration/random_wellhead_calibration/joint_downhole_head_calibration/projects/joint_006.prj,29711,77b8bf20b2b83196bde0db688e1c000ca787532f15f8dc72a14c50b3d67f29c7
03_DFN_LRZ_calibration/random_wellhead_calibration/joint_downhole_head_calibration/projects/joint_007.prj,29711,4f47e9963536318f7ff73e3c24f58b04aa034afd02d66196822e7f9d51dbae5c
03_DFN_LRZ_calibration/random_wellhead_calibration/joint_downhole_head_calibration/projects/joint_008.prj,29711,25ce73eda4fd4a2f45285e20ebe1cad6f3955b4afff4bdd50594af3e5b47fc1a
03_DFN_LRZ_calibration/random_wellhead_calibration/joint_downhole_head_calibration/projects/joint_009.prj,29711,6af68f60c1f6173f72175a7ae9a3f5fc0b271a8316948d17c1130fcbcdd1f6fd
03_DFN_LRZ_calibration/random_wellhead_calibration/joint_downhole_head_calibration/projects/joint_010.prj,29711,09d6467e5733678da4c6c99ca7b4b79b5381957de9b51cb8af0a0e0c3362c4fb
03_DFN_LRZ_calibration/random_wellhead_calibration/joint_downhole_head_calibration/projects/joint_011.prj,29711,7b44fb75a38d51fb194d8bcca79f3d871126382036b6a52bf2ff3f272581cb4e
03_DFN_LRZ_calibration/random_wellhead_calibration/joint_downhole_head_calibration/projects/joint_012.prj,29711,92fc4cb8ef8ffa1ca22288ecb0012f161e82783ed1574cbf7e6ef5b1720fa63b
03_DFN_LRZ_calibration/random_wellhead_calibration/joint_downhole_head_calibration/projects/joint_013.prj,29711,b78259c5a25ab6e1ef1c2686eec35f2b9f213f4f34f4e6decdaa40b25657c132
03_DFN_LRZ_calibration/random_wellhead_calibration/joint_downhole_head_calibration/projects/joint_014.prj,29711,8b024c4291aad53638d46fecc862fff2eb5abef782fd14a5ce5c0515cac840a0
03_DFN_LRZ_calibration/random_wellhead_calibration/joint_downhole_head_calibration/projects/joint_015.prj,29711,64ce7268dc702bc344a9b379be12589daacacd697d0d73cfcea5225c5b73e849
03_DFN_LRZ_calibration/random_wellhead_calibration/joint_downhole_head_calibration/projects/joint_016.prj,29711,cfe21ce430ac0fd79d0b7b3e21e51f5c6c5ea33a4f10f6f87c3b14af57fa0a86
03_DFN_LRZ_calibration/random_wellhead_calibration/joint_downhole_head_calibration/projects/joint_017.prj,29711,4cc01a93cd938bc17c3b5a4e3135ece61a95c5a7c9f9e75602911b1106932519
03_DFN_LRZ_calibration/random_wellhead_calibration/joint_downhole_head_calibration/projects/joint_018.prj,29711,8117c06ce3c09367a110d9d4ebc8bdf4992c22726aef289f519e216b367fe3a0
03_DFN_LRZ_calibration/random_wellhead_calibration/joint_downhole_head_calibration/projects/joint_019.prj,29711,ea1951d8dba0ae36643ded18af056cda8918c283437795e74064590911085c20
03_DFN_LRZ_calibration/random_wellhead_calibration/joint_downhole_head_calibration/projects/joint_020.prj,29711,d7a822e35ae4dbcce178bc9b3699369dd253d46165d31c259f6be7a3cd19946c
03_DFN_LRZ_calibration/random_wellhead_calibration/joint_downhole_head_calibration/projects/joint_021.prj,29711,71fbf71ca8e6009231b172585660744fb23ebdd6c36a2dbbef433a53411bac7d
03_DFN_LRZ_calibration/random_wellhead_calibration/joint_downhole_head_calibration/projects/joint_022.prj,29711,0e53a5a667a30cb08c16429da7609bbcf285996b0f09f46fb445ce535f4abc02
03_DFN_LRZ_calibration/random_wellhead_calibration/joint_downhole_head_calibration/projects/joint_023.prj,29711,6efc300086acd22d9fab6e1562c96b7f0c868845b2fc663b8f4b773a454a9a97
03_DFN_LRZ_calibration/random_wellhead_calibration/joint_downhole_head_calibration/projects/joint_024.prj,29711,0cd4be4dc8363d3efea846361200fb5322e0602339647fd0fd72e72eb4894e75
03_DFN_LRZ_calibration/random_wellhead_calibration/joint_downhole_head_calibration/projects/joint_025.prj,29711,4af684ee60e9761108bdcf55d09983cc976c35f85d0737fd5f91a28ae711f7b4
03_DFN_LRZ_calibration/random_wellhead_calibration/joint_downhole_head_calibration/projects/joint_026.prj,29711,84385ba897cb949cbf75a37dbee9e920844e2256a10789114d25907d34b37887
03_DFN_LRZ_calibration/random_wellhead_calibration/joint_downhole_head_calibration/projects/joint_027.prj,29711,5f429c94329c0b905f56e902bb44f2d92985c57b9ca3de2b57a460c821ee86b6
03_DFN_LRZ_calibration/random_wellhead_calibration/joint_downhole_head_calibration/projects/joint_028.prj,29711,7f55da43bac67104e96d6f6670f1f90130941f7a4381fee69206b4eb77356d17
03_DFN_LRZ_calibration/random_wellhead_calibration/joint_downhole_head_calibration/projects/joint_029.prj,29711,3848ad96a348e8d1f2c61f18bf0515b9fc1b68c16768f931d57907874b75b777
03_DFN_LRZ_calibration/random_wellhead_calibration/joint_downhole_head_calibration/projects/joint_030.prj,29711,43cf78704bf7a55e5449eb91bd6e34cf1638986254deed0254d62936240a23bd
03_DFN_LRZ_calibration/random_wellhead_calibration/joint_downhole_head_calibration/projects/joint_031.prj,29711,df04874fa1ef3da64deced857e3128946b2905974d73a728377bdaf4e7ae9695
03_DFN_LRZ_calibration/random_wellhead_calibration/joint_downhole_head_calibration/projects/joint_032.prj,29711,46da754c1c72763a6e3f817df8753ee8c189bc70a9dd1baf3f75a399e52caa01
03_DFN_LRZ_calibration/random_wellhead_calibration/joint_downhole_head_calibration/projects/joint_033.prj,29711,6f58c937036d3906567ee7ee0c20cfeea2cf3c2b8c961c8a449ab621488d900b
03_DFN_LRZ_calibration/random_wellhead_calibration/joint_downhole_head_calibration/projects/joint_034.prj,29711,7117937728a6ac303cffffb25687831052c20d45e9316153856a81a23d40244d
03_DFN_LRZ_calibration/random_wellhead_calibration/joint_downhole_head_calibration/projects/joint_035.prj,29711,50ac23d6a48679ef567310d34c74131d2ac6fd31421f5285ec9f9012fb2eaa15
03_DFN_LRZ_calibration/random_wellhead_calibration/joint_downhole_head_calibration/projects/joint_036.prj,29711,427079c09990d8fe198bec3c8cbe89afd05e76efd0f14b38a08650a6b20392a8
03_DFN_LRZ_calibration/random_wellhead_calibration/joint_downhole_head_calibration/run_joint_calibration.py,19040,2ffc1b3d712e767630437c0735fa1b576d1d50c2ee999c0a5e1a6ca74fa91174
03_DFN_LRZ_calibration/random_wellhead_calibration/projects/baseline_000.prj,29744,07f64d0bc04a76d04c31c300b86cf4972c22755f7316056f5e2dcbbd5f47293b
03_DFN_LRZ_calibration/random_wellhead_calibration/projects/random_001.prj,29742,5fff5087f9640de240a2c776d579d77df836749dac1c0ac2e1571fe764cdac80
03_DFN_LRZ_calibration/random_wellhead_calibration/projects/random_002.prj,29742,c39d150b45ad17fc0085dc04f534779db029cecd4b05c65467b33629db7050e8
03_DFN_LRZ_calibration/random_wellhead_calibration/projects/random_003.prj,29742,11ec1c6f765578a830fc608b4737945c3c121702944ebe8c3a75e6ce64de8f4f
03_DFN_LRZ_calibration/random_wellhead_calibration/projects/random_004.prj,29742,2bf89df48223d0b6f5c3632975c180c40e4b4d5825745af70a7cbeba74c62d5a
03_DFN_LRZ_calibration/random_wellhead_calibration/projects/random_005.prj,29742,b8ffe5816d1ab1dc980bbf0077bd4a1049b7d41a0f76531aef0a7b737fe1dd08
03_DFN_LRZ_calibration/random_wellhead_calibration/projects/random_006.prj,29742,770f9c2b20cb76033d32956ed17c7377ff1e90a5410deb4be9e118c70ca9c649
03_DFN_LRZ_calibration/random_wellhead_calibration/projects/random_007.prj,29742,ee9bf8a50414ae5cf094be4a2f791c59b9a3b75674f117c5b881b998ee326a25
03_DFN_LRZ_calibration/random_wellhead_calibration/projects/random_008.prj,29742,7d061bfda59b65281dbb838bfefadf800c983dac8a11c1aa89675d485a5320c2
03_DFN_LRZ_calibration/random_wellhead_calibration/projects/random_009.prj,29742,5ba8a66aef89d21c10018ecde8a84b5ced6cb4933416adf3627cda3161473415
03_DFN_LRZ_calibration/random_wellhead_calibration/projects/random_010.prj,29742,c46dec7d41ea9114d219788a9f0cf9cddbe99a0ac57bc95085b352d22a3980b8
03_DFN_LRZ_calibration/random_wellhead_calibration/projects/random_011.prj,29742,b586206b35a077651e54a51349bf41bdd4dbaadf78a1b9c842409c367459aec2
03_DFN_LRZ_calibration/random_wellhead_calibration/projects/random_012.prj,29742,d9c2075f4c90e1ad431257d2f40342f49d81f3541967e3a7648621d4b70cb509
03_DFN_LRZ_calibration/random_wellhead_calibration/projects/random_013.prj,29742,991dd53b0f28d2d8e52b5f8385a0351550d902cf2e98ead5348e31082bca8e4f
03_DFN_LRZ_calibration/random_wellhead_calibration/projects/random_014.prj,29742,6c4d46ea5f6f1c97c9474bb9a402954f11bd82f055b77a453398f07f7269e7be
03_DFN_LRZ_calibration/random_wellhead_calibration/projects/random_015.prj,29742,7ff5897c200fd02e9bf0c1634f262fd8d7eb0d67d37e5779ad613d075321f11c
03_DFN_LRZ_calibration/random_wellhead_calibration/projects/random_016.prj,29742,46377d193fdf1e69214a497ae1a9c17b08b7ad2f7a63f54b4c9f9a28bc983d73
03_DFN_LRZ_calibration/random_wellhead_calibration/projects/random_017.prj,29742,86c1a897acfdcf2f9450a6cb8b2f24c60447c70b5aabed17de176eff139721d1
03_DFN_LRZ_calibration/random_wellhead_calibration/projects/random_018.prj,29742,eb6499b5cd8c33784b2ee3b980ddcd4f8e5ad276eccae4971feb6755f434dbe2
03_DFN_LRZ_calibration/random_wellhead_calibration/projects/random_019.prj,29742,45f1af24d92b4f622f057411eb556721cae9a0e10daaaa81ca2fa9ac6ebca102
03_DFN_LRZ_calibration/random_wellhead_calibration/projects/random_020.prj,29742,3a0e79e95316b2d7737344195139bf2ed1a4bffb04bd87b465656ec3a445669a
03_DFN_LRZ_calibration/random_wellhead_calibration/projects/random_021.prj,29742,036b45c15c5cca419eb5bbb6b3a446447ef0eca30631a48d1295a864fde38a06
03_DFN_LRZ_calibration/random_wellhead_calibration/projects/random_022.prj,29742,0eff9e72ed56d3882362d9c766c3cc894aea1740a0a7dbb31dd000124e285b2d
03_DFN_LRZ_calibration/random_wellhead_calibration/projects/random_023.prj,29742,b39d878a8efb4cf9945b1634284f5643e1546267eeb89e0a12dba7ff71b0df0d
03_DFN_LRZ_calibration/random_wellhead_calibration/projects/random_024.prj,29742,8494569227a2f52173604698360d3bd55793d87aa6a70f69b665f16bafb1403f
03_DFN_LRZ_calibration/random_wellhead_calibration/random_permeability_settings.csv,2352,3f8b53d667dc7af6651d0a2aaf9df6723e5b18832658ce1c842109f717cebd68
03_DFN_LRZ_calibration/random_wellhead_calibration/refined_sweep/README.md,862,8ca5babc82c8408134610df539465d8cfd2ad25cc2d24f9b4ca61f5cbcf6618e
03_DFN_LRZ_calibration/random_wellhead_calibration/refined_sweep/best_calibrated.prj,29742,3c0633f3e1e53d83ead2f8d5208c57d8b96dd151dec7d0b86d44f6b2028869ab
03_DFN_LRZ_calibration/random_wellhead_calibration/refined_sweep/best_hydraulic_head_comparison/README.md,1509,e4f23c0a7515c7461e36bd805318e443a8d492873012eec5e189e096dd7c18d9
03_DFN_LRZ_calibration/random_wellhead_calibration/refined_sweep/projects/baseline_000.prj,29744,fb8fedb5c34e007f52d8c3858b5748e16538d1bafbfa035fb2df3236819aa17f
03_DFN_LRZ_calibration/random_wellhead_calibration/refined_sweep/projects/random_001.prj,29742,fcfee3d060973978127e3bb555841b3cda7508c2734b672198d663a968d99f38
03_DFN_LRZ_calibration/random_wellhead_calibration/refined_sweep/projects/random_002.prj,29742,5c2e694ebcf4fefc54a8cf5599c04c9ea107393745047468b7cdb00a7766ea84
03_DFN_LRZ_calibration/random_wellhead_calibration/refined_sweep/projects/random_003.prj,29742,187f3aa3318463f08f8d40e589ef64a80ef4ca75a7ba3dfbab6552d8c027105c
03_DFN_LRZ_calibration/random_wellhead_calibration/refined_sweep/projects/random_004.prj,29742,f38d85fe951df0d41b06ccee9d3e2f2d2a99d9650a4006b4c53ea096420de5b2
03_DFN_LRZ_calibration/random_wellhead_calibration/refined_sweep/projects/random_005.prj,29742,fb02a58b7ba9e0ef41f66c1f67f7af766408fc9c5a9511ed51ef07b6931cbca9
03_DFN_LRZ_calibration/random_wellhead_calibration/refined_sweep/projects/random_006.prj,29742,ca52ba8a3cffcd9ea3e4d245238b1a6c89b7c5600560a6a5f1e751686c0b5d91
03_DFN_LRZ_calibration/random_wellhead_calibration/refined_sweep/projects/random_007.prj,29742,fea70d2f7df785dcaa4107b933e364eed2d28cf8cac1dc4d1cee106f572cd84f
03_DFN_LRZ_calibration/random_wellhead_calibration/refined_sweep/projects/random_008.prj,29742,91010a078dfbffdc5e4c89db3fac90a80f8b43ae4c48c0243f46f11885a59795
03_DFN_LRZ_calibration/random_wellhead_calibration/refined_sweep/projects/random_009.prj,29742,dccdcce5588bce3b9aa71a2b0012a99314965aa3ad23ec07025684e3167f9628
03_DFN_LRZ_calibration/random_wellhead_calibration/refined_sweep/projects/random_010.prj,29742,8cfafdbd406f315b65c3e30668dcc66804d792a1258749fea4e406cbc674d959
03_DFN_LRZ_calibration/random_wellhead_calibration/refined_sweep/projects/random_011.prj,29742,81774344f66fea61823679c9322864369b6388d4141dbf0236d2727750e51bc0
03_DFN_LRZ_calibration/random_wellhead_calibration/refined_sweep/projects/random_012.prj,29742,eddf68290b81563de85f3ebffdfc876f4746e271b56d9d0521027c70baee8958
03_DFN_LRZ_calibration/random_wellhead_calibration/refined_sweep/projects/random_013.prj,29742,3828b3931b25d63cc2fba4c6107a057446e3a27f067ff678705286d223c8231f
03_DFN_LRZ_calibration/random_wellhead_calibration/refined_sweep/projects/random_014.prj,29742,052ae7351efab7223197d354f438a21683b545fd0d31d83babe28e2165433f6a
03_DFN_LRZ_calibration/random_wellhead_calibration/refined_sweep/projects/random_015.prj,29742,fcf87c10c2b2337fd654ba846edc65d2afa833cfe71a603d943c543211d33eb1
03_DFN_LRZ_calibration/random_wellhead_calibration/refined_sweep/projects/random_016.prj,29742,3c0633f3e1e53d83ead2f8d5208c57d8b96dd151dec7d0b86d44f6b2028869ab
03_DFN_LRZ_calibration/random_wellhead_calibration/refined_sweep/projects/random_017.prj,29742,f49f1acd6117c74b83d6b87cb58b30e4c0a7232fe58fd7a8373303c409055f8b
03_DFN_LRZ_calibration/random_wellhead_calibration/refined_sweep/projects/random_018.prj,29742,aa6278018e9db9dc677bfe1e2755d783428aabdd3380d6f8751b1a87adb43407
03_DFN_LRZ_calibration/random_wellhead_calibration/refined_sweep/projects/random_019.prj,29742,06f6eeff537ab694bd89530fef0bb3c0db120afc98f05bcc047fb6b0be14d5fe
03_DFN_LRZ_calibration/random_wellhead_calibration/refined_sweep/projects/random_020.prj,29742,69723dabc50f262cddcf91510a1af9569817a73aa7637bc1b4d0d97bdba1fe7d
03_DFN_LRZ_calibration/random_wellhead_calibration/refined_sweep/projects/random_021.prj,29742,25dbe41f3ef1e2c084bc9be72795199f13a7665668ffe67344d0fc09c719c08c
03_DFN_LRZ_calibration/random_wellhead_calibration/refined_sweep/projects/random_022.prj,29742,fd447132ea93601f4d1b365b507bf9ee3709f5bcc132c662179586df7ebbe4c7
03_DFN_LRZ_calibration/random_wellhead_calibration/refined_sweep/projects/random_023.prj,29742,2c1eba67b458b0affd53bfb9acc895272885d0f63baa8ec3ada072df394b508f
03_DFN_LRZ_calibration/random_wellhead_calibration/refined_sweep/projects/random_024.prj,29742,02223c25b6239f20a628060d1ad17f3f90e6a2b4218234ea8d4a2c8f51757c8b
03_DFN_LRZ_calibration/random_wellhead_calibration/refined_sweep/random_permeability_settings.csv,2413,7930a7ec7a058b18e9a3db964a4eb5c0ff8a4744490883ec67c14cf3e4d54797
03_DFN_LRZ_calibration/random_wellhead_calibration/refined_sweep/run_best_head_comparison.sh,933,def62d0e8b03b2af98e8c73efb67222244fb234f860183adb750dae2777da0e6
03_DFN_LRZ_calibration/random_wellhead_calibration/refined_sweep/run_refined_calibration.py,1059,b23a6e604fe3403596b4c31c71217f6131782be09e5565957df265568335c3d3
03_DFN_LRZ_calibration/random_wellhead_calibration/run_random_calibration.py,12518,ba76c7acfe72efd5f95d71d9734b262bdcde795ab2d43e664bf0176e7582ff93
03_DFN_LRZ_calibration/requirements.txt,48,5342c1413e7f4184e895ea13847fef58c18bc26cbf0d0b9dceb464731e64f4b7
03_DFN_LRZ_calibration/run.sh,149,7caad6b763cbcb888993305afc9de0393abfec8d0713fd0ff65f4a55175ab477
03_DFN_LRZ_calibration/source_terms/ZK203_single_source_sink_bulk_node.vtu,3344,58e4c6071e1cc14b9d78ac43f80d671988dc8e3640afbe6a4aef993aaa29aa77
03_DFN_LRZ_calibration/source_terms/ZK208_single_source_sink_bulk_node.vtu,3203,ce3c2a6309e7ba0d7e13e1edcc31e510572125aa79e5fa659ea70e618c0b6d06
03_DFN_LRZ_calibration/source_terms/ZK403_single_source_sink_bulk_node.vtu,3203,c73d53e8f375167b5882db0fd301f6acdcc1fc8f2e1e172cb9e806133c75cedf
03_DFN_LRZ_calibration/wellhead_pressure/comparison_observed/clean_six_line_pressure_data.xlsx,15431,3a52391485ae0c17a8c5767b50b44703a3433a713c10189429b90bfef780d413
04_four_model_comparison/DFN/ZK208_2d_source.vtu,1254,39c0ce118948346acc8157255cd1fc48ca387424efbd53cd97184315b41a88b6
04_four_model_comparison/DFN/ZK403_2d_source.vtu,1257,c53c00502cc9e38f5db8e29206955f45b126ef60b5e1312cd5e2c20acfd8b58c
04_four_model_comparison/DFN/bestfit_DFN_200d.prj,26351,e672b696c7c5d09772fadd60f8661bdc4d5f61b165bf7f8c94e1bdedc066e5ee
04_four_model_comparison/DFN/yangyi_2d_fractures.vtu,2984041,bf06320964a6a1f590908e8fd43841304b462b171da8e507a517ace5be3a7f1a
04_four_model_comparison/DFN-LRZ/bestfit_DFNM_LRZ_200d.prj,29871,6c72e9cb8ff5af0306dc78f2a86e46e147fa52764c2adf5d477564f574f18496
04_four_model_comparison/DFN-LRZ/input_mesh/reservoir_with_lowres.vtu,3512040,d63be7471512fe490d6be14f94960eae8c20d8183f49713149e5b641631ace5b
04_four_model_comparison/DFN-LRZ/input_mesh/yangyi_face_x_max.vtu,31635,6bd267a3e442189fabe2fd2f7613a07b33f1ad70fcdd5f984f79ce909a691369
04_four_model_comparison/DFN-LRZ/input_mesh/yangyi_face_x_min.vtu,28994,77afa3f10810b18fe2940656fea65bfd54ade398c041039a202b11d4cf318071
04_four_model_comparison/DFN-LRZ/input_mesh/yangyi_face_y_max.vtu,56283,77ae157b3ef080fc3d57abdb234b326c9e6d9bdc1b4d7307f83355895c9934a6
04_four_model_comparison/DFN-LRZ/input_mesh/yangyi_face_y_min.vtu,29464,51dd050df5179b99f808c6e9fd7de27907f753153d894828aeab3e7001c56251
04_four_model_comparison/DFN-LRZ/input_mesh/yangyi_face_z_max.vtu,34262,4e584aaa9cfeaab2aa27a8d6b7e7902559e81e002d6b03291f08fc18b2a751d2
04_four_model_comparison/DFN-LRZ/input_mesh/yangyi_face_z_min.vtu,33003,60805567feb49fa228e0059a7773d0ba2af040e9c01a42413f14bab6c1cbe984
04_four_model_comparison/DFN-LRZ/monitoring/recommended_monitoring_bulk_nodes_all7_ZK501_bedrock.vtu,1840,392d4c409925569e640bd60aa0b20ec2ed967bf9022de62c0da5eae4fa709f33
04_four_model_comparison/DFN-LRZ/source_terms/ZK203_single_source_sink_bulk_node.vtu,3344,58e4c6071e1cc14b9d78ac43f80d671988dc8e3640afbe6a4aef993aaa29aa77
04_four_model_comparison/DFN-LRZ/source_terms/ZK208_single_source_sink_bulk_node.vtu,3203,ce3c2a6309e7ba0d7e13e1edcc31e510572125aa79e5fa659ea70e618c0b6d06
04_four_model_comparison/DFN-LRZ/source_terms/ZK403_single_source_sink_bulk_node.vtu,3203,c73d53e8f375167b5882db0fd301f6acdcc1fc8f2e1e172cb9e806133c75cedf
04_four_model_comparison/DFNM/archive_without_lrz_20260816/bestfit_DFNM_200d_without_lrz.prj,31383,1039a8e7269d710b2af4a76d373a69dd0073b200ed8c467d441f212244edd52c
04_four_model_comparison/DFNM/bestfit_DFNM_200d.prj,31383,1039a8e7269d710b2af4a76d373a69dd0073b200ed8c467d441f212244edd52c
04_four_model_comparison/DFNM/input_mesh/reservoir_without_lrz.vtu,18691245,cd43f6279942cf8fe03454968f98a26d7c4305f82d9378e577c8aa5e3191cbf4
04_four_model_comparison/DFNM/input_mesh/yangyi_face_x_max.vtu,31635,6bd267a3e442189fabe2fd2f7613a07b33f1ad70fcdd5f984f79ce909a691369
04_four_model_comparison/DFNM/input_mesh/yangyi_face_x_min.vtu,28994,77afa3f10810b18fe2940656fea65bfd54ade398c041039a202b11d4cf318071
04_four_model_comparison/DFNM/input_mesh/yangyi_face_y_max.vtu,56283,77ae157b3ef080fc3d57abdb234b326c9e6d9bdc1b4d7307f83355895c9934a6
04_four_model_comparison/DFNM/input_mesh/yangyi_face_y_min.vtu,29464,51dd050df5179b99f808c6e9fd7de27907f753153d894828aeab3e7001c56251
04_four_model_comparison/DFNM/input_mesh/yangyi_face_z_max.vtu,34262,4e584aaa9cfeaab2aa27a8d6b7e7902559e81e002d6b03291f08fc18b2a751d2
04_four_model_comparison/DFNM/input_mesh/yangyi_face_z_min.vtu,33003,60805567feb49fa228e0059a7773d0ba2af040e9c01a42413f14bab6c1cbe984
04_four_model_comparison/DFNM/monitoring/recommended_monitoring_bulk_nodes_all7_ZK501_bedrock.vtu,1840,392d4c409925569e640bd60aa0b20ec2ed967bf9022de62c0da5eae4fa709f33
04_four_model_comparison/DFNM/source_terms/ZK203_single_source_sink_bulk_node.vtu,1577,6cde0d6372452f55ba5418ba9e15f8200e1901b73bf8239d21c71a931a1015b1
04_four_model_comparison/DFNM/source_terms/ZK208_single_source_sink_bulk_node.vtu,1577,a4a0dbbce207982c98204f29695ef3fb44a1cc702984ffe7f1a527c7d395ff37
04_four_model_comparison/DFNM/source_terms/ZK403_single_source_sink_bulk_node.vtu,1574,1e0cfee73aa7a77c9f4966f38b7c00d1581565f0714d7afa444b97c93d6f6d56
04_four_model_comparison/DFNM-LRZ/bestfit_DFNM_LRZ_200d.prj,31387,002d6a091f3b956d5d40850b2c4b248a120056fdb160b2886baa0001a2419e31
04_four_model_comparison/DFNM-LRZ/input_mesh/reservoir_with_lowres.vtu,4881421,75ef9b55d54ca96eb0f6f5c290a6817ddb62f8e01e88427c0307491d3c0874d2
04_four_model_comparison/DFNM-LRZ/input_mesh/yangyi_face_x_max.vtu,31635,6bd267a3e442189fabe2fd2f7613a07b33f1ad70fcdd5f984f79ce909a691369
04_four_model_comparison/DFNM-LRZ/input_mesh/yangyi_face_x_min.vtu,28994,77afa3f10810b18fe2940656fea65bfd54ade398c041039a202b11d4cf318071
04_four_model_comparison/DFNM-LRZ/input_mesh/yangyi_face_y_max.vtu,56283,77ae157b3ef080fc3d57abdb234b326c9e6d9bdc1b4d7307f83355895c9934a6
04_four_model_comparison/DFNM-LRZ/input_mesh/yangyi_face_y_min.vtu,29464,51dd050df5179b99f808c6e9fd7de27907f753153d894828aeab3e7001c56251
04_four_model_comparison/DFNM-LRZ/input_mesh/yangyi_face_z_max.vtu,34262,4e584aaa9cfeaab2aa27a8d6b7e7902559e81e002d6b03291f08fc18b2a751d2
04_four_model_comparison/DFNM-LRZ/input_mesh/yangyi_face_z_min.vtu,33003,60805567feb49fa228e0059a7773d0ba2af040e9c01a42413f14bab6c1cbe984
04_four_model_comparison/DFNM-LRZ/monitoring/recommended_monitoring_bulk_nodes_all7_ZK501_bedrock.vtu,1840,392d4c409925569e640bd60aa0b20ec2ed967bf9022de62c0da5eae4fa709f33
04_four_model_comparison/DFNM-LRZ/source_terms/ZK203_single_source_sink_bulk_node.vtu,1577,6cde0d6372452f55ba5418ba9e15f8200e1901b73bf8239d21c71a931a1015b1
04_four_model_comparison/DFNM-LRZ/source_terms/ZK208_single_source_sink_bulk_node.vtu,1577,a4a0dbbce207982c98204f29695ef3fb44a1cc702984ffe7f1a527c7d395ff37
04_four_model_comparison/DFNM-LRZ/source_terms/ZK403_single_source_sink_bulk_node.vtu,1574,1e0cfee73aa7a77c9f4966f38b7c00d1581565f0714d7afa444b97c93d6f6d56
04_four_model_comparison/README.md,3868,92e7c2703eda8aaf87cf5c68acb7eb55a2e1e0488a5486c9f7a6049ceb0d4ee1
04_four_model_comparison/REPRODUCIBILITY_NOTES.md,1232,5e1e483d5ddda9f8e96ead32ea7a982a4e5c2a72cf14332a7fcb6c81ae754b97
04_four_model_comparison/build_cases.py,8157,61fb114194ee0e2f76f3769c6c3edac0e39f92f36b14ad21961f54b6562f2f25
04_four_model_comparison/finalize_head_comparison_when_dfnm_finishes.sh,510,822daa78642d447cfd968eba3a1fc1ba87136354b4dd6aefdb89c6daf60176b5
04_four_model_comparison/monitoring_data/recommended_monitoring_points_full.csv,1904,4a75a3781561303846a07e3abef639525ded9f32a0c6185b0be5dc262b062bf5
04_four_model_comparison/monitoring_data/recommended_monitoring_points_noMatrix.csv,3215,42385ea5521b4fecdfa99ab270f8992be07a248a43cd3f88fc57f72435ccc439
04_four_model_comparison/monitoring_data/yangyi_after_20190113_for_ogs.xlsx,92309,146afea6df89a8efd3079b2b4f62998bfaddf7d28d4382f65e1e68a151c0d703
04_four_model_comparison/permeability_transfer.csv,2672,d09a67ea2a41462bdae1d95c3847fbc78cc3aef6f0e55b5a1a226f2f9fbca20d
04_four_model_comparison/plot_final_field_comparisons.py,4440,6d688bbed8bdbedfd768042ee85945b3e8b93e9a70b28fd19c30e843004c2ddb
04_four_model_comparison/plot_monitoring_head_comparisons.py,21100,7a168712219706c18b893fc88d037cdd31bab9e13d6edab3c3086c3c40f2ade5
04_four_model_comparison/plot_monitoring_head_comparisons_portable.py,21035,8e64ca5e406f58fd927f6290225f8c30adc5563694f669b5750e5e9ea9a8ba4c
04_four_model_comparison/plot_well_pressure_comparisons.py,17181,5824be6746a4863afbb273fffcfae29e2fd2e0ab10d79e377cfc91ea7891a108
04_four_model_comparison/plot_well_pressure_comparisons_portable.py,17230,2aa2b6346fcedca989ea25debe42d9b224917f9c13a7adc04318df06f5d70fb4
04_four_model_comparison/run_all.sh,793,c8c4ae9d44035a6915d4b6ef827fd650928a850f2aab037374e2e87b0ba19d82
04_four_model_comparison/source_mapping_audit.csv,841,09dbbd64637efad9dcf6f4dfba7ce5f542231023759db346d3eea828653420ba
04_four_model_comparison/status.sh,737,bb8da0783a9ddd3325a897a9018bf2d963b2edd7fcca0a4db50069f8ed669d7f
05_tracer_calibration_sweeps/README.md,778,e21733b72ba58cb5d0e42595f8c3899faaf88065e44704f461bb9797730ffcf2
05_tracer_calibration_sweeps/REPRODUCIBILITY_NOTES.md,1699,3b5bca0cb48d1883671950f007e54f74ea11434e79accda6f6cbd8fb21f0a500
05_tracer_calibration_sweeps/joint_parameter_design.csv,2356,271e8647766ae2eb3802c832d54861977fda4802e8a71a3ffd8394feda7a2f87
05_tracer_calibration_sweeps/observed_tracer_ZK203_ZK208.csv,4746,dd1dab67910f54e052f553c36712d7ff64167e0bbe66a6fd58b504db1147bb44
05_tracer_calibration_sweeps/plot_best_case_single_axis.py,2156,b02b2f46b600b376f1aa84be3c3f1b121c362fcab04f13e85542660c508063e5
05_tracer_calibration_sweeps/run_joint_sweep.py,17673,8c31c73c1474f9984e746ae08e336c4a4da46379c74a8cb602edd46010e1d9f0
05_tracer_calibration_sweeps/runs/anchor_100C/README.md,634,c4bc3df783081eb1a85aa1da4ae9f84be1aee75a2524c2b10eb13f0debde8815
05_tracer_calibration_sweeps/runs/anchor_100C/case6_joint_anchor_100C.prj,131979,d55841b4abe7a9e35a1df0d98a730379d8e04262d769dbbc1ab3f9d92156a13a
05_tracer_calibration_sweeps/runs/anchor_100C/case6_joint_anchor_100C_portable.prj,131377,e20dc47477a745dc8c9c0a3aecc55a61ca572bc0d930974bb027ce44aa77089b
05_tracer_calibration_sweeps/runs/anchor_100C/input_mesh/D_diversion_outlet.vtu,1213,c3842ecc043bd4c158817ce52687bdcfdfa1d85b9f766c5a1024ba2d8a32fad5
05_tracer_calibration_sweeps/runs/anchor_100C/input_mesh/M203_clean_water.vtu,1213,bfea0dbc2f5ac79dc9e016611d7d6e74432056043f7545721e23173b12e90bfe
05_tracer_calibration_sweeps/runs/anchor_100C/input_mesh/M208_clean_water.vtu,1213,e20aa3f4515bc37ca8ae8c98aaf0c574d9ff071504bf7e96acec30606fd305a4
05_tracer_calibration_sweeps/runs/anchor_100C/input_mesh/S.vtu,1213,c0ad2237434d279a145f44b48b2cac89a86d2c87338aafceaac4ee8a04f32a09
05_tracer_calibration_sweeps/runs/anchor_100C/input_mesh/S203.vtu,1213,8896bb60ddc1c32c3b78cf8bff4689ad215021ee11b633b9138936e5ebd2cf2e
05_tracer_calibration_sweeps/runs/anchor_100C/input_mesh/S208.vtu,1213,3a3fda078a6ed2e974f4744596d6c1fccef174af8c854b341ecc59fa5a938426
05_tracer_calibration_sweeps/runs/anchor_100C/input_mesh/ZK203.vtu,1213,cb36b27735742795f2f4883d035f0e88f3b48fcaf9366221736ff55ffa73de1f
05_tracer_calibration_sweeps/runs/anchor_100C/input_mesh/ZK208.vtu,1213,22519bea0b50f328ac4897eb050b1d102772b47b657095d3e287fdf5deac32bd
05_tracer_calibration_sweeps/runs/anchor_100C/input_mesh/ZK403.vtu,1213,258cfa8878bdebd1db27c11cec5b9c00af7c30a827b6a19e715d0e90bd85fdb9
05_tracer_calibration_sweeps/runs/anchor_100C/input_mesh/four_pipes_with_storage.vtu,15653,7a353841a9fa600197cb53b5789ec3b185bc953975bb7764fa979753278149d8
05_tracer_calibration_sweeps/runs/anchor_120C/README.md,634,f298a896b5a2c9fed2f7d9b9e6dc068a126b220b07e7799b9ae1de584c41096b
05_tracer_calibration_sweeps/runs/anchor_120C/case6_joint_anchor_120C.prj,132464,1478498058dcce1615e007640e814eccff619985345f0dff42f7b0642ede70dd
05_tracer_calibration_sweeps/runs/anchor_120C/case6_joint_anchor_120C_portable.prj,131862,c082d38815820f42009e0b9fc124d6a562a3d1aa2fb6fe6e82566fcd9041da23
05_tracer_calibration_sweeps/runs/anchor_120C/input_mesh/D_diversion_outlet.vtu,1213,c3842ecc043bd4c158817ce52687bdcfdfa1d85b9f766c5a1024ba2d8a32fad5
05_tracer_calibration_sweeps/runs/anchor_120C/input_mesh/M203_clean_water.vtu,1213,bfea0dbc2f5ac79dc9e016611d7d6e74432056043f7545721e23173b12e90bfe
05_tracer_calibration_sweeps/runs/anchor_120C/input_mesh/M208_clean_water.vtu,1213,e20aa3f4515bc37ca8ae8c98aaf0c574d9ff071504bf7e96acec30606fd305a4
05_tracer_calibration_sweeps/runs/anchor_120C/input_mesh/S.vtu,1213,c0ad2237434d279a145f44b48b2cac89a86d2c87338aafceaac4ee8a04f32a09
05_tracer_calibration_sweeps/runs/anchor_120C/input_mesh/S203.vtu,1213,8896bb60ddc1c32c3b78cf8bff4689ad215021ee11b633b9138936e5ebd2cf2e
05_tracer_calibration_sweeps/runs/anchor_120C/input_mesh/S208.vtu,1213,3a3fda078a6ed2e974f4744596d6c1fccef174af8c854b341ecc59fa5a938426
05_tracer_calibration_sweeps/runs/anchor_120C/input_mesh/ZK203.vtu,1213,cb36b27735742795f2f4883d035f0e88f3b48fcaf9366221736ff55ffa73de1f
05_tracer_calibration_sweeps/runs/anchor_120C/input_mesh/ZK208.vtu,1213,22519bea0b50f328ac4897eb050b1d102772b47b657095d3e287fdf5deac32bd
05_tracer_calibration_sweeps/runs/anchor_120C/input_mesh/ZK403.vtu,1213,258cfa8878bdebd1db27c11cec5b9c00af7c30a827b6a19e715d0e90bd85fdb9
05_tracer_calibration_sweeps/runs/anchor_120C/input_mesh/four_pipes_with_storage.vtu,15653,875fbb7313ec0a009e8e345d508c6a05f0d58d662082cd99a8719274881dc5d9
05_tracer_calibration_sweeps/runs/anchor_60C/README.md,605,6a7093237978e0349ae8690cd2b9f00d579cccceb8da5c9ced5c41967085c472
05_tracer_calibration_sweeps/runs/anchor_60C/case6_joint_anchor_60C.prj,132767,d35687e2edddfc97214be0c0478727dc5e72d67c56b4ff742b0b2549b8744bd6
05_tracer_calibration_sweeps/runs/anchor_60C/case6_joint_anchor_60C_portable.prj,132172,ca174485d69527a592ea156e652705da617afb081aced5f717fd9e8a4737bcb2
05_tracer_calibration_sweeps/runs/anchor_60C/input_mesh/D_diversion_outlet.vtu,1213,c3842ecc043bd4c158817ce52687bdcfdfa1d85b9f766c5a1024ba2d8a32fad5
05_tracer_calibration_sweeps/runs/anchor_60C/input_mesh/M203_clean_water.vtu,1213,bfea0dbc2f5ac79dc9e016611d7d6e74432056043f7545721e23173b12e90bfe
05_tracer_calibration_sweeps/runs/anchor_60C/input_mesh/M208_clean_water.vtu,1213,e20aa3f4515bc37ca8ae8c98aaf0c574d9ff071504bf7e96acec30606fd305a4
05_tracer_calibration_sweeps/runs/anchor_60C/input_mesh/S.vtu,1213,c0ad2237434d279a145f44b48b2cac89a86d2c87338aafceaac4ee8a04f32a09
05_tracer_calibration_sweeps/runs/anchor_60C/input_mesh/S203.vtu,1213,8896bb60ddc1c32c3b78cf8bff4689ad215021ee11b633b9138936e5ebd2cf2e
05_tracer_calibration_sweeps/runs/anchor_60C/input_mesh/S208.vtu,1213,3a3fda078a6ed2e974f4744596d6c1fccef174af8c854b341ecc59fa5a938426
05_tracer_calibration_sweeps/runs/anchor_60C/input_mesh/ZK203.vtu,1213,cb36b27735742795f2f4883d035f0e88f3b48fcaf9366221736ff55ffa73de1f
05_tracer_calibration_sweeps/runs/anchor_60C/input_mesh/ZK208.vtu,1213,22519bea0b50f328ac4897eb050b1d102772b47b657095d3e287fdf5deac32bd
05_tracer_calibration_sweeps/runs/anchor_60C/input_mesh/ZK403.vtu,1213,258cfa8878bdebd1db27c11cec5b9c00af7c30a827b6a19e715d0e90bd85fdb9
05_tracer_calibration_sweeps/runs/anchor_60C/input_mesh/four_pipes_with_storage.vtu,15653,c616dccd3ecea873106228003fe80047274d98de40f061644e20623d30c5db62
05_tracer_calibration_sweeps/runs/anchor_80C/README.md,634,62f4271347024b7514921e8ce0562861261af9c5c0142132b8c08f5195149c89
05_tracer_calibration_sweeps/runs/anchor_80C/case6_joint_anchor_80C.prj,132814,3d9b9ff90038d1ede7ed1d81780fcf7e23eb3cdb41c6921dcc8612b77235dd7a
05_tracer_calibration_sweeps/runs/anchor_80C/case6_joint_anchor_80C_portable.prj,132219,c6f6fd1c97a097cb9101ed4523547e0b5675f0ee2c99a1cf7d70e674ea7b3ae3
05_tracer_calibration_sweeps/runs/anchor_80C/input_mesh/D_diversion_outlet.vtu,1213,c3842ecc043bd4c158817ce52687bdcfdfa1d85b9f766c5a1024ba2d8a32fad5
05_tracer_calibration_sweeps/runs/anchor_80C/input_mesh/M203_clean_water.vtu,1213,bfea0dbc2f5ac79dc9e016611d7d6e74432056043f7545721e23173b12e90bfe
05_tracer_calibration_sweeps/runs/anchor_80C/input_mesh/M208_clean_water.vtu,1213,e20aa3f4515bc37ca8ae8c98aaf0c574d9ff071504bf7e96acec30606fd305a4
05_tracer_calibration_sweeps/runs/anchor_80C/input_mesh/S.vtu,1213,c0ad2237434d279a145f44b48b2cac89a86d2c87338aafceaac4ee8a04f32a09
05_tracer_calibration_sweeps/runs/anchor_80C/input_mesh/S203.vtu,1213,8896bb60ddc1c32c3b78cf8bff4689ad215021ee11b633b9138936e5ebd2cf2e
05_tracer_calibration_sweeps/runs/anchor_80C/input_mesh/S208.vtu,1213,3a3fda078a6ed2e974f4744596d6c1fccef174af8c854b341ecc59fa5a938426
05_tracer_calibration_sweeps/runs/anchor_80C/input_mesh/ZK203.vtu,1213,cb36b27735742795f2f4883d035f0e88f3b48fcaf9366221736ff55ffa73de1f
05_tracer_calibration_sweeps/runs/anchor_80C/input_mesh/ZK208.vtu,1213,22519bea0b50f328ac4897eb050b1d102772b47b657095d3e287fdf5deac32bd
05_tracer_calibration_sweeps/runs/anchor_80C/input_mesh/ZK403.vtu,1213,258cfa8878bdebd1db27c11cec5b9c00af7c30a827b6a19e715d0e90bd85fdb9
05_tracer_calibration_sweeps/runs/anchor_80C/input_mesh/four_pipes_with_storage.vtu,15653,314d7ff7f9c198ae91c4f3ea57edb91c61a5cf9ceeaa897ae3bf0df0feae116a
05_tracer_calibration_sweeps/runs/anchor_80C/observed_tracer_ZK203_ZK208.csv,4746,dd1dab67910f54e052f553c36712d7ff64167e0bbe66a6fd58b504db1147bb44
05_tracer_calibration_sweeps/runs/lhs_01/README.md,634,a8b999206e34abbcd6a703b7a374e217b92cf60315272c0f7a23e0a21367c56e
05_tracer_calibration_sweeps/runs/lhs_01/case6_joint_lhs_01.prj,132911,0f28310c129943aadb06cab650bbfc0104871124c86d5e9fda8ecd3a1b3b7e67
05_tracer_calibration_sweeps/runs/lhs_01/case6_joint_lhs_01_portable.prj,132344,be082e63157511fa326b279a1babc0a8fbfba7948acc01552b8c176d4f8083f4
05_tracer_calibration_sweeps/runs/lhs_01/input_mesh/D_diversion_outlet.vtu,1213,c3842ecc043bd4c158817ce52687bdcfdfa1d85b9f766c5a1024ba2d8a32fad5
05_tracer_calibration_sweeps/runs/lhs_01/input_mesh/M203_clean_water.vtu,1213,bfea0dbc2f5ac79dc9e016611d7d6e74432056043f7545721e23173b12e90bfe
05_tracer_calibration_sweeps/runs/lhs_01/input_mesh/M208_clean_water.vtu,1213,e20aa3f4515bc37ca8ae8c98aaf0c574d9ff071504bf7e96acec30606fd305a4
05_tracer_calibration_sweeps/runs/lhs_01/input_mesh/S.vtu,1213,c0ad2237434d279a145f44b48b2cac89a86d2c87338aafceaac4ee8a04f32a09
05_tracer_calibration_sweeps/runs/lhs_01/input_mesh/S203.vtu,1213,8896bb60ddc1c32c3b78cf8bff4689ad215021ee11b633b9138936e5ebd2cf2e
05_tracer_calibration_sweeps/runs/lhs_01/input_mesh/S208.vtu,1213,3a3fda078a6ed2e974f4744596d6c1fccef174af8c854b341ecc59fa5a938426
05_tracer_calibration_sweeps/runs/lhs_01/input_mesh/ZK203.vtu,1213,cb36b27735742795f2f4883d035f0e88f3b48fcaf9366221736ff55ffa73de1f
05_tracer_calibration_sweeps/runs/lhs_01/input_mesh/ZK208.vtu,1213,22519bea0b50f328ac4897eb050b1d102772b47b657095d3e287fdf5deac32bd
05_tracer_calibration_sweeps/runs/lhs_01/input_mesh/ZK403.vtu,1213,258cfa8878bdebd1db27c11cec5b9c00af7c30a827b6a19e715d0e90bd85fdb9
05_tracer_calibration_sweeps/runs/lhs_01/input_mesh/four_pipes_with_storage.vtu,15657,454bcfa47fd9c79b0f188c025fa0222c1758886bac8c2f26a37359a64bbf2229
05_tracer_calibration_sweeps/runs/lhs_02/README.md,633,1fe37dea926822177f5596f18ca9d9caad2d8ad79c89a6911e6b2b61b3c5ed88
05_tracer_calibration_sweeps/runs/lhs_02/case6_joint_lhs_02.prj,132930,93ed0c1274fc2587eb747f54cee9e3efac05a3a7b7888e23907224027c9c6730
05_tracer_calibration_sweeps/runs/lhs_02/case6_joint_lhs_02_portable.prj,132363,e226dbfd04dc303269a3a5faf43915a703362a4dd267712f0ab195051db2247a
05_tracer_calibration_sweeps/runs/lhs_02/input_mesh/D_diversion_outlet.vtu,1213,c3842ecc043bd4c158817ce52687bdcfdfa1d85b9f766c5a1024ba2d8a32fad5
05_tracer_calibration_sweeps/runs/lhs_02/input_mesh/M203_clean_water.vtu,1213,bfea0dbc2f5ac79dc9e016611d7d6e74432056043f7545721e23173b12e90bfe
05_tracer_calibration_sweeps/runs/lhs_02/input_mesh/M208_clean_water.vtu,1213,e20aa3f4515bc37ca8ae8c98aaf0c574d9ff071504bf7e96acec30606fd305a4
05_tracer_calibration_sweeps/runs/lhs_02/input_mesh/S.vtu,1213,c0ad2237434d279a145f44b48b2cac89a86d2c87338aafceaac4ee8a04f32a09
05_tracer_calibration_sweeps/runs/lhs_02/input_mesh/S203.vtu,1213,8896bb60ddc1c32c3b78cf8bff4689ad215021ee11b633b9138936e5ebd2cf2e
05_tracer_calibration_sweeps/runs/lhs_02/input_mesh/S208.vtu,1213,3a3fda078a6ed2e974f4744596d6c1fccef174af8c854b341ecc59fa5a938426
05_tracer_calibration_sweeps/runs/lhs_02/input_mesh/ZK203.vtu,1213,cb36b27735742795f2f4883d035f0e88f3b48fcaf9366221736ff55ffa73de1f
05_tracer_calibration_sweeps/runs/lhs_02/input_mesh/ZK208.vtu,1213,22519bea0b50f328ac4897eb050b1d102772b47b657095d3e287fdf5deac32bd
05_tracer_calibration_sweeps/runs/lhs_02/input_mesh/ZK403.vtu,1213,258cfa8878bdebd1db27c11cec5b9c00af7c30a827b6a19e715d0e90bd85fdb9
05_tracer_calibration_sweeps/runs/lhs_02/input_mesh/four_pipes_with_storage.vtu,15657,240ec97332df680e0bafaa492765560daef17ee58fc1b2dbb12448845e8ee70c
05_tracer_calibration_sweeps/runs/lhs_03/README.md,633,8c56727732d935bdd01bbc9d7faa218fd8277775201d4c3755ab7a786b32da4b
05_tracer_calibration_sweeps/runs/lhs_03/case6_joint_lhs_03.prj,132915,0cfd63d541a6cd02e31f9a98994c36ada8557c3a24e66441cb2aee01eaa4f890
05_tracer_calibration_sweeps/runs/lhs_03/case6_joint_lhs_03_portable.prj,132348,723555625cc2cc48f17555f7e2c0317f62863847f46c03c9ba8f27d6ea3a79ef
05_tracer_calibration_sweeps/runs/lhs_03/input_mesh/D_diversion_outlet.vtu,1213,c3842ecc043bd4c158817ce52687bdcfdfa1d85b9f766c5a1024ba2d8a32fad5
05_tracer_calibration_sweeps/runs/lhs_03/input_mesh/M203_clean_water.vtu,1213,bfea0dbc2f5ac79dc9e016611d7d6e74432056043f7545721e23173b12e90bfe
05_tracer_calibration_sweeps/runs/lhs_03/input_mesh/M208_clean_water.vtu,1213,e20aa3f4515bc37ca8ae8c98aaf0c574d9ff071504bf7e96acec30606fd305a4
05_tracer_calibration_sweeps/runs/lhs_03/input_mesh/S.vtu,1213,c0ad2237434d279a145f44b48b2cac89a86d2c87338aafceaac4ee8a04f32a09
05_tracer_calibration_sweeps/runs/lhs_03/input_mesh/S203.vtu,1213,8896bb60ddc1c32c3b78cf8bff4689ad215021ee11b633b9138936e5ebd2cf2e
05_tracer_calibration_sweeps/runs/lhs_03/input_mesh/S208.vtu,1213,3a3fda078a6ed2e974f4744596d6c1fccef174af8c854b341ecc59fa5a938426
05_tracer_calibration_sweeps/runs/lhs_03/input_mesh/ZK203.vtu,1213,cb36b27735742795f2f4883d035f0e88f3b48fcaf9366221736ff55ffa73de1f
05_tracer_calibration_sweeps/runs/lhs_03/input_mesh/ZK208.vtu,1213,22519bea0b50f328ac4897eb050b1d102772b47b657095d3e287fdf5deac32bd
05_tracer_calibration_sweeps/runs/lhs_03/input_mesh/ZK403.vtu,1213,258cfa8878bdebd1db27c11cec5b9c00af7c30a827b6a19e715d0e90bd85fdb9
05_tracer_calibration_sweeps/runs/lhs_03/input_mesh/four_pipes_with_storage.vtu,15657,f25a9f82fa4de8c040597c0164e1df92dddb8d7fb7be18bb23220eff29ea48ed
05_tracer_calibration_sweeps/runs/lhs_04/README.md,634,656bc3329759caf1d5c33f9302fdaf982c7c8a8242d98438d03aac51a0f60af4
05_tracer_calibration_sweeps/runs/lhs_04/case6_joint_lhs_04.prj,132871,b5c5314f767e9f1af3d6fc3a0b70365bb07d0d533da251c281f529c49beb968f
05_tracer_calibration_sweeps/runs/lhs_04/case6_joint_lhs_04_portable.prj,132304,e871eb5bf3d39ea45dcc49e206d9ab9d8a8d231caeac0d8c35842a404a881303
05_tracer_calibration_sweeps/runs/lhs_04/input_mesh/D_diversion_outlet.vtu,1213,c3842ecc043bd4c158817ce52687bdcfdfa1d85b9f766c5a1024ba2d8a32fad5
05_tracer_calibration_sweeps/runs/lhs_04/input_mesh/M203_clean_water.vtu,1213,bfea0dbc2f5ac79dc9e016611d7d6e74432056043f7545721e23173b12e90bfe
05_tracer_calibration_sweeps/runs/lhs_04/input_mesh/M208_clean_water.vtu,1213,e20aa3f4515bc37ca8ae8c98aaf0c574d9ff071504bf7e96acec30606fd305a4
05_tracer_calibration_sweeps/runs/lhs_04/input_mesh/S.vtu,1213,c0ad2237434d279a145f44b48b2cac89a86d2c87338aafceaac4ee8a04f32a09
05_tracer_calibration_sweeps/runs/lhs_04/input_mesh/S203.vtu,1213,8896bb60ddc1c32c3b78cf8bff4689ad215021ee11b633b9138936e5ebd2cf2e
05_tracer_calibration_sweeps/runs/lhs_04/input_mesh/S208.vtu,1213,3a3fda078a6ed2e974f4744596d6c1fccef174af8c854b341ecc59fa5a938426
05_tracer_calibration_sweeps/runs/lhs_04/input_mesh/ZK203.vtu,1213,cb36b27735742795f2f4883d035f0e88f3b48fcaf9366221736ff55ffa73de1f
05_tracer_calibration_sweeps/runs/lhs_04/input_mesh/ZK208.vtu,1213,22519bea0b50f328ac4897eb050b1d102772b47b657095d3e287fdf5deac32bd
05_tracer_calibration_sweeps/runs/lhs_04/input_mesh/ZK403.vtu,1213,258cfa8878bdebd1db27c11cec5b9c00af7c30a827b6a19e715d0e90bd85fdb9
05_tracer_calibration_sweeps/runs/lhs_04/input_mesh/four_pipes_with_storage.vtu,15657,1852495a789bf4f861bfc53a2ae1a8c9ff461627c62f8ce8d313419771bbf8f6
05_tracer_calibration_sweeps/runs/lhs_05/README.md,633,d1cbcd831d2e1ebdc3906cb8a76253f5441b9a7c66bbe7220b83b9900caad494
05_tracer_calibration_sweeps/runs/lhs_05/case6_joint_lhs_05.prj,132939,d42d6edba9182ea9c64ce6d871197512e0f897c88c17c245eec40f67ea8b31ce
05_tracer_calibration_sweeps/runs/lhs_05/case6_joint_lhs_05_portable.prj,132372,19b98106b10040a0903886a4ade2a9f42d094e1a7b9deb77576ddd19410d302f
05_tracer_calibration_sweeps/runs/lhs_05/input_mesh/D_diversion_outlet.vtu,1213,c3842ecc043bd4c158817ce52687bdcfdfa1d85b9f766c5a1024ba2d8a32fad5
05_tracer_calibration_sweeps/runs/lhs_05/input_mesh/M203_clean_water.vtu,1213,bfea0dbc2f5ac79dc9e016611d7d6e74432056043f7545721e23173b12e90bfe
05_tracer_calibration_sweeps/runs/lhs_05/input_mesh/M208_clean_water.vtu,1213,e20aa3f4515bc37ca8ae8c98aaf0c574d9ff071504bf7e96acec30606fd305a4
05_tracer_calibration_sweeps/runs/lhs_05/input_mesh/S.vtu,1213,c0ad2237434d279a145f44b48b2cac89a86d2c87338aafceaac4ee8a04f32a09
05_tracer_calibration_sweeps/runs/lhs_05/input_mesh/S203.vtu,1213,8896bb60ddc1c32c3b78cf8bff4689ad215021ee11b633b9138936e5ebd2cf2e
05_tracer_calibration_sweeps/runs/lhs_05/input_mesh/S208.vtu,1213,3a3fda078a6ed2e974f4744596d6c1fccef174af8c854b341ecc59fa5a938426
05_tracer_calibration_sweeps/runs/lhs_05/input_mesh/ZK203.vtu,1213,cb36b27735742795f2f4883d035f0e88f3b48fcaf9366221736ff55ffa73de1f
05_tracer_calibration_sweeps/runs/lhs_05/input_mesh/ZK208.vtu,1213,22519bea0b50f328ac4897eb050b1d102772b47b657095d3e287fdf5deac32bd
05_tracer_calibration_sweeps/runs/lhs_05/input_mesh/ZK403.vtu,1213,258cfa8878bdebd1db27c11cec5b9c00af7c30a827b6a19e715d0e90bd85fdb9
05_tracer_calibration_sweeps/runs/lhs_05/input_mesh/four_pipes_with_storage.vtu,15657,40a765ea977408e71e2194625a6adbaf00ea09ca420f7e4a476f383b9917a4d7
05_tracer_calibration_sweeps/runs/lhs_06/README.md,633,47b40becbfa63d8f18d37a4f767c53827ad458a1b5924a10172f16d2a845379b
05_tracer_calibration_sweeps/runs/lhs_06/case6_joint_lhs_06.prj,132864,9fb9807d2b4972bc56a522f961ed57863424941f4ea5eb30f67bfe96f07c99d0
05_tracer_calibration_sweeps/runs/lhs_06/case6_joint_lhs_06_portable.prj,132297,f775814b6fe47cce5210add483a3c6ef0e89ac3f5e58bf471cefa83d747448f7
05_tracer_calibration_sweeps/runs/lhs_06/input_mesh/D_diversion_outlet.vtu,1213,c3842ecc043bd4c158817ce52687bdcfdfa1d85b9f766c5a1024ba2d8a32fad5
05_tracer_calibration_sweeps/runs/lhs_06/input_mesh/M203_clean_water.vtu,1213,bfea0dbc2f5ac79dc9e016611d7d6e74432056043f7545721e23173b12e90bfe
05_tracer_calibration_sweeps/runs/lhs_06/input_mesh/M208_clean_water.vtu,1213,e20aa3f4515bc37ca8ae8c98aaf0c574d9ff071504bf7e96acec30606fd305a4
05_tracer_calibration_sweeps/runs/lhs_06/input_mesh/S.vtu,1213,c0ad2237434d279a145f44b48b2cac89a86d2c87338aafceaac4ee8a04f32a09
05_tracer_calibration_sweeps/runs/lhs_06/input_mesh/S203.vtu,1213,8896bb60ddc1c32c3b78cf8bff4689ad215021ee11b633b9138936e5ebd2cf2e
05_tracer_calibration_sweeps/runs/lhs_06/input_mesh/S208.vtu,1213,3a3fda078a6ed2e974f4744596d6c1fccef174af8c854b341ecc59fa5a938426
05_tracer_calibration_sweeps/runs/lhs_06/input_mesh/ZK203.vtu,1213,cb36b27735742795f2f4883d035f0e88f3b48fcaf9366221736ff55ffa73de1f
05_tracer_calibration_sweeps/runs/lhs_06/input_mesh/ZK208.vtu,1213,22519bea0b50f328ac4897eb050b1d102772b47b657095d3e287fdf5deac32bd
05_tracer_calibration_sweeps/runs/lhs_06/input_mesh/ZK403.vtu,1213,258cfa8878bdebd1db27c11cec5b9c00af7c30a827b6a19e715d0e90bd85fdb9
05_tracer_calibration_sweeps/runs/lhs_06/input_mesh/four_pipes_with_storage.vtu,15657,66bc1752c7ba6cdc9df79d998b329cc8a2fcb1256c9fa1819e45c1c52b7ba8ee
05_tracer_calibration_sweeps/runs/lhs_07/README.md,633,a552fac7171ace8bd0c358f09bcb057b218fae4b4df21bc6ac50c67aedd662b4
05_tracer_calibration_sweeps/runs/lhs_07/case6_joint_lhs_07.prj,132882,51b2ea51870002764d4871fec9c840f25adaad10d7b01d78178d6588a23fb0de
05_tracer_calibration_sweeps/runs/lhs_07/case6_joint_lhs_07_portable.prj,132315,83744a4ba49574cee67a87e19d310421b03e7322058bacbf027dddb112224aa4
05_tracer_calibration_sweeps/runs/lhs_07/input_mesh/D_diversion_outlet.vtu,1213,c3842ecc043bd4c158817ce52687bdcfdfa1d85b9f766c5a1024ba2d8a32fad5
05_tracer_calibration_sweeps/runs/lhs_07/input_mesh/M203_clean_water.vtu,1213,bfea0dbc2f5ac79dc9e016611d7d6e74432056043f7545721e23173b12e90bfe
05_tracer_calibration_sweeps/runs/lhs_07/input_mesh/M208_clean_water.vtu,1213,e20aa3f4515bc37ca8ae8c98aaf0c574d9ff071504bf7e96acec30606fd305a4
05_tracer_calibration_sweeps/runs/lhs_07/input_mesh/S.vtu,1213,c0ad2237434d279a145f44b48b2cac89a86d2c87338aafceaac4ee8a04f32a09
05_tracer_calibration_sweeps/runs/lhs_07/input_mesh/S203.vtu,1213,8896bb60ddc1c32c3b78cf8bff4689ad215021ee11b633b9138936e5ebd2cf2e
05_tracer_calibration_sweeps/runs/lhs_07/input_mesh/S208.vtu,1213,3a3fda078a6ed2e974f4744596d6c1fccef174af8c854b341ecc59fa5a938426
05_tracer_calibration_sweeps/runs/lhs_07/input_mesh/ZK203.vtu,1213,cb36b27735742795f2f4883d035f0e88f3b48fcaf9366221736ff55ffa73de1f
05_tracer_calibration_sweeps/runs/lhs_07/input_mesh/ZK208.vtu,1213,22519bea0b50f328ac4897eb050b1d102772b47b657095d3e287fdf5deac32bd
05_tracer_calibration_sweeps/runs/lhs_07/input_mesh/ZK403.vtu,1213,258cfa8878bdebd1db27c11cec5b9c00af7c30a827b6a19e715d0e90bd85fdb9
05_tracer_calibration_sweeps/runs/lhs_07/input_mesh/four_pipes_with_storage.vtu,15657,f25f48cf7f276cd6303706ee97f07331d37ce3614c9d610566f4eaaae871b817
05_tracer_calibration_sweeps/runs/lhs_08/README.md,634,2d9a38009aa0858c387d3813c718eb8ebc468d08d38909e7a151821afc03507d
05_tracer_calibration_sweeps/runs/lhs_08/case6_joint_lhs_08.prj,132794,a133fba94323dbf9b27e365fd7d6fa498e1cff76ae9bfab9569e33328ea01cdb
05_tracer_calibration_sweeps/runs/lhs_08/case6_joint_lhs_08_portable.prj,132227,f4b3427e1606b88ce4892645a5b1c5702b1b5c9ccae0f796f889542af6802da2
05_tracer_calibration_sweeps/runs/lhs_08/input_mesh/D_diversion_outlet.vtu,1213,c3842ecc043bd4c158817ce52687bdcfdfa1d85b9f766c5a1024ba2d8a32fad5
05_tracer_calibration_sweeps/runs/lhs_08/input_mesh/M203_clean_water.vtu,1213,bfea0dbc2f5ac79dc9e016611d7d6e74432056043f7545721e23173b12e90bfe
05_tracer_calibration_sweeps/runs/lhs_08/input_mesh/M208_clean_water.vtu,1213,e20aa3f4515bc37ca8ae8c98aaf0c574d9ff071504bf7e96acec30606fd305a4
05_tracer_calibration_sweeps/runs/lhs_08/input_mesh/S.vtu,1213,c0ad2237434d279a145f44b48b2cac89a86d2c87338aafceaac4ee8a04f32a09
05_tracer_calibration_sweeps/runs/lhs_08/input_mesh/S203.vtu,1213,8896bb60ddc1c32c3b78cf8bff4689ad215021ee11b633b9138936e5ebd2cf2e
05_tracer_calibration_sweeps/runs/lhs_08/input_mesh/S208.vtu,1213,3a3fda078a6ed2e974f4744596d6c1fccef174af8c854b341ecc59fa5a938426
05_tracer_calibration_sweeps/runs/lhs_08/input_mesh/ZK203.vtu,1213,cb36b27735742795f2f4883d035f0e88f3b48fcaf9366221736ff55ffa73de1f
05_tracer_calibration_sweeps/runs/lhs_08/input_mesh/ZK208.vtu,1213,22519bea0b50f328ac4897eb050b1d102772b47b657095d3e287fdf5deac32bd
05_tracer_calibration_sweeps/runs/lhs_08/input_mesh/ZK403.vtu,1213,258cfa8878bdebd1db27c11cec5b9c00af7c30a827b6a19e715d0e90bd85fdb9
05_tracer_calibration_sweeps/runs/lhs_08/input_mesh/four_pipes_with_storage.vtu,15657,1de1547336fa0fb0f8e5449bd77e24827bbd549e0a0b9ded4cf199442b59cdd8
05_tracer_calibration_sweeps/runs/lhs_09/README.md,634,4bd213db4ab235c02cb36f2c08742c7a0471a9ed826a3d43b903e27cf843975f
05_tracer_calibration_sweeps/runs/lhs_09/case6_joint_lhs_09.prj,132935,159ca6c46353aafd1df9acd1382c480416eaed3bc732a6bec1daf7775a7ee766
05_tracer_calibration_sweeps/runs/lhs_09/case6_joint_lhs_09_portable.prj,132368,da8cfc1bafc1c9d9c96f268c6be4822a6c1f22f669925fb7e763854e3ffee336
05_tracer_calibration_sweeps/runs/lhs_09/input_mesh/D_diversion_outlet.vtu,1213,c3842ecc043bd4c158817ce52687bdcfdfa1d85b9f766c5a1024ba2d8a32fad5
05_tracer_calibration_sweeps/runs/lhs_09/input_mesh/M203_clean_water.vtu,1213,bfea0dbc2f5ac79dc9e016611d7d6e74432056043f7545721e23173b12e90bfe
05_tracer_calibration_sweeps/runs/lhs_09/input_mesh/M208_clean_water.vtu,1213,e20aa3f4515bc37ca8ae8c98aaf0c574d9ff071504bf7e96acec30606fd305a4
05_tracer_calibration_sweeps/runs/lhs_09/input_mesh/S.vtu,1213,c0ad2237434d279a145f44b48b2cac89a86d2c87338aafceaac4ee8a04f32a09
05_tracer_calibration_sweeps/runs/lhs_09/input_mesh/S203.vtu,1213,8896bb60ddc1c32c3b78cf8bff4689ad215021ee11b633b9138936e5ebd2cf2e
05_tracer_calibration_sweeps/runs/lhs_09/input_mesh/S208.vtu,1213,3a3fda078a6ed2e974f4744596d6c1fccef174af8c854b341ecc59fa5a938426
05_tracer_calibration_sweeps/runs/lhs_09/input_mesh/ZK203.vtu,1213,cb36b27735742795f2f4883d035f0e88f3b48fcaf9366221736ff55ffa73de1f
05_tracer_calibration_sweeps/runs/lhs_09/input_mesh/ZK208.vtu,1213,22519bea0b50f328ac4897eb050b1d102772b47b657095d3e287fdf5deac32bd
05_tracer_calibration_sweeps/runs/lhs_09/input_mesh/ZK403.vtu,1213,258cfa8878bdebd1db27c11cec5b9c00af7c30a827b6a19e715d0e90bd85fdb9
05_tracer_calibration_sweeps/runs/lhs_09/input_mesh/four_pipes_with_storage.vtu,15657,a6f1d59d2543963ba163e683a768d24281c4d26978f362b6b2e503107c4e5fdf
05_tracer_calibration_sweeps/runs/lhs_10/README.md,633,0e21f286d87dfde3f8ffdb6bacb2bb09897e9830ea4fce829a23d2d54fc7889d
05_tracer_calibration_sweeps/runs/lhs_10/case6_joint_lhs_10.prj,132846,75097ec3cdc11ba6de1e3bdebc3c185b502757a86e1f196fba8adb12958a964e
05_tracer_calibration_sweeps/runs/lhs_10/case6_joint_lhs_10_portable.prj,132279,fce5102a76579234374f38d89a00cd3f36e355283587a48aa7e5ab4ea765f316
05_tracer_calibration_sweeps/runs/lhs_10/input_mesh/D_diversion_outlet.vtu,1213,c3842ecc043bd4c158817ce52687bdcfdfa1d85b9f766c5a1024ba2d8a32fad5
05_tracer_calibration_sweeps/runs/lhs_10/input_mesh/M203_clean_water.vtu,1213,bfea0dbc2f5ac79dc9e016611d7d6e74432056043f7545721e23173b12e90bfe
05_tracer_calibration_sweeps/runs/lhs_10/input_mesh/M208_clean_water.vtu,1213,e20aa3f4515bc37ca8ae8c98aaf0c574d9ff071504bf7e96acec30606fd305a4
05_tracer_calibration_sweeps/runs/lhs_10/input_mesh/S.vtu,1213,c0ad2237434d279a145f44b48b2cac89a86d2c87338aafceaac4ee8a04f32a09
05_tracer_calibration_sweeps/runs/lhs_10/input_mesh/S203.vtu,1213,8896bb60ddc1c32c3b78cf8bff4689ad215021ee11b633b9138936e5ebd2cf2e
05_tracer_calibration_sweeps/runs/lhs_10/input_mesh/S208.vtu,1213,3a3fda078a6ed2e974f4744596d6c1fccef174af8c854b341ecc59fa5a938426
05_tracer_calibration_sweeps/runs/lhs_10/input_mesh/ZK203.vtu,1213,cb36b27735742795f2f4883d035f0e88f3b48fcaf9366221736ff55ffa73de1f
05_tracer_calibration_sweeps/runs/lhs_10/input_mesh/ZK208.vtu,1213,22519bea0b50f328ac4897eb050b1d102772b47b657095d3e287fdf5deac32bd
05_tracer_calibration_sweeps/runs/lhs_10/input_mesh/ZK403.vtu,1213,258cfa8878bdebd1db27c11cec5b9c00af7c30a827b6a19e715d0e90bd85fdb9
05_tracer_calibration_sweeps/runs/lhs_10/input_mesh/four_pipes_with_storage.vtu,15657,cec5ebeb78ba0ce0fa7b6583110fd236c4466ad7529bf7bd37a18a2feaaabd3d
05_tracer_calibration_sweeps/runs/lhs_11/README.md,634,87fe536aa3afdb6fd1b1e8a9c8fb6d7c7b7523c5723f8f834078bda6270545e5
05_tracer_calibration_sweeps/runs/lhs_11/case6_joint_lhs_11.prj,132734,9eac696f258499b477adf08ac904c085c55711a6d94d97a729897b0ac0dab7c7
05_tracer_calibration_sweeps/runs/lhs_11/case6_joint_lhs_11_portable.prj,132167,fd033d07d82f9052f876e85bb173e3efb7edff2131b1f9df938005a397a78aab
05_tracer_calibration_sweeps/runs/lhs_11/input_mesh/D_diversion_outlet.vtu,1213,c3842ecc043bd4c158817ce52687bdcfdfa1d85b9f766c5a1024ba2d8a32fad5
05_tracer_calibration_sweeps/runs/lhs_11/input_mesh/M203_clean_water.vtu,1213,bfea0dbc2f5ac79dc9e016611d7d6e74432056043f7545721e23173b12e90bfe
05_tracer_calibration_sweeps/runs/lhs_11/input_mesh/M208_clean_water.vtu,1213,e20aa3f4515bc37ca8ae8c98aaf0c574d9ff071504bf7e96acec30606fd305a4
05_tracer_calibration_sweeps/runs/lhs_11/input_mesh/S.vtu,1213,c0ad2237434d279a145f44b48b2cac89a86d2c87338aafceaac4ee8a04f32a09
05_tracer_calibration_sweeps/runs/lhs_11/input_mesh/S203.vtu,1213,8896bb60ddc1c32c3b78cf8bff4689ad215021ee11b633b9138936e5ebd2cf2e
05_tracer_calibration_sweeps/runs/lhs_11/input_mesh/S208.vtu,1213,3a3fda078a6ed2e974f4744596d6c1fccef174af8c854b341ecc59fa5a938426
05_tracer_calibration_sweeps/runs/lhs_11/input_mesh/ZK203.vtu,1213,cb36b27735742795f2f4883d035f0e88f3b48fcaf9366221736ff55ffa73de1f
05_tracer_calibration_sweeps/runs/lhs_11/input_mesh/ZK208.vtu,1213,22519bea0b50f328ac4897eb050b1d102772b47b657095d3e287fdf5deac32bd
05_tracer_calibration_sweeps/runs/lhs_11/input_mesh/ZK403.vtu,1213,258cfa8878bdebd1db27c11cec5b9c00af7c30a827b6a19e715d0e90bd85fdb9
05_tracer_calibration_sweeps/runs/lhs_11/input_mesh/four_pipes_with_storage.vtu,15657,d92c277794187a079656716c7901d6fa89a81e9d309da2b2d38a79c17ea1bea4
05_tracer_calibration_sweeps/runs/lhs_12/README.md,633,01fdcd059840eaf13ffe533e3e4fe3753cb559931ba227003f390100a25e95e3
05_tracer_calibration_sweeps/runs/lhs_12/case6_joint_lhs_12.prj,132872,976ace056196bc7d56f19b7006fb8a0c82a535725a948afd89ad47bca9ef517c
05_tracer_calibration_sweeps/runs/lhs_12/case6_joint_lhs_12_portable.prj,132305,01573971e04cf7a542ed97c3beba1869174505f897fa7520f3fb18c14a61b92d
05_tracer_calibration_sweeps/runs/lhs_12/input_mesh/D_diversion_outlet.vtu,1213,c3842ecc043bd4c158817ce52687bdcfdfa1d85b9f766c5a1024ba2d8a32fad5
05_tracer_calibration_sweeps/runs/lhs_12/input_mesh/M203_clean_water.vtu,1213,bfea0dbc2f5ac79dc9e016611d7d6e74432056043f7545721e23173b12e90bfe
05_tracer_calibration_sweeps/runs/lhs_12/input_mesh/M208_clean_water.vtu,1213,e20aa3f4515bc37ca8ae8c98aaf0c574d9ff071504bf7e96acec30606fd305a4
05_tracer_calibration_sweeps/runs/lhs_12/input_mesh/S.vtu,1213,c0ad2237434d279a145f44b48b2cac89a86d2c87338aafceaac4ee8a04f32a09
05_tracer_calibration_sweeps/runs/lhs_12/input_mesh/S203.vtu,1213,8896bb60ddc1c32c3b78cf8bff4689ad215021ee11b633b9138936e5ebd2cf2e
05_tracer_calibration_sweeps/runs/lhs_12/input_mesh/S208.vtu,1213,3a3fda078a6ed2e974f4744596d6c1fccef174af8c854b341ecc59fa5a938426
05_tracer_calibration_sweeps/runs/lhs_12/input_mesh/ZK203.vtu,1213,cb36b27735742795f2f4883d035f0e88f3b48fcaf9366221736ff55ffa73de1f
05_tracer_calibration_sweeps/runs/lhs_12/input_mesh/ZK208.vtu,1213,22519bea0b50f328ac4897eb050b1d102772b47b657095d3e287fdf5deac32bd
05_tracer_calibration_sweeps/runs/lhs_12/input_mesh/ZK403.vtu,1213,258cfa8878bdebd1db27c11cec5b9c00af7c30a827b6a19e715d0e90bd85fdb9
05_tracer_calibration_sweeps/runs/lhs_12/input_mesh/four_pipes_with_storage.vtu,15657,c4c141cc16dc59ea9ee709924f1f83e95bd83ebd5abc961a01c5d53ced58d806
05_tracer_calibration_sweeps/runs/lhs_13/README.md,634,81cd7d42da23a19c5f3f3921621445353e62cff1002318cc0e372e60f8924f8f
05_tracer_calibration_sweeps/runs/lhs_13/case6_joint_lhs_13.prj,132853,a194227f36dd87e001b9dcf24b4e311b127d215688341fd8def9877c2e876238
05_tracer_calibration_sweeps/runs/lhs_13/case6_joint_lhs_13_portable.prj,132286,d4df2426c8431b37a2b1f10ce219e3f3a2c33fcd495e646f466071e753e92b7d
05_tracer_calibration_sweeps/runs/lhs_13/input_mesh/D_diversion_outlet.vtu,1213,c3842ecc043bd4c158817ce52687bdcfdfa1d85b9f766c5a1024ba2d8a32fad5
05_tracer_calibration_sweeps/runs/lhs_13/input_mesh/M203_clean_water.vtu,1213,bfea0dbc2f5ac79dc9e016611d7d6e74432056043f7545721e23173b12e90bfe
05_tracer_calibration_sweeps/runs/lhs_13/input_mesh/M208_clean_water.vtu,1213,e20aa3f4515bc37ca8ae8c98aaf0c574d9ff071504bf7e96acec30606fd305a4
05_tracer_calibration_sweeps/runs/lhs_13/input_mesh/S.vtu,1213,c0ad2237434d279a145f44b48b2cac89a86d2c87338aafceaac4ee8a04f32a09
05_tracer_calibration_sweeps/runs/lhs_13/input_mesh/S203.vtu,1213,8896bb60ddc1c32c3b78cf8bff4689ad215021ee11b633b9138936e5ebd2cf2e
05_tracer_calibration_sweeps/runs/lhs_13/input_mesh/S208.vtu,1213,3a3fda078a6ed2e974f4744596d6c1fccef174af8c854b341ecc59fa5a938426
05_tracer_calibration_sweeps/runs/lhs_13/input_mesh/ZK203.vtu,1213,cb36b27735742795f2f4883d035f0e88f3b48fcaf9366221736ff55ffa73de1f
05_tracer_calibration_sweeps/runs/lhs_13/input_mesh/ZK208.vtu,1213,22519bea0b50f328ac4897eb050b1d102772b47b657095d3e287fdf5deac32bd
05_tracer_calibration_sweeps/runs/lhs_13/input_mesh/ZK403.vtu,1213,258cfa8878bdebd1db27c11cec5b9c00af7c30a827b6a19e715d0e90bd85fdb9
05_tracer_calibration_sweeps/runs/lhs_13/input_mesh/four_pipes_with_storage.vtu,15657,c34e6225139801c340151a04378c349b1e9bbe46cecd69f55f0cf807e8906506
05_tracer_calibration_sweeps/runs/lhs_14/README.md,635,bc6d751a7e5b9f70a785928e4ebb51ea254155371cdaf6378efe118a3a803b7d
05_tracer_calibration_sweeps/runs/lhs_14/case6_joint_lhs_14.prj,132896,1627746792733e4c91e74bf0feb6d71ee28540633a83aae66c5446a12ebc1a59
05_tracer_calibration_sweeps/runs/lhs_14/case6_joint_lhs_14_portable.prj,132329,02a27090b15a4dc0fdc8c5f32b63a11de235fd8ad833b989ac0881a48662de7b
05_tracer_calibration_sweeps/runs/lhs_14/input_mesh/D_diversion_outlet.vtu,1213,c3842ecc043bd4c158817ce52687bdcfdfa1d85b9f766c5a1024ba2d8a32fad5
05_tracer_calibration_sweeps/runs/lhs_14/input_mesh/M203_clean_water.vtu,1213,bfea0dbc2f5ac79dc9e016611d7d6e74432056043f7545721e23173b12e90bfe
05_tracer_calibration_sweeps/runs/lhs_14/input_mesh/M208_clean_water.vtu,1213,e20aa3f4515bc37ca8ae8c98aaf0c574d9ff071504bf7e96acec30606fd305a4
05_tracer_calibration_sweeps/runs/lhs_14/input_mesh/S.vtu,1213,c0ad2237434d279a145f44b48b2cac89a86d2c87338aafceaac4ee8a04f32a09
05_tracer_calibration_sweeps/runs/lhs_14/input_mesh/S203.vtu,1213,8896bb60ddc1c32c3b78cf8bff4689ad215021ee11b633b9138936e5ebd2cf2e
05_tracer_calibration_sweeps/runs/lhs_14/input_mesh/S208.vtu,1213,3a3fda078a6ed2e974f4744596d6c1fccef174af8c854b341ecc59fa5a938426
05_tracer_calibration_sweeps/runs/lhs_14/input_mesh/ZK203.vtu,1213,cb36b27735742795f2f4883d035f0e88f3b48fcaf9366221736ff55ffa73de1f
05_tracer_calibration_sweeps/runs/lhs_14/input_mesh/ZK208.vtu,1213,22519bea0b50f328ac4897eb050b1d102772b47b657095d3e287fdf5deac32bd
05_tracer_calibration_sweeps/runs/lhs_14/input_mesh/ZK403.vtu,1213,258cfa8878bdebd1db27c11cec5b9c00af7c30a827b6a19e715d0e90bd85fdb9
05_tracer_calibration_sweeps/runs/lhs_14/input_mesh/four_pipes_with_storage.vtu,15661,39aca3d815f1479bd9b29adf8865c05e24566dc29cf871825a0569600d462205
05_tracer_calibration_sweeps/runs/lhs_15/README.md,633,db04807b67c91adfca18db32f0192ea6cbba14dd7b95c53dd1b03a4070391a9a
05_tracer_calibration_sweeps/runs/lhs_15/case6_joint_lhs_15.prj,132864,0110e3ce430969705238a3dfce156c39d2b61ed17826896c4cb7236c7f98e0b6
05_tracer_calibration_sweeps/runs/lhs_15/case6_joint_lhs_15_portable.prj,132297,fedb7e6681b3bf8b5c9aa53467832521482525567f65c8db9e2e353322d9bde8
05_tracer_calibration_sweeps/runs/lhs_15/input_mesh/D_diversion_outlet.vtu,1213,c3842ecc043bd4c158817ce52687bdcfdfa1d85b9f766c5a1024ba2d8a32fad5
05_tracer_calibration_sweeps/runs/lhs_15/input_mesh/M203_clean_water.vtu,1213,bfea0dbc2f5ac79dc9e016611d7d6e74432056043f7545721e23173b12e90bfe
05_tracer_calibration_sweeps/runs/lhs_15/input_mesh/M208_clean_water.vtu,1213,e20aa3f4515bc37ca8ae8c98aaf0c574d9ff071504bf7e96acec30606fd305a4
05_tracer_calibration_sweeps/runs/lhs_15/input_mesh/S.vtu,1213,c0ad2237434d279a145f44b48b2cac89a86d2c87338aafceaac4ee8a04f32a09
05_tracer_calibration_sweeps/runs/lhs_15/input_mesh/S203.vtu,1213,8896bb60ddc1c32c3b78cf8bff4689ad215021ee11b633b9138936e5ebd2cf2e
05_tracer_calibration_sweeps/runs/lhs_15/input_mesh/S208.vtu,1213,3a3fda078a6ed2e974f4744596d6c1fccef174af8c854b341ecc59fa5a938426
05_tracer_calibration_sweeps/runs/lhs_15/input_mesh/ZK203.vtu,1213,cb36b27735742795f2f4883d035f0e88f3b48fcaf9366221736ff55ffa73de1f
05_tracer_calibration_sweeps/runs/lhs_15/input_mesh/ZK208.vtu,1213,22519bea0b50f328ac4897eb050b1d102772b47b657095d3e287fdf5deac32bd
05_tracer_calibration_sweeps/runs/lhs_15/input_mesh/ZK403.vtu,1213,258cfa8878bdebd1db27c11cec5b9c00af7c30a827b6a19e715d0e90bd85fdb9
05_tracer_calibration_sweeps/runs/lhs_15/input_mesh/four_pipes_with_storage.vtu,15657,9fc8ccd767d5d65b83cfea8562e7b15889f9639364ec1c0717a05864a524982d
05_tracer_calibration_sweeps/runs/lhs_16/README.md,635,4408ce23b70b3fc63f393331cac4885e9b824b5655a8308506f46ccba4729754
05_tracer_calibration_sweeps/runs/lhs_16/case6_joint_lhs_16.prj,132906,bd92ca5597dae0b66932095c65380d679987d93744a511c7a98c7f80466896ed
05_tracer_calibration_sweeps/runs/lhs_16/case6_joint_lhs_16_portable.prj,132339,574de9fd5df35839d24ee9a5eb5503f83054bb22f3570e8dd80b102f11f0d987
05_tracer_calibration_sweeps/runs/lhs_16/input_mesh/D_diversion_outlet.vtu,1213,c3842ecc043bd4c158817ce52687bdcfdfa1d85b9f766c5a1024ba2d8a32fad5
05_tracer_calibration_sweeps/runs/lhs_16/input_mesh/M203_clean_water.vtu,1213,bfea0dbc2f5ac79dc9e016611d7d6e74432056043f7545721e23173b12e90bfe
05_tracer_calibration_sweeps/runs/lhs_16/input_mesh/M208_clean_water.vtu,1213,e20aa3f4515bc37ca8ae8c98aaf0c574d9ff071504bf7e96acec30606fd305a4
05_tracer_calibration_sweeps/runs/lhs_16/input_mesh/S.vtu,1213,c0ad2237434d279a145f44b48b2cac89a86d2c87338aafceaac4ee8a04f32a09
05_tracer_calibration_sweeps/runs/lhs_16/input_mesh/S203.vtu,1213,8896bb60ddc1c32c3b78cf8bff4689ad215021ee11b633b9138936e5ebd2cf2e
05_tracer_calibration_sweeps/runs/lhs_16/input_mesh/S208.vtu,1213,3a3fda078a6ed2e974f4744596d6c1fccef174af8c854b341ecc59fa5a938426
05_tracer_calibration_sweeps/runs/lhs_16/input_mesh/ZK203.vtu,1213,cb36b27735742795f2f4883d035f0e88f3b48fcaf9366221736ff55ffa73de1f
05_tracer_calibration_sweeps/runs/lhs_16/input_mesh/ZK208.vtu,1213,22519bea0b50f328ac4897eb050b1d102772b47b657095d3e287fdf5deac32bd
05_tracer_calibration_sweeps/runs/lhs_16/input_mesh/ZK403.vtu,1213,258cfa8878bdebd1db27c11cec5b9c00af7c30a827b6a19e715d0e90bd85fdb9
05_tracer_calibration_sweeps/runs/lhs_16/input_mesh/four_pipes_with_storage.vtu,15657,4462c3b0abff1b00d9e053a421eb08b11b316483704a466d5cd80507e20992ff
06_thermal_consistency/README.md,2230,097bfde0b4669aa9d994b4caa826623b9064e6e2b8948823c0c83553c76dc3ad
06_thermal_consistency/REPRODUCIBILITY_NOTES.md,1332,626a9479a39a19e0451ca7ee358598055113033a6add63df1ec46fe10414f320
06_thermal_consistency/plot_injection_production_temperature.py,3692,a3cb442aab10da026e4dfcc247ef7fcf4ebdb377fd55feeadcaead27bab3019e
06_thermal_consistency/run_joint_refinement.py,12279,4c5f418a99b8d084f64c69f8745c2c37e6bcc49b04781f32553ffb63d3eaabac
06_thermal_consistency/runs/M203T190C_S203A0p3x_S208A6x_alphaL25m/M203T190C_S203A0p3x_S208A6x_alphaL25m.prj,356877,52f6e0774feafa026b4d9ec23cd32aa53cd2c3775b80fcc06835b87003903d9b
06_thermal_consistency/runs/M203T190C_S203A0p3x_S208A6x_alphaL25m/input_mesh/D_diversion_outlet.vtu,1213,c3842ecc043bd4c158817ce52687bdcfdfa1d85b9f766c5a1024ba2d8a32fad5
06_thermal_consistency/runs/M203T190C_S203A0p3x_S208A6x_alphaL25m/input_mesh/M203_clean_water.vtu,1213,bfea0dbc2f5ac79dc9e016611d7d6e74432056043f7545721e23173b12e90bfe
06_thermal_consistency/runs/M203T190C_S203A0p3x_S208A6x_alphaL25m/input_mesh/M208_clean_water.vtu,1213,e20aa3f4515bc37ca8ae8c98aaf0c574d9ff071504bf7e96acec30606fd305a4
06_thermal_consistency/runs/M203T190C_S203A0p3x_S208A6x_alphaL25m/input_mesh/S.vtu,1213,c0ad2237434d279a145f44b48b2cac89a86d2c87338aafceaac4ee8a04f32a09
06_thermal_consistency/runs/M203T190C_S203A0p3x_S208A6x_alphaL25m/input_mesh/S203.vtu,1213,8896bb60ddc1c32c3b78cf8bff4689ad215021ee11b633b9138936e5ebd2cf2e
06_thermal_consistency/runs/M203T190C_S203A0p3x_S208A6x_alphaL25m/input_mesh/S208.vtu,1213,3a3fda078a6ed2e974f4744596d6c1fccef174af8c854b341ecc59fa5a938426
06_thermal_consistency/runs/M203T190C_S203A0p3x_S208A6x_alphaL25m/input_mesh/ZK203.vtu,1213,cb36b27735742795f2f4883d035f0e88f3b48fcaf9366221736ff55ffa73de1f
06_thermal_consistency/runs/M203T190C_S203A0p3x_S208A6x_alphaL25m/input_mesh/ZK208.vtu,1213,22519bea0b50f328ac4897eb050b1d102772b47b657095d3e287fdf5deac32bd
06_thermal_consistency/runs/M203T190C_S203A0p3x_S208A6x_alphaL25m/input_mesh/ZK403.vtu,1213,258cfa8878bdebd1db27c11cec5b9c00af7c30a827b6a19e715d0e90bd85fdb9
06_thermal_consistency/runs/M203T190C_S203A0p3x_S208A6x_alphaL25m/input_mesh/four_pipes_with_storage.vtu,15653,314d7ff7f9c198ae91c4f3ea57edb91c61a5cf9ceeaa897ae3bf0df0feae116a
06_thermal_consistency/runs/M203T190C_S203A0p3x_S208A6x_alphaL30m/M203T190C_S203A0p3x_S208A6x_alphaL30m.prj,356877,08ad2de49a3792518d4c15e75bff23dc6784bbc73d562010078a0931c36caf09
06_thermal_consistency/runs/M203T190C_S203A0p3x_S208A6x_alphaL30m/input_mesh/D_diversion_outlet.vtu,1213,c3842ecc043bd4c158817ce52687bdcfdfa1d85b9f766c5a1024ba2d8a32fad5
06_thermal_consistency/runs/M203T190C_S203A0p3x_S208A6x_alphaL30m/input_mesh/M203_clean_water.vtu,1213,bfea0dbc2f5ac79dc9e016611d7d6e74432056043f7545721e23173b12e90bfe
06_thermal_consistency/runs/M203T190C_S203A0p3x_S208A6x_alphaL30m/input_mesh/M208_clean_water.vtu,1213,e20aa3f4515bc37ca8ae8c98aaf0c574d9ff071504bf7e96acec30606fd305a4
06_thermal_consistency/runs/M203T190C_S203A0p3x_S208A6x_alphaL30m/input_mesh/S.vtu,1213,c0ad2237434d279a145f44b48b2cac89a86d2c87338aafceaac4ee8a04f32a09
06_thermal_consistency/runs/M203T190C_S203A0p3x_S208A6x_alphaL30m/input_mesh/S203.vtu,1213,8896bb60ddc1c32c3b78cf8bff4689ad215021ee11b633b9138936e5ebd2cf2e
06_thermal_consistency/runs/M203T190C_S203A0p3x_S208A6x_alphaL30m/input_mesh/S208.vtu,1213,3a3fda078a6ed2e974f4744596d6c1fccef174af8c854b341ecc59fa5a938426
06_thermal_consistency/runs/M203T190C_S203A0p3x_S208A6x_alphaL30m/input_mesh/ZK203.vtu,1213,cb36b27735742795f2f4883d035f0e88f3b48fcaf9366221736ff55ffa73de1f
06_thermal_consistency/runs/M203T190C_S203A0p3x_S208A6x_alphaL30m/input_mesh/ZK208.vtu,1213,22519bea0b50f328ac4897eb050b1d102772b47b657095d3e287fdf5deac32bd
06_thermal_consistency/runs/M203T190C_S203A0p3x_S208A6x_alphaL30m/input_mesh/ZK403.vtu,1213,258cfa8878bdebd1db27c11cec5b9c00af7c30a827b6a19e715d0e90bd85fdb9
06_thermal_consistency/runs/M203T190C_S203A0p3x_S208A6x_alphaL30m/input_mesh/four_pipes_with_storage.vtu,15653,314d7ff7f9c198ae91c4f3ea57edb91c61a5cf9ceeaa897ae3bf0df0feae116a
06_thermal_consistency/runs/M203T190C_S203A0p3x_S208A6x_alphaL35m/M203T190C_S203A0p3x_S208A6x_alphaL35m.prj,356877,d9a78f6850d0baea1a2903319f5da1f9fe8e246260d9b1edacf7ad77dfecb792
06_thermal_consistency/runs/M203T190C_S203A0p3x_S208A6x_alphaL35m/input_mesh/D_diversion_outlet.vtu,1213,c3842ecc043bd4c158817ce52687bdcfdfa1d85b9f766c5a1024ba2d8a32fad5
06_thermal_consistency/runs/M203T190C_S203A0p3x_S208A6x_alphaL35m/input_mesh/M203_clean_water.vtu,1213,bfea0dbc2f5ac79dc9e016611d7d6e74432056043f7545721e23173b12e90bfe
06_thermal_consistency/runs/M203T190C_S203A0p3x_S208A6x_alphaL35m/input_mesh/M208_clean_water.vtu,1213,e20aa3f4515bc37ca8ae8c98aaf0c574d9ff071504bf7e96acec30606fd305a4
06_thermal_consistency/runs/M203T190C_S203A0p3x_S208A6x_alphaL35m/input_mesh/S.vtu,1213,c0ad2237434d279a145f44b48b2cac89a86d2c87338aafceaac4ee8a04f32a09
06_thermal_consistency/runs/M203T190C_S203A0p3x_S208A6x_alphaL35m/input_mesh/S203.vtu,1213,8896bb60ddc1c32c3b78cf8bff4689ad215021ee11b633b9138936e5ebd2cf2e
06_thermal_consistency/runs/M203T190C_S203A0p3x_S208A6x_alphaL35m/input_mesh/S208.vtu,1213,3a3fda078a6ed2e974f4744596d6c1fccef174af8c854b341ecc59fa5a938426
06_thermal_consistency/runs/M203T190C_S203A0p3x_S208A6x_alphaL35m/input_mesh/ZK203.vtu,1213,cb36b27735742795f2f4883d035f0e88f3b48fcaf9366221736ff55ffa73de1f
06_thermal_consistency/runs/M203T190C_S203A0p3x_S208A6x_alphaL35m/input_mesh/ZK208.vtu,1213,22519bea0b50f328ac4897eb050b1d102772b47b657095d3e287fdf5deac32bd
06_thermal_consistency/runs/M203T190C_S203A0p3x_S208A6x_alphaL35m/input_mesh/ZK403.vtu,1213,258cfa8878bdebd1db27c11cec5b9c00af7c30a827b6a19e715d0e90bd85fdb9
06_thermal_consistency/runs/M203T190C_S203A0p3x_S208A6x_alphaL35m/input_mesh/four_pipes_with_storage.vtu,15653,314d7ff7f9c198ae91c4f3ea57edb91c61a5cf9ceeaa897ae3bf0df0feae116a
06_thermal_consistency/runs/M203T192C_S203A0p3x_S208A6x_alphaL25m/M203T192C_S203A0p3x_S208A6x_alphaL25m.prj,356877,0adf2639d63e0b9d54989be6e55536803b12e915e2799867d8a84f6bdabe8238
06_thermal_consistency/runs/M203T192C_S203A0p3x_S208A6x_alphaL25m/input_mesh/D_diversion_outlet.vtu,1213,c3842ecc043bd4c158817ce52687bdcfdfa1d85b9f766c5a1024ba2d8a32fad5
06_thermal_consistency/runs/M203T192C_S203A0p3x_S208A6x_alphaL25m/input_mesh/M203_clean_water.vtu,1213,bfea0dbc2f5ac79dc9e016611d7d6e74432056043f7545721e23173b12e90bfe
06_thermal_consistency/runs/M203T192C_S203A0p3x_S208A6x_alphaL25m/input_mesh/M208_clean_water.vtu,1213,e20aa3f4515bc37ca8ae8c98aaf0c574d9ff071504bf7e96acec30606fd305a4
06_thermal_consistency/runs/M203T192C_S203A0p3x_S208A6x_alphaL25m/input_mesh/S.vtu,1213,c0ad2237434d279a145f44b48b2cac89a86d2c87338aafceaac4ee8a04f32a09
06_thermal_consistency/runs/M203T192C_S203A0p3x_S208A6x_alphaL25m/input_mesh/S203.vtu,1213,8896bb60ddc1c32c3b78cf8bff4689ad215021ee11b633b9138936e5ebd2cf2e
06_thermal_consistency/runs/M203T192C_S203A0p3x_S208A6x_alphaL25m/input_mesh/S208.vtu,1213,3a3fda078a6ed2e974f4744596d6c1fccef174af8c854b341ecc59fa5a938426
06_thermal_consistency/runs/M203T192C_S203A0p3x_S208A6x_alphaL25m/input_mesh/ZK203.vtu,1213,cb36b27735742795f2f4883d035f0e88f3b48fcaf9366221736ff55ffa73de1f
06_thermal_consistency/runs/M203T192C_S203A0p3x_S208A6x_alphaL25m/input_mesh/ZK208.vtu,1213,22519bea0b50f328ac4897eb050b1d102772b47b657095d3e287fdf5deac32bd
06_thermal_consistency/runs/M203T192C_S203A0p3x_S208A6x_alphaL25m/input_mesh/ZK403.vtu,1213,258cfa8878bdebd1db27c11cec5b9c00af7c30a827b6a19e715d0e90bd85fdb9
06_thermal_consistency/runs/M203T192C_S203A0p3x_S208A6x_alphaL25m/input_mesh/four_pipes_with_storage.vtu,15653,314d7ff7f9c198ae91c4f3ea57edb91c61a5cf9ceeaa897ae3bf0df0feae116a
06_thermal_consistency/runs/M203T192C_S203A0p3x_S208A6x_alphaL30m/M203T192C_S203A0p3x_S208A6x_alphaL30m.prj,356877,9708d78663b0fe5dca3db4b6ab321eb3416ace685b1187f3950ec2c901d9e261
06_thermal_consistency/runs/M203T192C_S203A0p3x_S208A6x_alphaL30m/input_mesh/D_diversion_outlet.vtu,1213,c3842ecc043bd4c158817ce52687bdcfdfa1d85b9f766c5a1024ba2d8a32fad5
06_thermal_consistency/runs/M203T192C_S203A0p3x_S208A6x_alphaL30m/input_mesh/M203_clean_water.vtu,1213,bfea0dbc2f5ac79dc9e016611d7d6e74432056043f7545721e23173b12e90bfe
06_thermal_consistency/runs/M203T192C_S203A0p3x_S208A6x_alphaL30m/input_mesh/M208_clean_water.vtu,1213,e20aa3f4515bc37ca8ae8c98aaf0c574d9ff071504bf7e96acec30606fd305a4
06_thermal_consistency/runs/M203T192C_S203A0p3x_S208A6x_alphaL30m/input_mesh/S.vtu,1213,c0ad2237434d279a145f44b48b2cac89a86d2c87338aafceaac4ee8a04f32a09
06_thermal_consistency/runs/M203T192C_S203A0p3x_S208A6x_alphaL30m/input_mesh/S203.vtu,1213,8896bb60ddc1c32c3b78cf8bff4689ad215021ee11b633b9138936e5ebd2cf2e
06_thermal_consistency/runs/M203T192C_S203A0p3x_S208A6x_alphaL30m/input_mesh/S208.vtu,1213,3a3fda078a6ed2e974f4744596d6c1fccef174af8c854b341ecc59fa5a938426
06_thermal_consistency/runs/M203T192C_S203A0p3x_S208A6x_alphaL30m/input_mesh/ZK203.vtu,1213,cb36b27735742795f2f4883d035f0e88f3b48fcaf9366221736ff55ffa73de1f
06_thermal_consistency/runs/M203T192C_S203A0p3x_S208A6x_alphaL30m/input_mesh/ZK208.vtu,1213,22519bea0b50f328ac4897eb050b1d102772b47b657095d3e287fdf5deac32bd
06_thermal_consistency/runs/M203T192C_S203A0p3x_S208A6x_alphaL30m/input_mesh/ZK403.vtu,1213,258cfa8878bdebd1db27c11cec5b9c00af7c30a827b6a19e715d0e90bd85fdb9
06_thermal_consistency/runs/M203T192C_S203A0p3x_S208A6x_alphaL30m/input_mesh/four_pipes_with_storage.vtu,15653,314d7ff7f9c198ae91c4f3ea57edb91c61a5cf9ceeaa897ae3bf0df0feae116a
06_thermal_consistency/runs/M203T192C_S203A0p3x_S208A6x_alphaL35m/M203T192C_S203A0p3x_S208A6x_alphaL35m.prj,356877,f4ad3dc1743caeceabba35ddb26c428ff2e85327186d85c8389fc4088bd852d4
06_thermal_consistency/runs/M203T192C_S203A0p3x_S208A6x_alphaL35m/input_mesh/D_diversion_outlet.vtu,1213,c3842ecc043bd4c158817ce52687bdcfdfa1d85b9f766c5a1024ba2d8a32fad5
06_thermal_consistency/runs/M203T192C_S203A0p3x_S208A6x_alphaL35m/input_mesh/M203_clean_water.vtu,1213,bfea0dbc2f5ac79dc9e016611d7d6e74432056043f7545721e23173b12e90bfe
06_thermal_consistency/runs/M203T192C_S203A0p3x_S208A6x_alphaL35m/input_mesh/M208_clean_water.vtu,1213,e20aa3f4515bc37ca8ae8c98aaf0c574d9ff071504bf7e96acec30606fd305a4
06_thermal_consistency/runs/M203T192C_S203A0p3x_S208A6x_alphaL35m/input_mesh/S.vtu,1213,c0ad2237434d279a145f44b48b2cac89a86d2c87338aafceaac4ee8a04f32a09
06_thermal_consistency/runs/M203T192C_S203A0p3x_S208A6x_alphaL35m/input_mesh/S203.vtu,1213,8896bb60ddc1c32c3b78cf8bff4689ad215021ee11b633b9138936e5ebd2cf2e
06_thermal_consistency/runs/M203T192C_S203A0p3x_S208A6x_alphaL35m/input_mesh/S208.vtu,1213,3a3fda078a6ed2e974f4744596d6c1fccef174af8c854b341ecc59fa5a938426
06_thermal_consistency/runs/M203T192C_S203A0p3x_S208A6x_alphaL35m/input_mesh/ZK203.vtu,1213,cb36b27735742795f2f4883d035f0e88f3b48fcaf9366221736ff55ffa73de1f
06_thermal_consistency/runs/M203T192C_S203A0p3x_S208A6x_alphaL35m/input_mesh/ZK208.vtu,1213,22519bea0b50f328ac4897eb050b1d102772b47b657095d3e287fdf5deac32bd
06_thermal_consistency/runs/M203T192C_S203A0p3x_S208A6x_alphaL35m/input_mesh/ZK403.vtu,1213,258cfa8878bdebd1db27c11cec5b9c00af7c30a827b6a19e715d0e90bd85fdb9
06_thermal_consistency/runs/M203T192C_S203A0p3x_S208A6x_alphaL35m/input_mesh/four_pipes_with_storage.vtu,15653,314d7ff7f9c198ae91c4f3ea57edb91c61a5cf9ceeaa897ae3bf0df0feae116a
06_thermal_consistency/runs/M203T194C_S203A0p3x_S208A6x_alphaL25m/M203T194C_S203A0p3x_S208A6x_alphaL25m.prj,356877,f779bb98643c08773ed7162a95e970a2a05937018d655bbf77f4af87838d3daf
06_thermal_consistency/runs/M203T194C_S203A0p3x_S208A6x_alphaL25m/input_mesh/D_diversion_outlet.vtu,1213,c3842ecc043bd4c158817ce52687bdcfdfa1d85b9f766c5a1024ba2d8a32fad5
06_thermal_consistency/runs/M203T194C_S203A0p3x_S208A6x_alphaL25m/input_mesh/M203_clean_water.vtu,1213,bfea0dbc2f5ac79dc9e016611d7d6e74432056043f7545721e23173b12e90bfe
06_thermal_consistency/runs/M203T194C_S203A0p3x_S208A6x_alphaL25m/input_mesh/M208_clean_water.vtu,1213,e20aa3f4515bc37ca8ae8c98aaf0c574d9ff071504bf7e96acec30606fd305a4
06_thermal_consistency/runs/M203T194C_S203A0p3x_S208A6x_alphaL25m/input_mesh/S.vtu,1213,c0ad2237434d279a145f44b48b2cac89a86d2c87338aafceaac4ee8a04f32a09
06_thermal_consistency/runs/M203T194C_S203A0p3x_S208A6x_alphaL25m/input_mesh/S203.vtu,1213,8896bb60ddc1c32c3b78cf8bff4689ad215021ee11b633b9138936e5ebd2cf2e
06_thermal_consistency/runs/M203T194C_S203A0p3x_S208A6x_alphaL25m/input_mesh/S208.vtu,1213,3a3fda078a6ed2e974f4744596d6c1fccef174af8c854b341ecc59fa5a938426
06_thermal_consistency/runs/M203T194C_S203A0p3x_S208A6x_alphaL25m/input_mesh/ZK203.vtu,1213,cb36b27735742795f2f4883d035f0e88f3b48fcaf9366221736ff55ffa73de1f
06_thermal_consistency/runs/M203T194C_S203A0p3x_S208A6x_alphaL25m/input_mesh/ZK208.vtu,1213,22519bea0b50f328ac4897eb050b1d102772b47b657095d3e287fdf5deac32bd
06_thermal_consistency/runs/M203T194C_S203A0p3x_S208A6x_alphaL25m/input_mesh/ZK403.vtu,1213,258cfa8878bdebd1db27c11cec5b9c00af7c30a827b6a19e715d0e90bd85fdb9
06_thermal_consistency/runs/M203T194C_S203A0p3x_S208A6x_alphaL25m/input_mesh/four_pipes_with_storage.vtu,15653,314d7ff7f9c198ae91c4f3ea57edb91c61a5cf9ceeaa897ae3bf0df0feae116a
06_thermal_consistency/runs/M203T194C_S203A0p3x_S208A6x_alphaL30m/M203T194C_S203A0p3x_S208A6x_alphaL30m.prj,356877,8eb7fe16abb7e576bdbaf4693f3ae16de1b8a72f1be86ccd70bef264db2b01df
06_thermal_consistency/runs/M203T194C_S203A0p3x_S208A6x_alphaL30m/input_mesh/D_diversion_outlet.vtu,1213,c3842ecc043bd4c158817ce52687bdcfdfa1d85b9f766c5a1024ba2d8a32fad5
06_thermal_consistency/runs/M203T194C_S203A0p3x_S208A6x_alphaL30m/input_mesh/M203_clean_water.vtu,1213,bfea0dbc2f5ac79dc9e016611d7d6e74432056043f7545721e23173b12e90bfe
06_thermal_consistency/runs/M203T194C_S203A0p3x_S208A6x_alphaL30m/input_mesh/M208_clean_water.vtu,1213,e20aa3f4515bc37ca8ae8c98aaf0c574d9ff071504bf7e96acec30606fd305a4
06_thermal_consistency/runs/M203T194C_S203A0p3x_S208A6x_alphaL30m/input_mesh/S.vtu,1213,c0ad2237434d279a145f44b48b2cac89a86d2c87338aafceaac4ee8a04f32a09
06_thermal_consistency/runs/M203T194C_S203A0p3x_S208A6x_alphaL30m/input_mesh/S203.vtu,1213,8896bb60ddc1c32c3b78cf8bff4689ad215021ee11b633b9138936e5ebd2cf2e
06_thermal_consistency/runs/M203T194C_S203A0p3x_S208A6x_alphaL30m/input_mesh/S208.vtu,1213,3a3fda078a6ed2e974f4744596d6c1fccef174af8c854b341ecc59fa5a938426
06_thermal_consistency/runs/M203T194C_S203A0p3x_S208A6x_alphaL30m/input_mesh/ZK203.vtu,1213,cb36b27735742795f2f4883d035f0e88f3b48fcaf9366221736ff55ffa73de1f
06_thermal_consistency/runs/M203T194C_S203A0p3x_S208A6x_alphaL30m/input_mesh/ZK208.vtu,1213,22519bea0b50f328ac4897eb050b1d102772b47b657095d3e287fdf5deac32bd
06_thermal_consistency/runs/M203T194C_S203A0p3x_S208A6x_alphaL30m/input_mesh/ZK403.vtu,1213,258cfa8878bdebd1db27c11cec5b9c00af7c30a827b6a19e715d0e90bd85fdb9
06_thermal_consistency/runs/M203T194C_S203A0p3x_S208A6x_alphaL30m/input_mesh/four_pipes_with_storage.vtu,15653,314d7ff7f9c198ae91c4f3ea57edb91c61a5cf9ceeaa897ae3bf0df0feae116a
06_thermal_consistency/runs/M203T194C_S203A0p3x_S208A6x_alphaL35m/M203T194C_S203A0p3x_S208A6x_alphaL35m.prj,356877,df07ea5fc1c81d66759c41d3f6ffbfd3b398cd03a10325e9f4ab4cef8e79a42c
06_thermal_consistency/runs/M203T194C_S203A0p3x_S208A6x_alphaL35m/input_mesh/D_diversion_outlet.vtu,1213,c3842ecc043bd4c158817ce52687bdcfdfa1d85b9f766c5a1024ba2d8a32fad5
06_thermal_consistency/runs/M203T194C_S203A0p3x_S208A6x_alphaL35m/input_mesh/M203_clean_water.vtu,1213,bfea0dbc2f5ac79dc9e016611d7d6e74432056043f7545721e23173b12e90bfe
06_thermal_consistency/runs/M203T194C_S203A0p3x_S208A6x_alphaL35m/input_mesh/M208_clean_water.vtu,1213,e20aa3f4515bc37ca8ae8c98aaf0c574d9ff071504bf7e96acec30606fd305a4
06_thermal_consistency/runs/M203T194C_S203A0p3x_S208A6x_alphaL35m/input_mesh/S.vtu,1213,c0ad2237434d279a145f44b48b2cac89a86d2c87338aafceaac4ee8a04f32a09
06_thermal_consistency/runs/M203T194C_S203A0p3x_S208A6x_alphaL35m/input_mesh/S203.vtu,1213,8896bb60ddc1c32c3b78cf8bff4689ad215021ee11b633b9138936e5ebd2cf2e
06_thermal_consistency/runs/M203T194C_S203A0p3x_S208A6x_alphaL35m/input_mesh/S208.vtu,1213,3a3fda078a6ed2e974f4744596d6c1fccef174af8c854b341ecc59fa5a938426
06_thermal_consistency/runs/M203T194C_S203A0p3x_S208A6x_alphaL35m/input_mesh/ZK203.vtu,1213,cb36b27735742795f2f4883d035f0e88f3b48fcaf9366221736ff55ffa73de1f
06_thermal_consistency/runs/M203T194C_S203A0p3x_S208A6x_alphaL35m/input_mesh/ZK208.vtu,1213,22519bea0b50f328ac4897eb050b1d102772b47b657095d3e287fdf5deac32bd
06_thermal_consistency/runs/M203T194C_S203A0p3x_S208A6x_alphaL35m/input_mesh/ZK403.vtu,1213,258cfa8878bdebd1db27c11cec5b9c00af7c30a827b6a19e715d0e90bd85fdb9
06_thermal_consistency/runs/M203T194C_S203A0p3x_S208A6x_alphaL35m/input_mesh/four_pipes_with_storage.vtu,15653,314d7ff7f9c198ae91c4f3ea57edb91c61a5cf9ceeaa897ae3bf0df0feae116a
07_field_observations/README.md,1676,5ed43367e0c5811143212adb22d64fd780a9c329733566727daef73a52b1bccc
07_field_observations/hydraulic/clean_six_line_pressure_data.xlsx,15431,3a52391485ae0c17a8c5767b50b44703a3433a713c10189429b90bfef780d413
07_field_observations/hydraulic/observed_monitoring_delta_head.csv,9836,f4bffd342d752a285541498f628b27b25ea89bf4f3485b2c16dae91b523729a4
07_field_observations/hydraulic/ogs_source_curves_after20190113_outlier_checked.csv,19722,d96cd50079c298afff79f1468683fc1ef9023ebcc0d75de754486e434e0aa29b
07_field_observations/hydraulic/yangyi_after_20190113_for_ogs.xlsx,92309,146afea6df89a8efd3079b2b4f62998bfaddf7d28d4382f65e1e68a151c0d703
07_field_observations/tracer/observed_tracer_ZK203_ZK208.csv,4746,dd1dab67910f54e052f553c36712d7ff64167e0bbe66a6fd58b504db1147bb44
08_postprocessing_scripts/DFN_LRZ_calibration/compare_simulated_observed_head_change.py,22166,9d9bea04d5a70e4d23ba879f30d9b3edd8d80005618f8919380ef93904838e84
08_postprocessing_scripts/DFN_LRZ_calibration/run_head_refinement.py,3008,ebcad583ab93ebe1f94aaa6fcb7631b12d88cecb2659bb40afea14ef64407009
08_postprocessing_scripts/DFN_LRZ_calibration/run_joint_calibration.py,19040,2ffc1b3d712e767630437c0735fa1b576d1d50c2ee999c0a5e1a6ca74fa91174
08_postprocessing_scripts/DFN_LRZ_calibration/run_random_calibration.py,12518,ba76c7acfe72efd5f95d71d9734b262bdcde795ab2d43e664bf0176e7582ff93
08_postprocessing_scripts/DFN_LRZ_calibration/run_refined_calibration.py,1059,b23a6e604fe3403596b4c31c71217f6131782be09e5565957df265568335c3d3
08_postprocessing_scripts/README.md,3250,8df15dc7a6f6e91869929cfc32ba363477e1e63b2b9dd937044811c4e8b81f53
08_postprocessing_scripts/audit_repository.py,6116,8dae20ce38c6a0c45c2e90e4e0236f2634d2c7e30b47a9b93b90a86db72e9a25
08_postprocessing_scripts/four_model_comparison/build_cases.py,8157,61fb114194ee0e2f76f3769c6c3edac0e39f92f36b14ad21961f54b6562f2f25
08_postprocessing_scripts/four_model_comparison/plot_final_field_comparisons.py,4440,6d688bbed8bdbedfd768042ee85945b3e8b93e9a70b28fd19c30e843004c2ddb
08_postprocessing_scripts/four_model_comparison/plot_monitoring_head_comparisons.py,21100,7a168712219706c18b893fc88d037cdd31bab9e13d6edab3c3086c3c40f2ade5
08_postprocessing_scripts/four_model_comparison/plot_well_pressure_comparisons.py,17181,5824be6746a4863afbb273fffcfae29e2fd2e0ab10d79e377cfc91ea7891a108
08_postprocessing_scripts/full_DFNM/compare_simulated_observed_head_change_after20190113.py,22166,9d9bea04d5a70e4d23ba879f30d9b3edd8d80005618f8919380ef93904838e84
08_postprocessing_scripts/geometry/assign_lowres_materialid.py,3241,209d5ea80abb72e595468636e91ea308ed038ec1b03245510627eb1be1bce7fb
08_postprocessing_scripts/geometry/assign_well_cells_material_intersections_vtu.py,14362,025575c07f55710340fae5dc85e1c2abef4f330e1bcc19ba06f205f656181817
08_postprocessing_scripts/geometry/estimate_fault_parameters_from_vtp.py,11171,174ba32d95da0fc8924153a8821b7dbaac90b163b936cdfb345213f59b779598
08_postprocessing_scripts/geometry/extract_six_faces_vtu.py,10367,5a85ce3a10339fdca498ede5392b9115f14747db21a86e521e72c9df44050de1
08_postprocessing_scripts/geometry/generate_yangyi_dfn_split_outputs.py,25540,01923716e0cceabb0c0a66e67d229923286c9febcec6e2f33ea367fb0917f904
08_postprocessing_scripts/make_tracer_projects_portable.py,958,f8cffa94b201d32de68b6b8697500407867a790f6c5bafe6aded2b31512c1f31
08_postprocessing_scripts/thermal/plot_injection_production_temperature.py,3692,a3cb442aab10da026e4dfcc247ef7fcf4ebdb377fd55feeadcaead27bab3019e
08_postprocessing_scripts/thermal/run_joint_refinement.py,12279,4c5f418a99b8d084f64c69f8745c2c37e6bcc49b04781f32553ffb63d3eaabac
08_postprocessing_scripts/tracer/plot_best_case_single_axis.py,2156,b02b2f46b600b376f1aa84be3c3f1b121c362fcab04f13e85542660c508063e5
08_postprocessing_scripts/tracer/run_joint_sweep.py,17673,8c31c73c1474f9984e746ae08e336c4a4da46379c74a8cb602edd46010e1d9f0
AUDIT_REPORT.md,7022,777f2ca455884035cccb04778b05cfc2cb62b97a51ddef478ac620f9a0d536b8
CASE_INDEX.csv,9441,b8a068e11d34ed27f6839aceca24df4a359c95adfe9221a4519fe8e67c7f06c0
DEPENDENCY_AUDIT.csv,276177,0fb4018dbe29a9121b533355ec6f6ab3dbb332309830ba4a5b3ff42d4ec6f800
README.md,12601,72a40ec40cb3eed0ab48b9ed8d304da3992c1ae5771bc5b12d83dcba760ced0a
