Name,POINT_X,POINT_Y,RASTERVALU,TD_M
ZK403,245597,3292274,4724.200195,789.4000244
