Name,POINT_X,POINT_Y,RASTERVALU,TD_M
ZK208,245661,3290848,4665.700195,312.8999939
